[27июл.2024 20:31:52.493] [main/INFO] [cpw.mods.modlauncher.Launcher/MODLAUNCHER]: ModLauncher running: args [--launchTarget, forgeclientuserdev, --version, 20.6.117, --assetIndex, asset-index, --assetsDir, C:\Users\nikda\.mcreator\gradle\caches\minecraft\assets\1.20.6, --gameDir, ., --fml.neoForgeVersion, 20.6.117, --fml.fmlVersion, 3.0.45, --fml.mcVersion, 1.20.6, --fml.neoFormVersion, 20240429.153634]
[27июл.2024 20:31:52.496] [main/INFO] [cpw.mods.modlauncher.Launcher/MODLAUNCHER]: JVM identified as Eclipse Adoptium OpenJDK 64-Bit Server VM 21.0.3+9-LTS
[27июл.2024 20:31:52.498] [main/INFO] [cpw.mods.modlauncher.Launcher/MODLAUNCHER]: ModLauncher 11.0.2+main.4612c65f starting: java version 21.0.3 by Eclipse Adoptium; OS Windows 10 arch amd64 version 10.0
[27июл.2024 20:31:52.517] [main/DEBUG] [cpw.mods.modlauncher.LaunchServiceHandler/MODLAUNCHER]: Found launch services [minecraft,forgeclient,forgedatauserdev,testharness,forgeserverdev,forgeserveruserdev,forgejunitdev,forgeclientdev,forgeclientuserdev,forgeserver,forgejunituserdev,forgedatadev]
[27июл.2024 20:31:52.534] [main/DEBUG] [cpw.mods.modlauncher.LaunchPluginHandler/MODLAUNCHER]: Found launch plugins: [mixin,slf4jfixer,runtime_enum_extender,accesstransformer,runtimedistcleaner]
[27июл.2024 20:31:52.544] [main/DEBUG] [cpw.mods.modlauncher.TransformationServicesHandler/MODLAUNCHER]: Discovering transformation services
[27июл.2024 20:31:52.548] [main/DEBUG] [net.neoforged.fml.loading.FMLPaths/CORE]: Path GAMEDIR is G:\P MCreator\Workspace\truedarkness — копия\runs\client
[27июл.2024 20:31:52.548] [main/DEBUG] [net.neoforged.fml.loading.FMLPaths/CORE]: Path MODSDIR is G:\P MCreator\Workspace\truedarkness — копия\runs\client\mods
[27июл.2024 20:31:52.548] [main/DEBUG] [net.neoforged.fml.loading.FMLPaths/CORE]: Path CONFIGDIR is G:\P MCreator\Workspace\truedarkness — копия\runs\client\config
[27июл.2024 20:31:52.549] [main/DEBUG] [net.neoforged.fml.loading.FMLPaths/CORE]: Path FMLCONFIG is G:\P MCreator\Workspace\truedarkness — копия\runs\client\config\fml.toml
[27июл.2024 20:31:52.578] [main/TRACE] [net.neoforged.fml.loading.FMLConfig/CORE]: Loaded FML config from G:\P MCreator\Workspace\truedarkness — копия\runs\client\config\fml.toml
[27июл.2024 20:31:52.578] [main/TRACE] [net.neoforged.fml.loading.FMLConfig/CORE]: FMLConfig disableConfigWatcher is false
[27июл.2024 20:31:52.578] [main/TRACE] [net.neoforged.fml.loading.FMLConfig/CORE]: FMLConfig earlyWindowControl is true
[27июл.2024 20:31:52.578] [main/TRACE] [net.neoforged.fml.loading.FMLConfig/CORE]: FMLConfig maxThreads is 12
[27июл.2024 20:31:52.579] [main/TRACE] [net.neoforged.fml.loading.FMLConfig/CORE]: FMLConfig versionCheck is true
[27июл.2024 20:31:52.579] [main/TRACE] [net.neoforged.fml.loading.FMLConfig/CORE]: FMLConfig defaultConfigPath is defaultconfigs
[27июл.2024 20:31:52.579] [main/TRACE] [net.neoforged.fml.loading.FMLConfig/CORE]: FMLConfig disableOptimizedDFU is true
[27июл.2024 20:31:52.579] [main/TRACE] [net.neoforged.fml.loading.FMLConfig/CORE]: FMLConfig earlyWindowProvider is fmlearlywindow
[27июл.2024 20:31:52.579] [main/TRACE] [net.neoforged.fml.loading.FMLConfig/CORE]: FMLConfig earlyWindowWidth is 854
[27июл.2024 20:31:52.579] [main/TRACE] [net.neoforged.fml.loading.FMLConfig/CORE]: FMLConfig earlyWindowHeight is 480
[27июл.2024 20:31:52.579] [main/TRACE] [net.neoforged.fml.loading.FMLConfig/CORE]: FMLConfig earlyWindowFBScale is 1
[27июл.2024 20:31:52.579] [main/TRACE] [net.neoforged.fml.loading.FMLConfig/CORE]: FMLConfig earlyWindowMaximized is false
[27июл.2024 20:31:52.579] [main/TRACE] [net.neoforged.fml.loading.FMLConfig/CORE]: FMLConfig earlyWindowSkipGLVersions is []
[27июл.2024 20:31:52.579] [main/TRACE] [net.neoforged.fml.loading.FMLConfig/CORE]: FMLConfig earlyWindowSquir is false
[27июл.2024 20:31:52.587] [main/DEBUG] [net.neoforged.fml.loading.targets.CommonLaunchHandler/CORE]: Got mod coordinates truedarkness — копия%%G:\P MCreator\Workspace\truedarkness — копия\build\resources\main;truedarkness — копия%%G:\P MCreator\Workspace\truedarkness — копия\build\classes\java\main from env
[27июл.2024 20:31:52.589] [main/DEBUG] [net.neoforged.fml.loading.targets.CommonLaunchHandler/CORE]: Found supplied mod coordinates [{truedarkness — копия=[G:\P MCreator\Workspace\truedarkness — копия\build\resources\main, G:\P MCreator\Workspace\truedarkness — копия\build\classes\java\main]}]
[27июл.2024 20:31:52.592] [main/DEBUG] [cpw.mods.modlauncher.TransformationServicesHandler/MODLAUNCHER]: Found additional transformation services from discovery services: 
[27июл.2024 20:31:52.597] [main/INFO] [net.neoforged.fml.loading.ImmediateWindowHandler/]: Loading ImmediateWindowProvider fmlearlywindow
[27июл.2024 20:31:52.679] [main/INFO] [EARLYDISPLAY/]: Trying GL version 4.6
[27июл.2024 20:31:52.743] [main/INFO] [EARLYDISPLAY/]: Requested GL version 4.6 got version 4.6
[27июл.2024 20:31:52.791] [main/DEBUG] [cpw.mods.modlauncher.TransformationServicesHandler/MODLAUNCHER]: Found transformer services : [mixin,mixin-synthetic-package,fml]
[27июл.2024 20:31:52.792] [main/DEBUG] [cpw.mods.modlauncher.TransformationServicesHandler/MODLAUNCHER]: Transformation services loading
[27июл.2024 20:31:52.792] [main/DEBUG] [cpw.mods.modlauncher.TransformationServiceDecorator/MODLAUNCHER]: Loading service mixin
[27июл.2024 20:31:52.792] [main/DEBUG] [cpw.mods.modlauncher.TransformationServiceDecorator/MODLAUNCHER]: Loaded service mixin
[27июл.2024 20:31:52.792] [main/DEBUG] [cpw.mods.modlauncher.TransformationServiceDecorator/MODLAUNCHER]: Loading service mixin-synthetic-package
[27июл.2024 20:31:52.793] [main/DEBUG] [cpw.mods.modlauncher.TransformationServiceDecorator/MODLAUNCHER]: Loaded service mixin-synthetic-package
[27июл.2024 20:31:52.793] [main/DEBUG] [cpw.mods.modlauncher.TransformationServiceDecorator/MODLAUNCHER]: Loading service fml
[27июл.2024 20:31:52.793] [main/DEBUG] [net.neoforged.fml.loading.FMLLoader/CORE]: FML 3.0.45 loading
[27июл.2024 20:31:52.793] [main/DEBUG] [net.neoforged.fml.loading.FMLLoader/CORE]: FML found ModLauncher version : 11.0.2+main.4612c65f
[27июл.2024 20:31:52.794] [main/DEBUG] [net.neoforged.fml.loading.FMLLoader/CORE]: FML found AccessTransformer version : 10.0.1+139da711
[27июл.2024 20:31:52.794] [main/DEBUG] [net.neoforged.fml.loading.FMLLoader/CORE]: FML found EventBus version : null
[27июл.2024 20:31:52.794] [main/DEBUG] [net.neoforged.fml.loading.FMLLoader/CORE]: Found Runtime Dist Cleaner
[27июл.2024 20:31:52.794] [main/DEBUG] [cpw.mods.modlauncher.TransformationServiceDecorator/MODLAUNCHER]: Loaded service fml
[27июл.2024 20:31:52.795] [main/DEBUG] [cpw.mods.modlauncher.TransformationServicesHandler/MODLAUNCHER]: Configuring option handling for services
[27июл.2024 20:31:52.808] [main/DEBUG] [net.neoforged.fml.loading.FMLServiceProvider/CORE]: Received command line version data  : VersionInfo[neoForgeVersion=20.6.117, fmlVersion=3.0.45, mcVersion=1.20.6, neoFormVersion=20240429.153634]
[27июл.2024 20:31:52.808] [main/DEBUG] [cpw.mods.modlauncher.TransformationServicesHandler/MODLAUNCHER]: Transformation services initializing
[27июл.2024 20:31:52.809] [main/DEBUG] [cpw.mods.modlauncher.TransformationServiceDecorator/MODLAUNCHER]: Initializing transformation service mixin
[27июл.2024 20:31:52.817] [main/DEBUG] [mixin/]: MixinService [ModLauncher] was successfully booted in cpw.mods.cl.ModuleClassLoader@14a2f921
[27июл.2024 20:31:52.829] [main/INFO] [mixin/]: SpongePowered MIXIN Subsystem Version=0.8.5 Source=union:/C:/Users/nikda/.mcreator/gradle/caches/modules-2/files-2.1/net.fabricmc/sponge-mixin/0.13.4+mixin.0.8.5/8adf0cff1795a169141b9e16ad7b9f6e2527a990/sponge-mixin-0.13.4+mixin.0.8.5.jar%23136!/ Service=ModLauncher Env=CLIENT
[27июл.2024 20:31:52.831] [main/DEBUG] [mixin/]: Initialising Mixin Platform Manager
[27июл.2024 20:31:52.832] [main/DEBUG] [mixin/]: Adding mixin platform agents for container ModLauncher Root Container(ModLauncher:4f56a0a2)
[27июл.2024 20:31:52.833] [main/DEBUG] [mixin/]: Instancing new MixinPlatformAgentMinecraftForge for ModLauncher Root Container(ModLauncher:4f56a0a2)
[27июл.2024 20:31:52.833] [main/DEBUG] [mixin/]: MixinPlatformAgentMinecraftForge rejected container ModLauncher Root Container(ModLauncher:4f56a0a2)
[27июл.2024 20:31:52.833] [main/DEBUG] [mixin/]: Instancing new MixinPlatformAgentDefault for ModLauncher Root Container(ModLauncher:4f56a0a2)
[27июл.2024 20:31:52.834] [main/DEBUG] [mixin/]: MixinPlatformAgentDefault accepted container ModLauncher Root Container(ModLauncher:4f56a0a2)
[27июл.2024 20:31:52.836] [main/DEBUG] [cpw.mods.modlauncher.TransformationServiceDecorator/MODLAUNCHER]: Initialized transformation service mixin
[27июл.2024 20:31:52.836] [main/DEBUG] [cpw.mods.modlauncher.TransformationServiceDecorator/MODLAUNCHER]: Initializing transformation service mixin-synthetic-package
[27июл.2024 20:31:52.836] [main/DEBUG] [cpw.mods.modlauncher.TransformationServiceDecorator/MODLAUNCHER]: Initialized transformation service mixin-synthetic-package
[27июл.2024 20:31:52.836] [main/DEBUG] [cpw.mods.modlauncher.TransformationServiceDecorator/MODLAUNCHER]: Initializing transformation service fml
[27июл.2024 20:31:52.836] [main/DEBUG] [net.neoforged.fml.loading.FMLServiceProvider/CORE]: Setting up basic FML game directories
[27июл.2024 20:31:52.837] [main/DEBUG] [net.neoforged.fml.loading.FMLPaths/CORE]: Path GAMEDIR is G:\P MCreator\Workspace\truedarkness — копия\runs\client
[27июл.2024 20:31:52.837] [main/DEBUG] [net.neoforged.fml.loading.FMLPaths/CORE]: Path MODSDIR is G:\P MCreator\Workspace\truedarkness — копия\runs\client\mods
[27июл.2024 20:31:52.837] [main/DEBUG] [net.neoforged.fml.loading.FMLPaths/CORE]: Path CONFIGDIR is G:\P MCreator\Workspace\truedarkness — копия\runs\client\config
[27июл.2024 20:31:52.837] [main/DEBUG] [net.neoforged.fml.loading.FMLPaths/CORE]: Path FMLCONFIG is G:\P MCreator\Workspace\truedarkness — копия\runs\client\config\fml.toml
[27июл.2024 20:31:52.837] [main/DEBUG] [net.neoforged.fml.loading.FMLServiceProvider/CORE]: Loading configuration
[27июл.2024 20:31:52.840] [main/TRACE] [net.neoforged.fml.loading.FMLConfig/CORE]: Loaded FML config from G:\P MCreator\Workspace\truedarkness — копия\runs\client\config\fml.toml
[27июл.2024 20:31:52.840] [main/TRACE] [net.neoforged.fml.loading.FMLConfig/CORE]: FMLConfig disableConfigWatcher is false
[27июл.2024 20:31:52.840] [main/TRACE] [net.neoforged.fml.loading.FMLConfig/CORE]: FMLConfig earlyWindowControl is true
[27июл.2024 20:31:52.840] [main/TRACE] [net.neoforged.fml.loading.FMLConfig/CORE]: FMLConfig maxThreads is 12
[27июл.2024 20:31:52.840] [main/TRACE] [net.neoforged.fml.loading.FMLConfig/CORE]: FMLConfig versionCheck is true
[27июл.2024 20:31:52.840] [main/TRACE] [net.neoforged.fml.loading.FMLConfig/CORE]: FMLConfig defaultConfigPath is defaultconfigs
[27июл.2024 20:31:52.840] [main/TRACE] [net.neoforged.fml.loading.FMLConfig/CORE]: FMLConfig disableOptimizedDFU is true
[27июл.2024 20:31:52.840] [main/TRACE] [net.neoforged.fml.loading.FMLConfig/CORE]: FMLConfig earlyWindowProvider is fmlearlywindow
[27июл.2024 20:31:52.840] [main/TRACE] [net.neoforged.fml.loading.FMLConfig/CORE]: FMLConfig earlyWindowWidth is 854
[27июл.2024 20:31:52.840] [main/TRACE] [net.neoforged.fml.loading.FMLConfig/CORE]: FMLConfig earlyWindowHeight is 480
[27июл.2024 20:31:52.840] [main/TRACE] [net.neoforged.fml.loading.FMLConfig/CORE]: FMLConfig earlyWindowFBScale is 1
[27июл.2024 20:31:52.841] [main/TRACE] [net.neoforged.fml.loading.FMLConfig/CORE]: FMLConfig earlyWindowMaximized is false
[27июл.2024 20:31:52.841] [main/TRACE] [net.neoforged.fml.loading.FMLConfig/CORE]: FMLConfig earlyWindowSkipGLVersions is []
[27июл.2024 20:31:52.841] [main/TRACE] [net.neoforged.fml.loading.FMLConfig/CORE]: FMLConfig earlyWindowSquir is false
[27июл.2024 20:31:52.843] [main/DEBUG] [net.neoforged.fml.loading.LaunchContext/SCAN]: Located paths when launch context was created: [C:\Users\nikda\.mcreator\gradle\caches\modules-2\files-2.1\com.ibm.icu\icu4j\73.2\61ad4ef7f9131fcf6d25c34b817f90d6da06c9e9\icu4j-73.2.jar, C:\Users\nikda\.mcreator\gradle\caches\modules-2\files-2.1\org.lwjgl\lwjgl-glfw\3.3.3\32334f3fd5270a59bad9939a93115acb6de36dcf\lwjgl-glfw-3.3.3-natives-windows-x86.jar, C:\Users\nikda\.mcreator\gradle\caches\modules-2\files-2.1\org.apache.logging.log4j\log4j-api\2.22.1\bea6fede6328fabafd7e68363161a7ea6605abd1\log4j-api-2.22.1.jar, C:\Users\nikda\.mcreator\gradle\caches\modules-2\files-2.1\org.lwjgl\lwjgl\3.3.3\29589b5f87ed335a6c7e7ee6a5775f81f97ecb84\lwjgl-3.3.3.jar, C:\Users\nikda\.mcreator\gradle\caches\modules-2\files-2.1\io.netty\netty-common\4.1.97.Final\7cceacaf11df8dc63f23d0fb58e9d4640fc88404\netty-common-4.1.97.Final.jar, C:\Users\nikda\.mcreator\gradle\caches\modules-2\files-2.1\com.electronwill.night-config\toml\3.6.4\51d6cefb2b55ee55ee26b16391212fb2c7dfb4f4\toml-3.6.4.jar, C:\Users\nikda\.mcreator\gradle\caches\modules-2\files-2.1\org.slf4j\slf4j-api\2.0.9\7cf2726fdcfbc8610f9a71fb3ed639871f315340\slf4j-api-2.0.9.jar, C:\Users\nikda\.mcreator\gradle\caches\modules-2\files-2.1\net.neoforged\mergetool\2.0.3\1275202cbbb248f49345cf6787ce299afd9a02fb\mergetool-2.0.3-api.jar, C:\Users\nikda\.mcreator\gradle\caches\modules-2\files-2.1\org.jetbrains\annotations\24.1.0\7af6a669488450c4a07c2c3254e2151df42d7d04\annotations-24.1.0.jar, C:\Users\nikda\.mcreator\gradle\caches\modules-2\files-2.1\org.lwjgl\lwjgl-opengl\3.3.3\65e956d3735a1abdc82eff4baec1b61174697d4b\lwjgl-opengl-3.3.3-natives-windows-arm64.jar, C:\Users\nikda\.mcreator\gradle\caches\modules-2\files-2.1\net.neoforged\neoform\1.20.6-20240429.153634\584015c98bfc09dc469bf9d84f269a31145a2766\neoform-1.20.6-20240429.153634.zip, C:\Users\nikda\.mcreator\gradle\caches\modules-2\files-2.1\org.lwjgl\lwjgl-stb\3.3.3\1d9facdf6541de114b0f963be33505b7679c78cb\lwjgl-stb-3.3.3-natives-windows.jar, C:\Users\nikda\.mcreator\gradle\caches\modules-2\files-2.1\io.netty\netty-buffer\4.1.97.Final\f8f3d8644afa5e6e1a40a3a6aeb9d9aa970ecb4f\netty-buffer-4.1.97.Final.jar, C:\Users\nikda\.mcreator\gradle\caches\modules-2\files-2.1\org.apache.httpcomponents\httpcore\4.4.16\51cf043c87253c9f58b539c9f7e44c8894223850\httpcore-4.4.16.jar, C:\Users\nikda\.mcreator\gradle\caches\modules-2\files-2.1\org.jcraft\jorbis\0.0.17\8872d22b293e8f5d7d56ff92be966e6dc28ebdc6\jorbis-0.0.17.jar, C:\Users\nikda\.mcreator\gradle\caches\modules-2\files-2.1\net.neoforged.accesstransformers\at-modlauncher\10.0.1\5aba50202aceead086bc09fbc2751c9f05cb4890\at-modlauncher-10.0.1.jar, C:\Users\nikda\.mcreator\gradle\caches\modules-2\files-2.1\com.google.j2objc\j2objc-annotations\2.8\c85270e307e7b822f1086b93689124b89768e273\j2objc-annotations-2.8.jar, C:\Users\nikda\.mcreator\gradle\caches\modules-2\files-2.1\commons-codec\commons-codec\1.16.0\4e3eb3d79888d76b54e28b350915b5dc3919c9de\commons-codec-1.16.0.jar, C:\Users\nikda\.mcreator\gradle\caches\modules-2\files-2.1\com.google.errorprone\error_prone_annotations\2.18.0\89b684257096f548fa39a7df9fdaa409d4d4df91\error_prone_annotations-2.18.0.jar, C:\Users\nikda\.mcreator\gradle\caches\modules-2\files-2.1\org.apache.commons\commons-compress\1.26.0\659feffdd12280201c8aacb8f7be94f9a883c824\commons-compress-1.26.0.jar, C:\Users\nikda\.mcreator\gradle\caches\modules-2\files-2.1\net.neoforged\accesstransformers\10.0.1\fd83b5725f76eae9115e9355fa1c456a6a441400\accesstransformers-10.0.1.jar, C:\Users\nikda\.mcreator\gradle\caches\modules-2\files-2.1\org.jline\jline-terminal\3.12.1\c777448314e050d980a6b697c140f3bfe9eb7416\jline-terminal-3.12.1.jar, C:\Users\nikda\.mcreator\gradle\caches\modules-2\files-2.1\net.minecrell\terminalconsoleappender\1.2.0\96d02cd3b384ff015a8fef4223bcb4ccf1717c95\terminalconsoleappender-1.2.0.jar, C:\Users\nikda\.mcreator\gradle\caches\modules-2\files-2.1\org.jline\jline-reader\3.12.1\4382ab1382c7b6f379377ed5f665dc2f6e1218bc\jline-reader-3.12.1.jar, C:\Users\nikda\.mcreator\gradle\caches\modules-2\files-2.1\org.apache.maven\maven-artifact\3.8.5\4433f50c07debefaed0553bd0068f4f48d449313\maven-artifact-3.8.5.jar, C:\Users\nikda\.mcreator\gradle\caches\modules-2\files-2.1\org.codehaus.plexus\plexus-utils\3.3.0\cf43b5391de623b36fe066a21127baef82c64022\plexus-utils-3.3.0.jar, C:\Users\nikda\.mcreator\gradle\caches\modules-2\files-2.1\net.jodah\typetools\0.6.3\a01aaa6ddaea9ec07ec4f209487b7a46a526283a\typetools-0.6.3.jar, C:\Users\nikda\.mcreator\gradle\caches\modules-2\files-2.1\net.sf.jopt-simple\jopt-simple\5.0.4\4fdac2fbe92dfad86aa6e9301736f6b4342a3f5c\jopt-simple-5.0.4.jar, C:\Users\nikda\.mcreator\gradle\caches\modules-2\files-2.1\com.mojang\datafixerupper\7.0.14\db3485dc1e6b712bd81170d5ce6dca2fb2f8bd86\datafixerupper-7.0.14.jar, C:\Users\nikda\.mcreator\gradle\caches\modules-2\files-2.1\com.mojang\patchy\2.2.10\da05971b07cbb379d002cf7eaec6a2048211fefc\patchy-2.2.10.jar, C:\Users\nikda\.mcreator\gradle\caches\modules-2\files-2.1\com.google.guava\listenablefuture\9999.0-empty-to-avoid-conflict-with-guava\b421526c5f297295adef1c886e5246c39d4ac629\listenablefuture-9999.0-empty-to-avoid-conflict-with-guava.jar, C:\Users\nikda\.mcreator\gradle\caches\modules-2\files-2.1\com.github.oshi\oshi-core\6.4.10\b1d8ab82d11d92fd639b56d639f8f46f739dd5fa\oshi-core-6.4.10.jar, C:\Users\nikda\.mcreator\gradle\caches\modules-2\files-2.1\com.mojang\authlib\6.0.54\de8bc95660e1b2fe8793fd427a7a10dcec5b3ea7\authlib-6.0.54.jar, C:\Users\nikda\.mcreator\gradle\caches\modules-2\files-2.1\net.java.dev.jna\jna\5.14.0\67bf3eaea4f0718cb376a181a629e5f88fa1c9dd\jna-5.14.0.jar, C:\Users\nikda\.mcreator\gradle\caches\modules-2\files-2.1\cpw.mods\modlauncher\11.0.2\87260bdd037c8cca573b21850214c7def5b78bcc\modlauncher-11.0.2.jar, C:\Users\nikda\.mcreator\gradle\caches\modules-2\files-2.1\org.lwjgl\lwjgl\3.3.3\9e670718e050aeaeea0c2d5b907cffb142f2e58f\lwjgl-3.3.3-natives-windows-x86.jar, C:\Users\nikda\.mcreator\gradle\caches\modules-2\files-2.1\org.lwjgl\lwjgl-jemalloc\3.3.3\426222fc027602a5f21b9c0fe79cde6a4c7a011f\lwjgl-jemalloc-3.3.3-natives-windows.jar, C:\Users\nikda\.mcreator\gradle\caches\modules-2\files-2.1\com.electronwill.night-config\core\3.6.4\510f174abbf1c947494db50ef2445683bd52c230\core-3.6.4.jar, C:\Users\nikda\.mcreator\gradle\caches\modules-2\files-2.1\org.lwjgl\lwjgl-glfw\3.3.3\efa1eb78c5ccd840e9f329717109b5e892d72f8e\lwjgl-glfw-3.3.3.jar, C:\Users\nikda\.mcreator\gradle\caches\modules-2\files-2.1\org.checkerframework\checker-qual\3.33.0\de2b60b62da487644fc11f734e73c8b0b431238f\checker-qual-3.33.0.jar, G:\P MCreator\Workspace\truedarkness — копия\.gradle\repositories\ng_dummy_ng\net\minecraft\client\1.20.6\client-1.20.6-client-extra.jar, C:\Users\nikda\.mcreator\gradle\caches\modules-2\files-2.1\net.neoforged\JarJarMetadata\0.4.1\f8da03683dc81694556dc3e177c5e3bb77ae6fcb\JarJarMetadata-0.4.1.jar, C:\Users\nikda\.mcreator\gradle\caches\modules-2\files-2.1\com.machinezoo.noexception\noexception\1.7.1\b65330c98e38a1f915fa54a6e5eca496505e3f0a\noexception-1.7.1.jar, C:\Users\nikda\.mcreator\gradle\caches\modules-2\files-2.1\org.apache.httpcomponents\httpclient\4.5.13\e5f6cae5ca7ecaac1ec2827a9e2d65ae2869cada\httpclient-4.5.13.jar, C:\Users\nikda\.mcreator\gradle\caches\modules-2\files-2.1\net.minecraftforge\unsafe\0.2.0\54d7a0a5e8fdb71b973025caa46f341ae5904f39\unsafe-0.2.0.jar, C:\Users\nikda\.mcreator\gradle\caches\modules-2\files-2.1\com.google.guava\guava\32.1.2-jre\5e64ec7e056456bef3a4bc4c6fdaef71e8ab6318\guava-32.1.2-jre.jar, C:\Users\nikda\.mcreator\gradle\caches\modules-2\files-2.1\org.lwjgl\lwjgl-freetype\3.3.3\15a8c1de7f51d07a92eae7ce1222557073a0c0c3\lwjgl-freetype-3.3.3-natives-windows-x86.jar, C:\Users\nikda\.mcreator\gradle\caches\modules-2\files-2.1\com.mojang\brigadier\1.2.9\73e324f2ee541493a5179abf367237faa782ed21\brigadier-1.2.9.jar, C:\Users\nikda\.mcreator\gradle\caches\modules-2\files-2.1\net.neoforged\JarJarSelector\0.4.1\fb3cc7a58af22ad2880adb98af6d518128c47dae\JarJarSelector-0.4.1.jar, C:\Users\nikda\.mcreator\gradle\caches\modules-2\files-2.1\net.java.dev.jna\jna-platform\5.14.0\28934d48aed814f11e4c584da55c49fa7032b31b\jna-platform-5.14.0.jar, C:\Users\nikda\.mcreator\gradle\caches\modules-2\files-2.1\io.netty\netty-transport-classes-epoll\4.1.97.Final\795da37ded759e862457a82d9d92c4d39ce8ecee\netty-transport-classes-epoll-4.1.97.Final.jar, C:\Users\nikda\.mcreator\gradle\caches\modules-2\files-2.1\org.lwjgl\lwjgl-opengl\3.3.3\2f6b0147078396a58979125a4c947664e98293a\lwjgl-opengl-3.3.3.jar, C:\Users\nikda\.mcreator\gradle\caches\modules-2\files-2.1\org.apache.commons\commons-lang3\3.14.0\1ed471194b02f2c6cb734a0cd6f6f107c673afae\commons-lang3-3.14.0.jar, C:\Users\nikda\.mcreator\gradle\caches\modules-2\files-2.1\org.apache.logging.log4j\log4j-slf4j2-impl\2.22.1\d7e6693c2606cb7e7335047d7bb96dec52db5665\log4j-slf4j2-impl-2.22.1.jar, C:\Users\nikda\.mcreator\gradle\caches\modules-2\files-2.1\ca.weblite\java-objc-bridge\1.1\1227f9e0666314f9de41477e3ec277e542ed7f7b\java-objc-bridge-1.1.jar, C:\Users\nikda\.mcreator\gradle\caches\modules-2\files-2.1\com.google.code.findbugs\jsr305\3.0.2\25ea2e8b0c338a877313bd4672d3fe056ea78f0d\jsr305-3.0.2.jar, C:\Users\nikda\.mcreator\gradle\caches\modules-2\files-2.1\net.neoforged\bus\8.0.1\9df0ed904cec279eb33ca6df420f6f82706ebb4c\bus-8.0.1.jar, C:\Users\nikda\.mcreator\gradle\caches\modules-2\files-2.1\org.lwjgl\lwjgl-tinyfd\3.3.3\82d755ca94b102e9ca77283b9e2dc46d1b15fbe5\lwjgl-tinyfd-3.3.3.jar, C:\Users\nikda\.mcreator\gradle\caches\modules-2\files-2.1\com.google.code.gson\gson\2.10.1\b3add478d4382b78ea20b1671390a858002feb6c\gson-2.10.1.jar, C:\Users\nikda\.mcreator\gradle\caches\modules-2\files-2.1\io.netty\netty-handler\4.1.97.Final\abb86c6906bf512bf2b797a41cd7d2e8d3cd7c36\netty-handler-4.1.97.Final.jar, C:\Users\nikda\.mcreator\gradle\caches\modules-2\files-2.1\net.neoforged\coremods\7.0.3\9147e6f638b4272b3bd5fc8f92ad37802512c6c\coremods-7.0.3.jar, C:\Users\nikda\.mcreator\gradle\caches\modules-2\files-2.1\io.netty\netty-transport\4.1.97.Final\f37380d23c9bb079bc702910833b2fd532c9abd0\netty-transport-4.1.97.Final.jar, C:\Users\nikda\.mcreator\gradle\caches\modules-2\files-2.1\com.google.guava\failureaccess\1.0.1\1dcf1de382a0bf95a3d8b0849546c88bac1292c9\failureaccess-1.0.1.jar, C:\Users\nikda\.mcreator\gradle\caches\modules-2\files-2.1\org.lwjgl\lwjgl-openal\3.3.3\87b8d5050e3adb46bb58fe1cb2669a4a48fce10d\lwjgl-openal-3.3.3-natives-windows-x86.jar, C:\Users\nikda\.mcreator\gradle\caches\modules-2\files-2.1\org.antlr\antlr4-runtime\4.13.1\17125bae1d965624e265ef49552f6465a2bfa307\antlr4-runtime-4.13.1.jar, C:\Users\nikda\.mcreator\gradle\caches\modules-2\files-2.1\it.unimi.dsi\fastutil\8.5.12\c24946d46824bd528054bface3231d2ecb7e95e8\fastutil-8.5.12.jar, C:\Users\nikda\.mcreator\gradle\caches\modules-2\files-2.1\commons-io\commons-io\2.15.1\f11560da189ab563a5c8e351941415430e9304ea\commons-io-2.15.1.jar, C:\Users\nikda\.mcreator\gradle\caches\modules-2\files-2.1\org.apache.logging.log4j\log4j-core\2.22.1\7183a25510a02ad00cc6a95d3b3d2a7d3c5a8dc4\log4j-core-2.22.1.jar, C:\Users\nikda\.mcreator\gradle\caches\modules-2\files-2.1\net.fabricmc\sponge-mixin\0.13.4+mixin.0.8.5\8adf0cff1795a169141b9e16ad7b9f6e2527a990\sponge-mixin-0.13.4+mixin.0.8.5.jar, C:\Users\nikda\.mcreator\gradle\caches\modules-2\files-2.1\io.netty\netty-transport-native-unix-common\4.1.97.Final\d469d84265ab70095b01b40886cabdd433b6e664\netty-transport-native-unix-common-4.1.97.Final.jar, C:\Users\nikda\.mcreator\gradle\caches\modules-2\files-2.1\com.mojang\blocklist\1.0.10\5c685c5ffa94c4cd39496c7184c1d122e515ecef\blocklist-1.0.10.jar, C:\Users\nikda\.mcreator\gradle\caches\modules-2\files-2.1\org.lz4\lz4-java\1.8.0\4b986a99445e49ea5fbf5d149c4b63f6ed6c6780\lz4-java-1.8.0.jar, C:\Users\nikda\.mcreator\gradle\caches\modules-2\files-2.1\org.lwjgl\lwjgl-freetype\3.3.3\a0db6c84a8becc8ca05f9dbfa985edc348a824c7\lwjgl-freetype-3.3.3.jar, C:\Users\nikda\.mcreator\gradle\caches\modules-2\files-2.1\org.lwjgl\lwjgl-tinyfd\3.3.3\a6697981b0449a5087c1d546fc08b4f73e8f98c9\lwjgl-tinyfd-3.3.3-natives-windows.jar, C:\Users\nikda\.mcreator\gradle\caches\modules-2\files-2.1\org.lwjgl\lwjgl-stb\3.3.3\25dd6161988d7e65f71d5065c99902402ee32746\lwjgl-stb-3.3.3.jar, C:\Users\nikda\.mcreator\gradle\caches\modules-2\files-2.1\net.minecraftforge\srgutils\0.4.15\ca408b131759478f164e010fae0d73997e125fb5\srgutils-0.4.15.jar, C:\Users\nikda\.mcreator\gradle\caches\modules-2\files-2.1\com.mojang\logging\1.2.7\24cb95ffb0e3433fd6e844c04e68009e504ca1c0\logging-1.2.7.jar, C:\Users\nikda\.mcreator\gradle\caches\modules-2\files-2.1\io.netty\netty-resolver\4.1.97.Final\cec8348108dc76c47cf87c669d514be52c922144\netty-resolver-4.1.97.Final.jar, C:\Users\nikda\.mcreator\gradle\caches\modules-2\files-2.1\org.openjdk.nashorn\nashorn-core\15.4\f67f5ffaa5f5130cf6fb9b133da00c7df3b532a5\nashorn-core-15.4.jar, C:\Users\nikda\.mcreator\gradle\caches\modules-2\files-2.1\org.lwjgl\lwjgl-openal\3.3.3\daada81ceb5fc0c291fbfdd4433cb8d9423577f2\lwjgl-openal-3.3.3.jar, C:\Users\nikda\.mcreator\gradle\caches\modules-2\files-2.1\net.neoforged.fancymodloader\earlydisplay\3.0.45\fba2bb2cd007009e4daab37caa7c9149e3ded962\earlydisplay-3.0.45.jar, C:\Users\nikda\.mcreator\gradle\caches\modules-2\files-2.1\org.joml\joml\1.10.5\22566d58af70ad3d72308bab63b8339906deb649\joml-1.10.5.jar, C:\Users\nikda\.mcreator\gradle\caches\modules-2\files-2.1\io.netty\netty-codec\4.1.97.Final\384ba4d75670befbedb45c4d3b497a93639c206d\netty-codec-4.1.97.Final.jar, C:\Users\nikda\.mcreator\gradle\caches\modules-2\files-2.1\commons-logging\commons-logging\1.2\4bfc12adfe4842bf07b657f0369c4cb522955686\commons-logging-1.2.jar, C:\Users\nikda\.mcreator\gradle\caches\modules-2\files-2.1\net.neoforged.fancymodloader\loader\3.0.45\8e3c78a138ca5b19abec5b9687ae7cbffbb418bf\loader-3.0.45.jar, C:\Users\nikda\.mcreator\gradle\caches\modules-2\files-2.1\org.lwjgl\lwjgl-jemalloc\3.3.3\b543467b7ff3c6920539a88ee602d34098628be5\lwjgl-jemalloc-3.3.3.jar, C:\Users\nikda\.mcreator\gradle\caches\modules-2\files-2.1\com.mojang\text2speech\1.17.9\3cad216e3a7f0c19b4b394388bc9ffc446f13b14\text2speech-1.17.9.jar]
[27июл.2024 20:31:52.843] [main/DEBUG] [net.neoforged.fml.loading.FMLServiceProvider/CORE]: Preparing launch handler
[27июл.2024 20:31:52.843] [main/DEBUG] [net.neoforged.fml.loading.FMLLoader/CORE]: Using forgeclientuserdev as launch service
[27июл.2024 20:31:52.844] [main/DEBUG] [net.neoforged.fml.common.asm.RuntimeDistCleaner/DISTXFORM]: Configuring for Dist CLIENT
[27июл.2024 20:31:52.845] [main/DEBUG] [cpw.mods.modlauncher.TransformationServiceDecorator/MODLAUNCHER]: Initialized transformation service fml
[27июл.2024 20:31:52.845] [main/DEBUG] [cpw.mods.modlauncher.TransformationServicesHandler/MODLAUNCHER]: Transformation services begin scanning
[27июл.2024 20:31:52.846] [main/DEBUG] [cpw.mods.modlauncher.TransformationServiceDecorator/MODLAUNCHER]: Beginning scan trigger - transformation service mixin
[27июл.2024 20:31:52.846] [main/DEBUG] [cpw.mods.modlauncher.TransformationServiceDecorator/MODLAUNCHER]: End scan trigger - transformation service mixin
[27июл.2024 20:31:52.846] [main/DEBUG] [cpw.mods.modlauncher.TransformationServiceDecorator/MODLAUNCHER]: Beginning scan trigger - transformation service mixin-synthetic-package
[27июл.2024 20:31:52.916] [main/DEBUG] [cpw.mods.modlauncher.TransformationServiceDecorator/MODLAUNCHER]: End scan trigger - transformation service mixin-synthetic-package
[27июл.2024 20:31:52.916] [main/DEBUG] [cpw.mods.modlauncher.TransformationServiceDecorator/MODLAUNCHER]: Beginning scan trigger - transformation service fml
[27июл.2024 20:31:52.916] [main/DEBUG] [net.neoforged.fml.loading.FMLServiceProvider/CORE]: Initiating mod scan
[27июл.2024 20:31:52.919] [main/DEBUG] [net.neoforged.fml.loading.targets.CommonLaunchHandler/CORE]: Got mod coordinates truedarkness — копия%%G:\P MCreator\Workspace\truedarkness — копия\build\resources\main;truedarkness — копия%%G:\P MCreator\Workspace\truedarkness — копия\build\classes\java\main from env
[27июл.2024 20:31:52.919] [main/DEBUG] [net.neoforged.fml.loading.targets.CommonLaunchHandler/CORE]: Found supplied mod coordinates [{truedarkness — копия=[G:\P MCreator\Workspace\truedarkness — копия\build\resources\main, G:\P MCreator\Workspace\truedarkness — копия\build\classes\java\main]}]
[27июл.2024 20:31:52.930] [main/DEBUG] [net.neoforged.fml.util.ServiceLoaderUtil/CORE]: Found 4 implementations of IModFileCandidateLocator:
[27июл.2024 20:31:52.930] [main/DEBUG] [net.neoforged.fml.util.ServiceLoaderUtil/CORE]: 	       0 - [built-in] net.neoforged.fml.loading.moddiscovery.locators.NeoForgeDevProvider from loader-3.0.45.jar
[27июл.2024 20:31:52.931] [main/DEBUG] [net.neoforged.fml.util.ServiceLoaderUtil/CORE]: 	       0 - net.neoforged.fml.loading.moddiscovery.locators.ModsFolderLocator from loader-3.0.45.jar
[27июл.2024 20:31:52.931] [main/DEBUG] [net.neoforged.fml.util.ServiceLoaderUtil/CORE]: 	       0 - net.neoforged.fml.loading.moddiscovery.locators.MavenDirectoryLocator from loader-3.0.45.jar
[27июл.2024 20:31:52.931] [main/DEBUG] [net.neoforged.fml.util.ServiceLoaderUtil/CORE]: 	   -1000 - [built-in] net.neoforged.fml.loading.moddiscovery.locators.UserdevLocator from loader-3.0.45.jar
[27июл.2024 20:31:52.933] [main/DEBUG] [net.neoforged.fml.util.ServiceLoaderUtil/CORE]: Found 2 implementations of IModFileReader:
[27июл.2024 20:31:52.933] [main/DEBUG] [net.neoforged.fml.util.ServiceLoaderUtil/CORE]: 	       0 - net.neoforged.fml.loading.moddiscovery.readers.JarModsDotTomlModFileReader from loader-3.0.45.jar
[27июл.2024 20:31:52.933] [main/DEBUG] [net.neoforged.fml.util.ServiceLoaderUtil/CORE]: 	   -1000 - net.neoforged.fml.loading.moddiscovery.readers.NestedLibraryModReader from loader-3.0.45.jar
[27июл.2024 20:31:52.934] [main/DEBUG] [net.neoforged.fml.util.ServiceLoaderUtil/CORE]: Found 1 implementations of IDependencyLocator:
[27июл.2024 20:31:52.934] [main/DEBUG] [net.neoforged.fml.util.ServiceLoaderUtil/CORE]: 	net.neoforged.fml.loading.moddiscovery.locators.JarInJarDependencyLocator from loader-3.0.45.jar
[27июл.2024 20:31:52.934] [main/DEBUG] [net.neoforged.fml.loading.moddiscovery.ModDiscoverer/SCAN]: Scanning for mods and other resources to load. We know 4 ways to find mods
[27июл.2024 20:31:52.935] [main/DEBUG] [net.neoforged.fml.loading.moddiscovery.ModDiscoverer/SCAN]: Trying locator neoforge devenv provider ([G:\P MCreator\Workspace\truedarkness — копия\.gradle\repositories\ng_dummy_ng\net\neoforged\neoforge\20.6.117\neoforge-20.6.117.jar])
[27июл.2024 20:31:53.021] [pool-2-thread-1/INFO] [EARLYDISPLAY/]: GL info: Radeon RX550/550 Series GL version 4.6.0 Core Profile Context 23.11.1.231017, ATI Technologies Inc.
[27июл.2024 20:31:53.104] [main/DEBUG] [net.neoforged.fml.loading.moddiscovery.ModFileInfo/LOADING]: Found valid mod file neoforge-20.6.117.jar with {minecraft} mods - versions {1.20.6}
[27июл.2024 20:31:53.104] [main/INFO] [net.neoforged.fml.loading.moddiscovery.ModDiscoverer/SCAN]: Found mod file "neoforge-20.6.117.jar" [locator: neoforge devenv provider ([G:\P MCreator\Workspace\truedarkness — копия\.gradle\repositories\ng_dummy_ng\net\neoforged\neoforge\20.6.117\neoforge-20.6.117.jar])]
[27июл.2024 20:31:53.112] [main/DEBUG] [net.neoforged.fml.loading.moddiscovery.readers.JarModsDotTomlModFileReader/SCAN]: Found META-INF/neoforge.mods.toml mod of type null: G:\P MCreator\Workspace\truedarkness — копия\.gradle\repositories\ng_dummy_ng\net\neoforged\neoforge\20.6.117\neoforge-20.6.117.jar
[27июл.2024 20:31:53.113] [main/DEBUG] [net.neoforged.fml.loading.moddiscovery.ModFileParser/LOADING]: Considering mod file candidate G:\P MCreator\Workspace\truedarkness — копия\.gradle\repositories\ng_dummy_ng\net\neoforged\neoforge\20.6.117\neoforge-20.6.117.jar
[27июл.2024 20:31:53.117] [main/DEBUG] [net.neoforged.fml.loading.moddiscovery.ModFileInfo/LOADING]: Found valid mod file neoforge-20.6.117.jar with {neoforge} mods - versions {20.6.117}
[27июл.2024 20:31:53.117] [main/INFO] [net.neoforged.fml.loading.moddiscovery.ModDiscoverer/SCAN]: Found mod file "neoforge-20.6.117.jar" [locator: neoforge devenv provider ([G:\P MCreator\Workspace\truedarkness — копия\.gradle\repositories\ng_dummy_ng\net\neoforged\neoforge\20.6.117\neoforge-20.6.117.jar])]
[27июл.2024 20:31:53.117] [main/DEBUG] [net.neoforged.fml.loading.moddiscovery.ModDiscoverer/SCAN]: Locator neoforge devenv provider ([G:\P MCreator\Workspace\truedarkness — копия\.gradle\repositories\ng_dummy_ng\net\neoforged\neoforge\20.6.117\neoforge-20.6.117.jar]) found 2 mods, 0 warnings, 0 errors and skipped 0 candidates
[27июл.2024 20:31:53.117] [main/DEBUG] [net.neoforged.fml.loading.moddiscovery.ModDiscoverer/SCAN]: Trying locator {mods folder locator at G:\P MCreator\Workspace\truedarkness — копия\runs\client\mods}
[27июл.2024 20:31:53.117] [main/DEBUG] [net.neoforged.fml.loading.moddiscovery.locators.ModsFolderLocator/SCAN]: Scanning mods dir G:\P MCreator\Workspace\truedarkness — копия\runs\client\mods for mods
[27июл.2024 20:31:53.118] [main/DEBUG] [net.neoforged.fml.loading.moddiscovery.ModDiscoverer/SCAN]: Locator {mods folder locator at G:\P MCreator\Workspace\truedarkness — копия\runs\client\mods} found 0 mods, 0 warnings, 0 errors and skipped 0 candidates
[27июл.2024 20:31:53.119] [main/DEBUG] [net.neoforged.fml.loading.moddiscovery.ModDiscoverer/SCAN]: Trying locator maven libs
[27июл.2024 20:31:53.121] [main/DEBUG] [net.neoforged.fml.loading.moddiscovery.ModListHandler/CORE]: Found mod coordinates from lists: []
[27июл.2024 20:31:53.121] [main/DEBUG] [net.neoforged.fml.loading.moddiscovery.ModDiscoverer/SCAN]: Locator maven libs found 0 mods, 0 warnings, 0 errors and skipped 0 candidates
[27июл.2024 20:31:53.121] [main/DEBUG] [net.neoforged.fml.loading.moddiscovery.ModDiscoverer/SCAN]: Trying locator userdev mods and services
[27июл.2024 20:31:53.122] [main/DEBUG] [net.neoforged.fml.loading.moddiscovery.readers.JarModsDotTomlModFileReader/SCAN]: Found META-INF/neoforge.mods.toml mod of type null: G:\P MCreator\Workspace\truedarkness — копия\build\resources\main
[27июл.2024 20:31:53.122] [main/DEBUG] [net.neoforged.fml.loading.moddiscovery.ModFileParser/LOADING]: Considering mod file candidate G:\P MCreator\Workspace\truedarkness — копия\build\resources\main
[27июл.2024 20:31:53.126] [main/DEBUG] [net.neoforged.fml.loading.moddiscovery.ModFileInfo/LOADING]: Found valid mod file main with {truedarkness} mods - versions {2.3}
[27июл.2024 20:31:53.126] [main/INFO] [net.neoforged.fml.loading.moddiscovery.ModDiscoverer/SCAN]: Found mod file "main" [locator: userdev mods and services, reader: mod manifest]
[27июл.2024 20:31:53.137] [main/DEBUG] [net.neoforged.fml.loading.moddiscovery.readers.JarModsDotTomlModFileReader/SCAN]: Found META-INF/neoforge.mods.toml mod of type null: G:\P MCreator\Workspace\truedarkness — копия\.gradle\repositories\ng_dummy_ng\net\neoforged\neoforge\20.6.117\neoforge-20.6.117.jar
[27июл.2024 20:31:53.137] [main/DEBUG] [net.neoforged.fml.loading.moddiscovery.ModFileParser/LOADING]: Considering mod file candidate G:\P MCreator\Workspace\truedarkness — копия\.gradle\repositories\ng_dummy_ng\net\neoforged\neoforge\20.6.117\neoforge-20.6.117.jar
[27июл.2024 20:31:53.138] [main/DEBUG] [net.neoforged.fml.loading.moddiscovery.ModFileInfo/LOADING]: Found valid mod file neoforge-20.6.117.jar with {neoforge} mods - versions {20.6.117}
[27июл.2024 20:31:53.138] [main/INFO] [net.neoforged.fml.loading.moddiscovery.ModDiscoverer/SCAN]: Found mod file "neoforge-20.6.117.jar" [locator: userdev mods and services, reader: mod manifest]
[27июл.2024 20:31:53.141] [main/DEBUG] [net.neoforged.fml.loading.moddiscovery.readers.JarModsDotTomlModFileReader/SCAN]: Found META-INF/neoforge.mods.toml mod of type null: C:\Users\nikda\.mcreator\gradle\caches\modules-2\files-2.1\top.theillusivec4.curios\curios-neoforge\8.0.1+1.20.6\1d08afffe1ce24cd006dd28edeeb4c4e7febbbd9\curios-neoforge-8.0.1+1.20.6.jar
[27июл.2024 20:31:53.141] [main/DEBUG] [net.neoforged.fml.loading.moddiscovery.ModFileParser/LOADING]: Considering mod file candidate C:\Users\nikda\.mcreator\gradle\caches\modules-2\files-2.1\top.theillusivec4.curios\curios-neoforge\8.0.1+1.20.6\1d08afffe1ce24cd006dd28edeeb4c4e7febbbd9\curios-neoforge-8.0.1+1.20.6.jar
[27июл.2024 20:31:53.142] [main/DEBUG] [net.neoforged.fml.loading.moddiscovery.ModFileInfo/LOADING]: Found valid mod file curios-neoforge-8.0.1+1.20.6.jar with {curios} mods - versions {8.0.1+1.20.6}
[27июл.2024 20:31:53.143] [main/INFO] [net.neoforged.fml.loading.moddiscovery.ModDiscoverer/SCAN]: Found mod file "curios-neoforge-8.0.1+1.20.6.jar" [locator: userdev mods and services, reader: mod manifest]
[27июл.2024 20:31:53.146] [main/DEBUG] [net.neoforged.fml.loading.moddiscovery.readers.JarModsDotTomlModFileReader/SCAN]: Found META-INF/neoforge.mods.toml mod of type null: C:\Users\nikda\.mcreator\gradle\caches\modules-2\files-2.1\mezz.jei\jei-1.20.6-neoforge\18.0.0.65\d9a3fa2b5826398f21dbc28f568a07acaddbc703\jei-1.20.6-neoforge-18.0.0.65.jar
[27июл.2024 20:31:53.146] [main/DEBUG] [net.neoforged.fml.loading.moddiscovery.ModFileParser/LOADING]: Considering mod file candidate C:\Users\nikda\.mcreator\gradle\caches\modules-2\files-2.1\mezz.jei\jei-1.20.6-neoforge\18.0.0.65\d9a3fa2b5826398f21dbc28f568a07acaddbc703\jei-1.20.6-neoforge-18.0.0.65.jar
[27июл.2024 20:31:53.147] [main/DEBUG] [net.neoforged.fml.loading.moddiscovery.ModFileInfo/LOADING]: Found valid mod file jei-1.20.6-neoforge-18.0.0.65.jar with {jei} mods - versions {18.0.0.65}
[27июл.2024 20:31:53.147] [main/INFO] [net.neoforged.fml.loading.moddiscovery.ModDiscoverer/SCAN]: Found mod file "jei-1.20.6-neoforge-18.0.0.65.jar" [locator: userdev mods and services, reader: mod manifest]
[27июл.2024 20:31:53.168] [main/DEBUG] [net.neoforged.fml.loading.moddiscovery.ModDiscoverer/]: Skipping C:\Users\nikda\.mcreator\gradle\caches\modules-2\files-2.1\net.neoforged.fancymodloader\earlydisplay\3.0.45\fba2bb2cd007009e4daab37caa7c9149e3ded962\earlydisplay-3.0.45.jar because it was already located earlier
[27июл.2024 20:31:53.168] [main/DEBUG] [net.neoforged.fml.loading.moddiscovery.ModDiscoverer/]: Skipping C:\Users\nikda\.mcreator\gradle\caches\modules-2\files-2.1\net.neoforged.fancymodloader\loader\3.0.45\8e3c78a138ca5b19abec5b9687ae7cbffbb418bf\loader-3.0.45.jar because it was already located earlier
[27июл.2024 20:31:53.168] [main/DEBUG] [net.neoforged.fml.loading.moddiscovery.ModDiscoverer/]: Skipping C:\Users\nikda\.mcreator\gradle\caches\modules-2\files-2.1\net.neoforged\coremods\7.0.3\9147e6f638b4272b3bd5fc8f92ad37802512c6c\coremods-7.0.3.jar because it was already located earlier
[27июл.2024 20:31:53.168] [main/DEBUG] [net.neoforged.fml.loading.moddiscovery.ModDiscoverer/]: Skipping C:\Users\nikda\.mcreator\gradle\caches\modules-2\files-2.1\cpw.mods\modlauncher\11.0.2\87260bdd037c8cca573b21850214c7def5b78bcc\modlauncher-11.0.2.jar because it was already located earlier
[27июл.2024 20:31:53.169] [main/DEBUG] [net.neoforged.fml.loading.moddiscovery.ModDiscoverer/]: Skipping C:\Users\nikda\.mcreator\gradle\caches\modules-2\files-2.1\net.neoforged.accesstransformers\at-modlauncher\10.0.1\5aba50202aceead086bc09fbc2751c9f05cb4890\at-modlauncher-10.0.1.jar because it was already located earlier
[27июл.2024 20:31:53.169] [main/DEBUG] [net.neoforged.fml.loading.moddiscovery.ModDiscoverer/]: Skipping C:\Users\nikda\.mcreator\gradle\caches\modules-2\files-2.1\net.neoforged\accesstransformers\10.0.1\fd83b5725f76eae9115e9355fa1c456a6a441400\accesstransformers-10.0.1.jar because it was already located earlier
[27июл.2024 20:31:53.169] [main/DEBUG] [net.neoforged.fml.loading.moddiscovery.ModDiscoverer/]: Skipping C:\Users\nikda\.mcreator\gradle\caches\modules-2\files-2.1\org.openjdk.nashorn\nashorn-core\15.4\f67f5ffaa5f5130cf6fb9b133da00c7df3b532a5\nashorn-core-15.4.jar because it was already located earlier
[27июл.2024 20:31:53.169] [main/DEBUG] [net.neoforged.fml.loading.moddiscovery.ModDiscoverer/]: Skipping C:\Users\nikda\.mcreator\gradle\caches\modules-2\files-2.1\net.neoforged\mergetool\2.0.3\1275202cbbb248f49345cf6787ce299afd9a02fb\mergetool-2.0.3-api.jar because it was already located earlier
[27июл.2024 20:31:53.169] [main/DEBUG] [net.neoforged.fml.loading.moddiscovery.ModDiscoverer/]: Skipping C:\Users\nikda\.mcreator\gradle\caches\modules-2\files-2.1\net.neoforged\bus\8.0.1\9df0ed904cec279eb33ca6df420f6f82706ebb4c\bus-8.0.1.jar because it was already located earlier
[27июл.2024 20:31:53.169] [main/DEBUG] [net.neoforged.fml.loading.moddiscovery.ModDiscoverer/]: Skipping C:\Users\nikda\.mcreator\gradle\caches\modules-2\files-2.1\net.minecraftforge\unsafe\0.2.0\54d7a0a5e8fdb71b973025caa46f341ae5904f39\unsafe-0.2.0.jar because it was already located earlier
[27июл.2024 20:31:53.169] [main/DEBUG] [net.neoforged.fml.loading.moddiscovery.ModDiscoverer/]: Skipping C:\Users\nikda\.mcreator\gradle\caches\modules-2\files-2.1\com.electronwill.night-config\toml\3.6.4\51d6cefb2b55ee55ee26b16391212fb2c7dfb4f4\toml-3.6.4.jar because it was already located earlier
[27июл.2024 20:31:53.169] [main/DEBUG] [net.neoforged.fml.loading.moddiscovery.ModDiscoverer/]: Skipping C:\Users\nikda\.mcreator\gradle\caches\modules-2\files-2.1\com.electronwill.night-config\core\3.6.4\510f174abbf1c947494db50ef2445683bd52c230\core-3.6.4.jar because it was already located earlier
[27июл.2024 20:31:53.169] [main/DEBUG] [net.neoforged.fml.loading.moddiscovery.ModDiscoverer/]: Skipping C:\Users\nikda\.mcreator\gradle\caches\modules-2\files-2.1\net.neoforged\JarJarSelector\0.4.1\fb3cc7a58af22ad2880adb98af6d518128c47dae\JarJarSelector-0.4.1.jar because it was already located earlier
[27июл.2024 20:31:53.169] [main/DEBUG] [net.neoforged.fml.loading.moddiscovery.ModDiscoverer/]: Skipping C:\Users\nikda\.mcreator\gradle\caches\modules-2\files-2.1\net.neoforged\JarJarMetadata\0.4.1\f8da03683dc81694556dc3e177c5e3bb77ae6fcb\JarJarMetadata-0.4.1.jar because it was already located earlier
[27июл.2024 20:31:53.169] [main/DEBUG] [net.neoforged.fml.loading.moddiscovery.ModDiscoverer/]: Skipping C:\Users\nikda\.mcreator\gradle\caches\modules-2\files-2.1\org.apache.maven\maven-artifact\3.8.5\4433f50c07debefaed0553bd0068f4f48d449313\maven-artifact-3.8.5.jar because it was already located earlier
[27июл.2024 20:31:53.169] [main/DEBUG] [net.neoforged.fml.loading.moddiscovery.ModDiscoverer/]: Skipping C:\Users\nikda\.mcreator\gradle\caches\modules-2\files-2.1\net.jodah\typetools\0.6.3\a01aaa6ddaea9ec07ec4f209487b7a46a526283a\typetools-0.6.3.jar because it was already located earlier
[27июл.2024 20:31:53.169] [main/DEBUG] [net.neoforged.fml.loading.moddiscovery.ModDiscoverer/]: Skipping C:\Users\nikda\.mcreator\gradle\caches\modules-2\files-2.1\net.minecrell\terminalconsoleappender\1.2.0\96d02cd3b384ff015a8fef4223bcb4ccf1717c95\terminalconsoleappender-1.2.0.jar because it was already located earlier
[27июл.2024 20:31:53.169] [main/DEBUG] [net.neoforged.fml.loading.moddiscovery.ModDiscoverer/]: Skipping C:\Users\nikda\.mcreator\gradle\caches\modules-2\files-2.1\net.fabricmc\sponge-mixin\0.13.4+mixin.0.8.5\8adf0cff1795a169141b9e16ad7b9f6e2527a990\sponge-mixin-0.13.4+mixin.0.8.5.jar because it was already located earlier
[27июл.2024 20:31:53.169] [main/DEBUG] [net.neoforged.fml.loading.moddiscovery.ModDiscoverer/]: Skipping C:\Users\nikda\.mcreator\gradle\caches\modules-2\files-2.1\com.mojang\authlib\6.0.54\de8bc95660e1b2fe8793fd427a7a10dcec5b3ea7\authlib-6.0.54.jar because it was already located earlier
[27июл.2024 20:31:53.169] [main/DEBUG] [net.neoforged.fml.loading.moddiscovery.ModDiscoverer/]: Skipping C:\Users\nikda\.mcreator\gradle\caches\modules-2\files-2.1\org.apache.commons\commons-compress\1.26.0\659feffdd12280201c8aacb8f7be94f9a883c824\commons-compress-1.26.0.jar because it was already located earlier
[27июл.2024 20:31:53.170] [main/DEBUG] [net.neoforged.fml.loading.moddiscovery.ModDiscoverer/]: Skipping C:\Users\nikda\.mcreator\gradle\caches\modules-2\files-2.1\org.apache.commons\commons-lang3\3.14.0\1ed471194b02f2c6cb734a0cd6f6f107c673afae\commons-lang3-3.14.0.jar because it was already located earlier
[27июл.2024 20:31:53.170] [main/DEBUG] [net.neoforged.fml.loading.moddiscovery.ModDiscoverer/]: Skipping C:\Users\nikda\.mcreator\gradle\caches\modules-2\files-2.1\com.mojang\logging\1.2.7\24cb95ffb0e3433fd6e844c04e68009e504ca1c0\logging-1.2.7.jar because it was already located earlier
[27июл.2024 20:31:53.170] [main/DEBUG] [net.neoforged.fml.loading.moddiscovery.ModDiscoverer/]: Skipping C:\Users\nikda\.mcreator\gradle\caches\modules-2\files-2.1\org.apache.logging.log4j\log4j-slf4j2-impl\2.22.1\d7e6693c2606cb7e7335047d7bb96dec52db5665\log4j-slf4j2-impl-2.22.1.jar because it was already located earlier
[27июл.2024 20:31:53.170] [main/DEBUG] [net.neoforged.fml.loading.moddiscovery.ModDiscoverer/]: Skipping C:\Users\nikda\.mcreator\gradle\caches\modules-2\files-2.1\org.apache.logging.log4j\log4j-core\2.22.1\7183a25510a02ad00cc6a95d3b3d2a7d3c5a8dc4\log4j-core-2.22.1.jar because it was already located earlier
[27июл.2024 20:31:53.170] [main/DEBUG] [net.neoforged.fml.loading.moddiscovery.ModDiscoverer/]: Skipping C:\Users\nikda\.mcreator\gradle\caches\modules-2\files-2.1\org.apache.logging.log4j\log4j-api\2.22.1\bea6fede6328fabafd7e68363161a7ea6605abd1\log4j-api-2.22.1.jar because it was already located earlier
[27июл.2024 20:31:53.173] [main/DEBUG] [net.neoforged.fml.loading.moddiscovery.readers.JarModsDotTomlModFileReader/SCAN]: Found META-INF/MANIFEST.MF mod of type GAMELIBRARY: C:\Users\nikda\.mcreator\gradle\caches\modules-2\files-2.1\io.github.llamalad7\mixinextras-neoforge\0.3.5\ef3ffcf309dae656517b2f120189b1c9b21737dd\mixinextras-neoforge-0.3.5.jar
[27июл.2024 20:31:53.174] [main/INFO] [net.neoforged.fml.loading.moddiscovery.ModDiscoverer/SCAN]: Found gamelibrary file "mixinextras-neoforge-0.3.5.jar" [locator: userdev mods and services, reader: mod manifest]
[27июл.2024 20:31:53.174] [main/DEBUG] [net.neoforged.fml.loading.moddiscovery.ModDiscoverer/]: Skipping C:\Users\nikda\.mcreator\gradle\caches\modules-2\files-2.1\com.github.oshi\oshi-core\6.4.10\b1d8ab82d11d92fd639b56d639f8f46f739dd5fa\oshi-core-6.4.10.jar because it was already located earlier
[27июл.2024 20:31:53.174] [main/DEBUG] [net.neoforged.fml.loading.moddiscovery.ModDiscoverer/]: Skipping C:\Users\nikda\.mcreator\gradle\caches\modules-2\files-2.1\com.mojang\datafixerupper\7.0.14\db3485dc1e6b712bd81170d5ce6dca2fb2f8bd86\datafixerupper-7.0.14.jar because it was already located earlier
[27июл.2024 20:31:53.174] [main/DEBUG] [net.neoforged.fml.loading.moddiscovery.ModDiscoverer/]: Skipping C:\Users\nikda\.mcreator\gradle\caches\modules-2\files-2.1\com.mojang\text2speech\1.17.9\3cad216e3a7f0c19b4b394388bc9ffc446f13b14\text2speech-1.17.9.jar because it was already located earlier
[27июл.2024 20:31:53.174] [main/DEBUG] [net.neoforged.fml.loading.moddiscovery.ModDiscoverer/]: Skipping C:\Users\nikda\.mcreator\gradle\caches\modules-2\files-2.1\org.slf4j\slf4j-api\2.0.9\7cf2726fdcfbc8610f9a71fb3ed639871f315340\slf4j-api-2.0.9.jar because it was already located earlier
[27июл.2024 20:31:53.174] [main/DEBUG] [net.neoforged.fml.loading.moddiscovery.ModDiscoverer/]: Skipping C:\Users\nikda\.mcreator\gradle\caches\modules-2\files-2.1\com.google.code.gson\gson\2.10.1\b3add478d4382b78ea20b1671390a858002feb6c\gson-2.10.1.jar because it was already located earlier
[27июл.2024 20:31:53.174] [main/DEBUG] [net.neoforged.fml.loading.moddiscovery.ModDiscoverer/]: Skipping C:\Users\nikda\.mcreator\gradle\caches\modules-2\files-2.1\com.mojang\patchy\2.2.10\da05971b07cbb379d002cf7eaec6a2048211fefc\patchy-2.2.10.jar because it was already located earlier
[27июл.2024 20:31:53.174] [main/DEBUG] [net.neoforged.fml.loading.moddiscovery.ModDiscoverer/]: Skipping C:\Users\nikda\.mcreator\gradle\caches\modules-2\files-2.1\com.google.guava\guava\32.1.2-jre\5e64ec7e056456bef3a4bc4c6fdaef71e8ab6318\guava-32.1.2-jre.jar because it was already located earlier
[27июл.2024 20:31:53.175] [main/DEBUG] [net.neoforged.fml.loading.moddiscovery.ModDiscoverer/]: Skipping C:\Users\nikda\.mcreator\gradle\caches\modules-2\files-2.1\com.google.guava\failureaccess\1.0.1\1dcf1de382a0bf95a3d8b0849546c88bac1292c9\failureaccess-1.0.1.jar because it was already located earlier
[27июл.2024 20:31:53.175] [main/DEBUG] [net.neoforged.fml.loading.moddiscovery.ModDiscoverer/]: Skipping C:\Users\nikda\.mcreator\gradle\caches\modules-2\files-2.1\com.google.guava\listenablefuture\9999.0-empty-to-avoid-conflict-with-guava\b421526c5f297295adef1c886e5246c39d4ac629\listenablefuture-9999.0-empty-to-avoid-conflict-with-guava.jar because it was already located earlier
[27июл.2024 20:31:53.175] [main/DEBUG] [net.neoforged.fml.loading.moddiscovery.ModDiscoverer/]: Skipping C:\Users\nikda\.mcreator\gradle\caches\modules-2\files-2.1\com.google.code.findbugs\jsr305\3.0.2\25ea2e8b0c338a877313bd4672d3fe056ea78f0d\jsr305-3.0.2.jar because it was already located earlier
[27июл.2024 20:31:53.175] [main/DEBUG] [net.neoforged.fml.loading.moddiscovery.ModDiscoverer/]: Skipping C:\Users\nikda\.mcreator\gradle\caches\modules-2\files-2.1\org.checkerframework\checker-qual\3.33.0\de2b60b62da487644fc11f734e73c8b0b431238f\checker-qual-3.33.0.jar because it was already located earlier
[27июл.2024 20:31:53.175] [main/DEBUG] [net.neoforged.fml.loading.moddiscovery.ModDiscoverer/]: Skipping C:\Users\nikda\.mcreator\gradle\caches\modules-2\files-2.1\com.google.errorprone\error_prone_annotations\2.18.0\89b684257096f548fa39a7df9fdaa409d4d4df91\error_prone_annotations-2.18.0.jar because it was already located earlier
[27июл.2024 20:31:53.175] [main/DEBUG] [net.neoforged.fml.loading.moddiscovery.ModDiscoverer/]: Skipping C:\Users\nikda\.mcreator\gradle\caches\modules-2\files-2.1\com.google.j2objc\j2objc-annotations\2.8\c85270e307e7b822f1086b93689124b89768e273\j2objc-annotations-2.8.jar because it was already located earlier
[27июл.2024 20:31:53.175] [main/DEBUG] [net.neoforged.fml.loading.moddiscovery.ModDiscoverer/]: Skipping C:\Users\nikda\.mcreator\gradle\caches\modules-2\files-2.1\commons-io\commons-io\2.15.1\f11560da189ab563a5c8e351941415430e9304ea\commons-io-2.15.1.jar because it was already located earlier
[27июл.2024 20:31:53.175] [main/DEBUG] [net.neoforged.fml.loading.moddiscovery.ModDiscoverer/]: Skipping C:\Users\nikda\.mcreator\gradle\caches\modules-2\files-2.1\net.sf.jopt-simple\jopt-simple\5.0.4\4fdac2fbe92dfad86aa6e9301736f6b4342a3f5c\jopt-simple-5.0.4.jar because it was already located earlier
[27июл.2024 20:31:53.175] [main/DEBUG] [net.neoforged.fml.loading.moddiscovery.ModDiscoverer/]: Skipping C:\Users\nikda\.mcreator\gradle\caches\modules-2\files-2.1\net.minecraftforge\srgutils\0.4.15\ca408b131759478f164e010fae0d73997e125fb5\srgutils-0.4.15.jar because it was already located earlier
[27июл.2024 20:31:53.175] [main/DEBUG] [net.neoforged.fml.loading.moddiscovery.ModDiscoverer/]: Skipping C:\Users\nikda\.mcreator\gradle\caches\modules-2\files-2.1\org.antlr\antlr4-runtime\4.13.1\17125bae1d965624e265ef49552f6465a2bfa307\antlr4-runtime-4.13.1.jar because it was already located earlier
[27июл.2024 20:31:53.175] [main/DEBUG] [net.neoforged.fml.loading.moddiscovery.ModDiscoverer/]: Skipping C:\Users\nikda\.mcreator\gradle\caches\modules-2\files-2.1\org.jline\jline-reader\3.12.1\4382ab1382c7b6f379377ed5f665dc2f6e1218bc\jline-reader-3.12.1.jar because it was already located earlier
[27июл.2024 20:31:53.175] [main/DEBUG] [net.neoforged.fml.loading.moddiscovery.ModDiscoverer/]: Skipping C:\Users\nikda\.mcreator\gradle\caches\modules-2\files-2.1\org.jline\jline-terminal\3.12.1\c777448314e050d980a6b697c140f3bfe9eb7416\jline-terminal-3.12.1.jar because it was already located earlier
[27июл.2024 20:31:53.175] [main/DEBUG] [net.neoforged.fml.loading.moddiscovery.ModDiscoverer/]: Skipping C:\Users\nikda\.mcreator\gradle\caches\modules-2\files-2.1\org.codehaus.plexus\plexus-utils\3.3.0\cf43b5391de623b36fe066a21127baef82c64022\plexus-utils-3.3.0.jar because it was already located earlier
[27июл.2024 20:31:53.175] [main/DEBUG] [net.neoforged.fml.loading.moddiscovery.ModDiscoverer/]: Skipping C:\Users\nikda\.mcreator\gradle\caches\modules-2\files-2.1\com.machinezoo.noexception\noexception\1.7.1\b65330c98e38a1f915fa54a6e5eca496505e3f0a\noexception-1.7.1.jar because it was already located earlier
[27июл.2024 20:31:53.175] [main/DEBUG] [net.neoforged.fml.loading.moddiscovery.ModDiscoverer/]: Skipping G:\P MCreator\Workspace\truedarkness — копия\.gradle\repositories\ng_dummy_ng\net\minecraft\client\1.20.6\client-1.20.6-client-extra.jar because it was already located earlier
[27июл.2024 20:31:53.175] [main/DEBUG] [net.neoforged.fml.loading.moddiscovery.ModDiscoverer/]: Skipping C:\Users\nikda\.mcreator\gradle\caches\modules-2\files-2.1\com.ibm.icu\icu4j\73.2\61ad4ef7f9131fcf6d25c34b817f90d6da06c9e9\icu4j-73.2.jar because it was already located earlier
[27июл.2024 20:31:53.176] [main/DEBUG] [net.neoforged.fml.loading.moddiscovery.ModDiscoverer/]: Skipping C:\Users\nikda\.mcreator\gradle\caches\modules-2\files-2.1\com.mojang\blocklist\1.0.10\5c685c5ffa94c4cd39496c7184c1d122e515ecef\blocklist-1.0.10.jar because it was already located earlier
[27июл.2024 20:31:53.176] [main/DEBUG] [net.neoforged.fml.loading.moddiscovery.ModDiscoverer/]: Skipping C:\Users\nikda\.mcreator\gradle\caches\modules-2\files-2.1\com.mojang\brigadier\1.2.9\73e324f2ee541493a5179abf367237faa782ed21\brigadier-1.2.9.jar because it was already located earlier
[27июл.2024 20:31:53.176] [main/DEBUG] [net.neoforged.fml.loading.moddiscovery.ModDiscoverer/]: Skipping C:\Users\nikda\.mcreator\gradle\caches\modules-2\files-2.1\org.apache.httpcomponents\httpclient\4.5.13\e5f6cae5ca7ecaac1ec2827a9e2d65ae2869cada\httpclient-4.5.13.jar because it was already located earlier
[27июл.2024 20:31:53.176] [main/DEBUG] [net.neoforged.fml.loading.moddiscovery.ModDiscoverer/]: Skipping C:\Users\nikda\.mcreator\gradle\caches\modules-2\files-2.1\commons-codec\commons-codec\1.16.0\4e3eb3d79888d76b54e28b350915b5dc3919c9de\commons-codec-1.16.0.jar because it was already located earlier
[27июл.2024 20:31:53.176] [main/DEBUG] [net.neoforged.fml.loading.moddiscovery.ModDiscoverer/]: Skipping C:\Users\nikda\.mcreator\gradle\caches\modules-2\files-2.1\commons-logging\commons-logging\1.2\4bfc12adfe4842bf07b657f0369c4cb522955686\commons-logging-1.2.jar because it was already located earlier
[27июл.2024 20:31:53.176] [main/DEBUG] [net.neoforged.fml.loading.moddiscovery.ModDiscoverer/]: Skipping C:\Users\nikda\.mcreator\gradle\caches\modules-2\files-2.1\io.netty\netty-handler\4.1.97.Final\abb86c6906bf512bf2b797a41cd7d2e8d3cd7c36\netty-handler-4.1.97.Final.jar because it was already located earlier
[27июл.2024 20:31:53.176] [main/DEBUG] [net.neoforged.fml.loading.moddiscovery.ModDiscoverer/]: Skipping C:\Users\nikda\.mcreator\gradle\caches\modules-2\files-2.1\io.netty\netty-codec\4.1.97.Final\384ba4d75670befbedb45c4d3b497a93639c206d\netty-codec-4.1.97.Final.jar because it was already located earlier
[27июл.2024 20:31:53.176] [main/DEBUG] [net.neoforged.fml.loading.moddiscovery.ModDiscoverer/]: Skipping C:\Users\nikda\.mcreator\gradle\caches\modules-2\files-2.1\io.netty\netty-transport-classes-epoll\4.1.97.Final\795da37ded759e862457a82d9d92c4d39ce8ecee\netty-transport-classes-epoll-4.1.97.Final.jar because it was already located earlier
[27июл.2024 20:31:53.176] [main/DEBUG] [net.neoforged.fml.loading.moddiscovery.ModDiscoverer/]: Skipping C:\Users\nikda\.mcreator\gradle\caches\modules-2\files-2.1\io.netty\netty-transport-native-unix-common\4.1.97.Final\d469d84265ab70095b01b40886cabdd433b6e664\netty-transport-native-unix-common-4.1.97.Final.jar because it was already located earlier
[27июл.2024 20:31:53.176] [main/DEBUG] [net.neoforged.fml.loading.moddiscovery.ModDiscoverer/]: Skipping C:\Users\nikda\.mcreator\gradle\caches\modules-2\files-2.1\io.netty\netty-transport\4.1.97.Final\f37380d23c9bb079bc702910833b2fd532c9abd0\netty-transport-4.1.97.Final.jar because it was already located earlier
[27июл.2024 20:31:53.176] [main/DEBUG] [net.neoforged.fml.loading.moddiscovery.ModDiscoverer/]: Skipping C:\Users\nikda\.mcreator\gradle\caches\modules-2\files-2.1\io.netty\netty-buffer\4.1.97.Final\f8f3d8644afa5e6e1a40a3a6aeb9d9aa970ecb4f\netty-buffer-4.1.97.Final.jar because it was already located earlier
[27июл.2024 20:31:53.176] [main/DEBUG] [net.neoforged.fml.loading.moddiscovery.ModDiscoverer/]: Skipping C:\Users\nikda\.mcreator\gradle\caches\modules-2\files-2.1\io.netty\netty-resolver\4.1.97.Final\cec8348108dc76c47cf87c669d514be52c922144\netty-resolver-4.1.97.Final.jar because it was already located earlier
[27июл.2024 20:31:53.176] [main/DEBUG] [net.neoforged.fml.loading.moddiscovery.ModDiscoverer/]: Skipping C:\Users\nikda\.mcreator\gradle\caches\modules-2\files-2.1\io.netty\netty-common\4.1.97.Final\7cceacaf11df8dc63f23d0fb58e9d4640fc88404\netty-common-4.1.97.Final.jar because it was already located earlier
[27июл.2024 20:31:53.176] [main/DEBUG] [net.neoforged.fml.loading.moddiscovery.ModDiscoverer/]: Skipping C:\Users\nikda\.mcreator\gradle\caches\modules-2\files-2.1\it.unimi.dsi\fastutil\8.5.12\c24946d46824bd528054bface3231d2ecb7e95e8\fastutil-8.5.12.jar because it was already located earlier
[27июл.2024 20:31:53.176] [main/DEBUG] [net.neoforged.fml.loading.moddiscovery.ModDiscoverer/]: Skipping C:\Users\nikda\.mcreator\gradle\caches\modules-2\files-2.1\net.java.dev.jna\jna-platform\5.14.0\28934d48aed814f11e4c584da55c49fa7032b31b\jna-platform-5.14.0.jar because it was already located earlier
[27июл.2024 20:31:53.176] [main/DEBUG] [net.neoforged.fml.loading.moddiscovery.ModDiscoverer/]: Skipping C:\Users\nikda\.mcreator\gradle\caches\modules-2\files-2.1\ca.weblite\java-objc-bridge\1.1\1227f9e0666314f9de41477e3ec277e542ed7f7b\java-objc-bridge-1.1.jar because it was already located earlier
[27июл.2024 20:31:53.176] [main/DEBUG] [net.neoforged.fml.loading.moddiscovery.ModDiscoverer/]: Skipping C:\Users\nikda\.mcreator\gradle\caches\modules-2\files-2.1\net.java.dev.jna\jna\5.14.0\67bf3eaea4f0718cb376a181a629e5f88fa1c9dd\jna-5.14.0.jar because it was already located earlier
[27июл.2024 20:31:53.177] [main/DEBUG] [net.neoforged.fml.loading.moddiscovery.ModDiscoverer/]: Skipping C:\Users\nikda\.mcreator\gradle\caches\modules-2\files-2.1\org.apache.httpcomponents\httpcore\4.4.16\51cf043c87253c9f58b539c9f7e44c8894223850\httpcore-4.4.16.jar because it was already located earlier
[27июл.2024 20:31:53.177] [main/DEBUG] [net.neoforged.fml.loading.moddiscovery.ModDiscoverer/]: Skipping C:\Users\nikda\.mcreator\gradle\caches\modules-2\files-2.1\org.jcraft\jorbis\0.0.17\8872d22b293e8f5d7d56ff92be966e6dc28ebdc6\jorbis-0.0.17.jar because it was already located earlier
[27июл.2024 20:31:53.177] [main/DEBUG] [net.neoforged.fml.loading.moddiscovery.ModDiscoverer/]: Skipping C:\Users\nikda\.mcreator\gradle\caches\modules-2\files-2.1\org.joml\joml\1.10.5\22566d58af70ad3d72308bab63b8339906deb649\joml-1.10.5.jar because it was already located earlier
[27июл.2024 20:31:53.177] [main/DEBUG] [net.neoforged.fml.loading.moddiscovery.ModDiscoverer/]: Skipping C:\Users\nikda\.mcreator\gradle\caches\modules-2\files-2.1\org.lwjgl\lwjgl-freetype\3.3.3\a0db6c84a8becc8ca05f9dbfa985edc348a824c7\lwjgl-freetype-3.3.3.jar because it was already located earlier
[27июл.2024 20:31:53.182] [main/DEBUG] [net.neoforged.fml.loading.moddiscovery.ModDiscoverer/]: Skipping C:\Users\nikda\.mcreator\gradle\caches\modules-2\files-2.1\org.lwjgl\lwjgl-freetype\3.3.3\15a8c1de7f51d07a92eae7ce1222557073a0c0c3\lwjgl-freetype-3.3.3-natives-windows-x86.jar because it was already located earlier
[27июл.2024 20:31:53.182] [main/DEBUG] [net.neoforged.fml.loading.moddiscovery.ModDiscoverer/]: Skipping C:\Users\nikda\.mcreator\gradle\caches\modules-2\files-2.1\org.lwjgl\lwjgl-glfw\3.3.3\efa1eb78c5ccd840e9f329717109b5e892d72f8e\lwjgl-glfw-3.3.3.jar because it was already located earlier
[27июл.2024 20:31:53.188] [main/DEBUG] [net.neoforged.fml.loading.moddiscovery.ModDiscoverer/]: Skipping C:\Users\nikda\.mcreator\gradle\caches\modules-2\files-2.1\org.lwjgl\lwjgl-glfw\3.3.3\32334f3fd5270a59bad9939a93115acb6de36dcf\lwjgl-glfw-3.3.3-natives-windows-x86.jar because it was already located earlier
[27июл.2024 20:31:53.188] [main/DEBUG] [net.neoforged.fml.loading.moddiscovery.ModDiscoverer/]: Skipping C:\Users\nikda\.mcreator\gradle\caches\modules-2\files-2.1\org.lwjgl\lwjgl-jemalloc\3.3.3\b543467b7ff3c6920539a88ee602d34098628be5\lwjgl-jemalloc-3.3.3.jar because it was already located earlier
[27июл.2024 20:31:53.188] [main/DEBUG] [net.neoforged.fml.loading.moddiscovery.ModDiscoverer/]: Skipping C:\Users\nikda\.mcreator\gradle\caches\modules-2\files-2.1\org.lwjgl\lwjgl-jemalloc\3.3.3\426222fc027602a5f21b9c0fe79cde6a4c7a011f\lwjgl-jemalloc-3.3.3-natives-windows.jar because it was already located earlier
[27июл.2024 20:31:53.194] [main/DEBUG] [net.neoforged.fml.loading.moddiscovery.ModDiscoverer/]: Skipping C:\Users\nikda\.mcreator\gradle\caches\modules-2\files-2.1\org.lwjgl\lwjgl-openal\3.3.3\daada81ceb5fc0c291fbfdd4433cb8d9423577f2\lwjgl-openal-3.3.3.jar because it was already located earlier
[27июл.2024 20:31:53.199] [main/DEBUG] [net.neoforged.fml.loading.moddiscovery.ModDiscoverer/]: Skipping C:\Users\nikda\.mcreator\gradle\caches\modules-2\files-2.1\org.lwjgl\lwjgl-openal\3.3.3\87b8d5050e3adb46bb58fe1cb2669a4a48fce10d\lwjgl-openal-3.3.3-natives-windows-x86.jar because it was already located earlier
[27июл.2024 20:31:53.199] [main/DEBUG] [net.neoforged.fml.loading.moddiscovery.ModDiscoverer/]: Skipping C:\Users\nikda\.mcreator\gradle\caches\modules-2\files-2.1\org.lwjgl\lwjgl-opengl\3.3.3\2f6b0147078396a58979125a4c947664e98293a\lwjgl-opengl-3.3.3.jar because it was already located earlier
[27июл.2024 20:31:53.202] [main/DEBUG] [net.neoforged.fml.loading.moddiscovery.ModDiscoverer/]: Skipping C:\Users\nikda\.mcreator\gradle\caches\modules-2\files-2.1\org.lwjgl\lwjgl-opengl\3.3.3\65e956d3735a1abdc82eff4baec1b61174697d4b\lwjgl-opengl-3.3.3-natives-windows-arm64.jar because it was already located earlier
[27июл.2024 20:31:53.205] [main/DEBUG] [net.neoforged.fml.loading.moddiscovery.ModDiscoverer/]: Skipping C:\Users\nikda\.mcreator\gradle\caches\modules-2\files-2.1\org.lwjgl\lwjgl-stb\3.3.3\25dd6161988d7e65f71d5065c99902402ee32746\lwjgl-stb-3.3.3.jar because it was already located earlier
[27июл.2024 20:31:53.206] [main/DEBUG] [net.neoforged.fml.loading.moddiscovery.ModDiscoverer/]: Skipping C:\Users\nikda\.mcreator\gradle\caches\modules-2\files-2.1\org.lwjgl\lwjgl-stb\3.3.3\1d9facdf6541de114b0f963be33505b7679c78cb\lwjgl-stb-3.3.3-natives-windows.jar because it was already located earlier
[27июл.2024 20:31:53.212] [main/DEBUG] [net.neoforged.fml.loading.moddiscovery.ModDiscoverer/]: Skipping C:\Users\nikda\.mcreator\gradle\caches\modules-2\files-2.1\org.lwjgl\lwjgl-tinyfd\3.3.3\82d755ca94b102e9ca77283b9e2dc46d1b15fbe5\lwjgl-tinyfd-3.3.3.jar because it was already located earlier
[27июл.2024 20:31:53.212] [main/DEBUG] [net.neoforged.fml.loading.moddiscovery.ModDiscoverer/]: Skipping C:\Users\nikda\.mcreator\gradle\caches\modules-2\files-2.1\org.lwjgl\lwjgl-tinyfd\3.3.3\a6697981b0449a5087c1d546fc08b4f73e8f98c9\lwjgl-tinyfd-3.3.3-natives-windows.jar because it was already located earlier
[27июл.2024 20:31:53.219] [main/DEBUG] [net.neoforged.fml.loading.moddiscovery.ModDiscoverer/]: Skipping C:\Users\nikda\.mcreator\gradle\caches\modules-2\files-2.1\org.lwjgl\lwjgl\3.3.3\29589b5f87ed335a6c7e7ee6a5775f81f97ecb84\lwjgl-3.3.3.jar because it was already located earlier
[27июл.2024 20:31:53.225] [main/DEBUG] [net.neoforged.fml.loading.moddiscovery.ModDiscoverer/]: Skipping C:\Users\nikda\.mcreator\gradle\caches\modules-2\files-2.1\org.lwjgl\lwjgl\3.3.3\9e670718e050aeaeea0c2d5b907cffb142f2e58f\lwjgl-3.3.3-natives-windows-x86.jar because it was already located earlier
[27июл.2024 20:31:53.225] [main/DEBUG] [net.neoforged.fml.loading.moddiscovery.ModDiscoverer/]: Skipping C:\Users\nikda\.mcreator\gradle\caches\modules-2\files-2.1\org.lz4\lz4-java\1.8.0\4b986a99445e49ea5fbf5d149c4b63f6ed6c6780\lz4-java-1.8.0.jar because it was already located earlier
[27июл.2024 20:31:53.225] [main/DEBUG] [net.neoforged.fml.loading.moddiscovery.ModDiscoverer/]: Skipping C:\Users\nikda\.mcreator\gradle\caches\modules-2\files-2.1\org.jetbrains\annotations\24.1.0\7af6a669488450c4a07c2c3254e2151df42d7d04\annotations-24.1.0.jar because it was already located earlier
[27июл.2024 20:31:53.225] [main/DEBUG] [net.neoforged.fml.loading.moddiscovery.ModDiscoverer/SCAN]: Locator userdev mods and services found 5 mods, 0 warnings, 0 errors and skipped 86 candidates
[27июл.2024 20:31:53.227] [main/DEBUG] [net.neoforged.fml.loading.UniqueModListBuilder/]: Found 2 mods for first modid neoforge, selecting most recent based on version data
[27июл.2024 20:31:53.227] [main/DEBUG] [net.neoforged.fml.loading.UniqueModListBuilder/]: Selected file neoforge-20.6.117.jar for modid neoforge with version 20.6.117
[27июл.2024 20:31:53.230] [main/DEBUG] [net.neoforged.fml.loading.moddiscovery.ModDiscoverer/SCAN]: Successfully Loaded 6 mods. Attempting to load dependencies...
[27июл.2024 20:31:53.230] [main/DEBUG] [net.neoforged.fml.loading.moddiscovery.ModDiscoverer/SCAN]: Trying locator jarinjar
[27июл.2024 20:31:53.233] [main/TRACE] [net.neoforged.fml.loading.moddiscovery.locators.JarInJarDependencyLocator/]: Failed to load resource META-INF\jarjar\metadata.json from neoforge-20.6.117.jar, it does not contain dependency information.
[27июл.2024 20:31:53.233] [main/TRACE] [net.neoforged.fml.loading.moddiscovery.locators.JarInJarDependencyLocator/]: Failed to load resource META-INF\jarjar\metadata.json from mixinextras-neoforge-0.3.5.jar, it does not contain dependency information.
[27июл.2024 20:31:53.233] [main/TRACE] [net.neoforged.fml.loading.moddiscovery.locators.JarInJarDependencyLocator/]: Failed to load resource META-INF\jarjar\metadata.json from main, it does not contain dependency information.
[27июл.2024 20:31:53.233] [main/TRACE] [net.neoforged.fml.loading.moddiscovery.locators.JarInJarDependencyLocator/]: Failed to load resource META-INF\jarjar\metadata.json from curios-neoforge-8.0.1+1.20.6.jar, it does not contain dependency information.
[27июл.2024 20:31:53.233] [main/TRACE] [net.neoforged.fml.loading.moddiscovery.locators.JarInJarDependencyLocator/]: Failed to load resource META-INF\jarjar\metadata.json from jei-1.20.6-neoforge-18.0.0.65.jar, it does not contain dependency information.
[27июл.2024 20:31:53.302] [main/DEBUG] [net.neoforged.fml.loading.moddiscovery.readers.JarModsDotTomlModFileReader/SCAN]: Found META-INF/MANIFEST.MF mod of type GAMELIBRARY: 
[27июл.2024 20:31:53.303] [main/TRACE] [net.neoforged.fml.loading.moddiscovery.locators.JarInJarDependencyLocator/]: Failed to load resource META-INF\jarjar\metadata.json from mixinextras-neoforge-0.3.5.jar, it does not contain dependency information.
[27июл.2024 20:31:53.324] [main/DEBUG] [net.neoforged.fml.loading.moddiscovery.readers.JarModsDotTomlModFileReader/SCAN]: Found META-INF/MANIFEST.MF mod of type GAMELIBRARY: 
[27июл.2024 20:31:53.326] [main/WARN] [net.neoforged.jarjar.selection.JarSelector/]: Attempted to select a dependency jar for JarJar which was passed in as source: mixinextras-neoforge-0.3.5.jar. Using Mod File: C:\Users\nikda\.mcreator\gradle\caches\modules-2\files-2.1\io.github.llamalad7\mixinextras-neoforge\0.3.5\ef3ffcf309dae656517b2f120189b1c9b21737dd\mixinextras-neoforge-0.3.5.jar
[27июл.2024 20:31:53.326] [main/INFO] [net.neoforged.fml.loading.moddiscovery.locators.JarInJarDependencyLocator/]: No dependencies to load found. Skipping!
[27июл.2024 20:31:53.327] [main/DEBUG] [net.neoforged.fml.loading.moddiscovery.ModFileInfo/LOADING]: Found valid mod file neoforge-20.6.117.jar with {minecraft} mods - versions {1.20.6}
[27июл.2024 20:31:53.329] [main/DEBUG] [net.neoforged.fml.loading.moddiscovery.ModFile/LOADING]: Loading mod file G:\P MCreator\Workspace\truedarkness — копия\.gradle\repositories\ng_dummy_ng\net\neoforged\neoforge\20.6.117\neoforge-20.6.117.jar with languages [LanguageSpec[languageName=minecraft, acceptedVersions=1]]
[27июл.2024 20:31:53.331] [main/DEBUG] [net.neoforged.fml.loading.moddiscovery.ModFileParser/LOADING]: Considering mod file candidate G:\P MCreator\Workspace\truedarkness — копия\build\resources\main
[27июл.2024 20:31:53.332] [main/DEBUG] [net.neoforged.fml.loading.moddiscovery.ModFileInfo/LOADING]: Found valid mod file main with {truedarkness} mods - versions {2.3}
[27июл.2024 20:31:53.333] [main/DEBUG] [net.neoforged.fml.loading.moddiscovery.ModFile/LOADING]: Loading mod file G:\P MCreator\Workspace\truedarkness — копия\build\resources\main with languages [LanguageSpec[languageName=javafml, acceptedVersions=[2,)]]
[27июл.2024 20:31:53.333] [main/DEBUG] [net.neoforged.fml.loading.moddiscovery.ModFileParser/LOADING]: Considering mod file candidate C:\Users\nikda\.mcreator\gradle\caches\modules-2\files-2.1\top.theillusivec4.curios\curios-neoforge\8.0.1+1.20.6\1d08afffe1ce24cd006dd28edeeb4c4e7febbbd9\curios-neoforge-8.0.1+1.20.6.jar
[27июл.2024 20:31:53.334] [main/DEBUG] [net.neoforged.fml.loading.moddiscovery.ModFileInfo/LOADING]: Found valid mod file curios-neoforge-8.0.1+1.20.6.jar with {curios} mods - versions {8.0.1+1.20.6}
[27июл.2024 20:31:53.334] [main/DEBUG] [net.neoforged.fml.loading.moddiscovery.ModFile/LOADING]: Loading mod file C:\Users\nikda\.mcreator\gradle\caches\modules-2\files-2.1\top.theillusivec4.curios\curios-neoforge\8.0.1+1.20.6\1d08afffe1ce24cd006dd28edeeb4c4e7febbbd9\curios-neoforge-8.0.1+1.20.6.jar with languages [LanguageSpec[languageName=javafml, acceptedVersions=[1,)]]
[27июл.2024 20:31:53.334] [main/DEBUG] [net.neoforged.fml.loading.moddiscovery.ModFile/LOADING]: Found mixin config curios.neoforge.mixins.json
[27июл.2024 20:31:53.334] [main/DEBUG] [net.neoforged.fml.loading.moddiscovery.ModFile/LOADING]: Found mixin config curios.mixins.json
[27июл.2024 20:31:53.335] [main/DEBUG] [net.neoforged.fml.loading.moddiscovery.ModFileParser/LOADING]: Considering mod file candidate G:\P MCreator\Workspace\truedarkness — копия\.gradle\repositories\ng_dummy_ng\net\neoforged\neoforge\20.6.117\neoforge-20.6.117.jar
[27июл.2024 20:31:53.335] [main/DEBUG] [net.neoforged.fml.loading.moddiscovery.ModFileInfo/LOADING]: Found valid mod file neoforge-20.6.117.jar with {neoforge} mods - versions {20.6.117}
[27июл.2024 20:31:53.335] [main/DEBUG] [net.neoforged.fml.loading.moddiscovery.ModFile/LOADING]: Loading mod file G:\P MCreator\Workspace\truedarkness — копия\.gradle\repositories\ng_dummy_ng\net\neoforged\neoforge\20.6.117\neoforge-20.6.117.jar with languages [LanguageSpec[languageName=javafml, acceptedVersions=[3,]]]
[27июл.2024 20:31:53.337] [main/DEBUG] [net.neoforged.fml.loading.moddiscovery.ModFileParser/LOADING]: Found coremod field_to_method with Javascript path coremods/field_to_method.js
[27июл.2024 20:31:53.337] [main/DEBUG] [net.neoforged.fml.loading.moddiscovery.ModFileParser/LOADING]: Found coremod field_to_instanceof with Javascript path coremods/field_to_instanceof.js
[27июл.2024 20:31:53.338] [main/DEBUG] [net.neoforged.fml.loading.moddiscovery.ModFileParser/LOADING]: Found coremod add_bouncer_method with Javascript path coremods/add_bouncer_method.js
[27июл.2024 20:31:53.338] [main/DEBUG] [net.neoforged.fml.loading.moddiscovery.ModFileParser/LOADING]: Found coremod method_redirector with Javascript path coremods/method_redirector.js
[27июл.2024 20:31:53.338] [main/DEBUG] [net.neoforged.fml.loading.moddiscovery.ModFileParser/LOADING]: Considering mod file candidate C:\Users\nikda\.mcreator\gradle\caches\modules-2\files-2.1\mezz.jei\jei-1.20.6-neoforge\18.0.0.65\d9a3fa2b5826398f21dbc28f568a07acaddbc703\jei-1.20.6-neoforge-18.0.0.65.jar
[27июл.2024 20:31:53.339] [main/DEBUG] [net.neoforged.fml.loading.moddiscovery.ModFileInfo/LOADING]: Found valid mod file jei-1.20.6-neoforge-18.0.0.65.jar with {jei} mods - versions {18.0.0.65}
[27июл.2024 20:31:53.339] [main/DEBUG] [net.neoforged.fml.loading.moddiscovery.ModFile/LOADING]: Loading mod file C:\Users\nikda\.mcreator\gradle\caches\modules-2\files-2.1\mezz.jei\jei-1.20.6-neoforge\18.0.0.65\d9a3fa2b5826398f21dbc28f568a07acaddbc703\jei-1.20.6-neoforge-18.0.0.65.jar with languages [LanguageSpec[languageName=javafml, acceptedVersions=[1,)]]
[27июл.2024 20:31:53.339] [main/DEBUG] [net.neoforged.fml.loading.moddiscovery.ModFile/LOADING]: Loading mod file C:\Users\nikda\.mcreator\gradle\caches\modules-2\files-2.1\io.github.llamalad7\mixinextras-neoforge\0.3.5\ef3ffcf309dae656517b2f120189b1c9b21737dd\mixinextras-neoforge-0.3.5.jar with languages []
[27июл.2024 20:31:53.339] [main/DEBUG] [net.neoforged.fml.loading.moddiscovery.ModValidator/SCAN]: Found 6 mod files with 5 mods
[27июл.2024 20:31:53.340] [main/DEBUG] [cpw.mods.modlauncher.TransformationServiceDecorator/MODLAUNCHER]: End scan trigger - transformation service fml
[27июл.2024 20:31:53.344] [main/DEBUG] [net.neoforged.fml.util.ServiceLoaderUtil/CORE]: Found 3 implementations of IModLanguageLoader:
[27июл.2024 20:31:53.345] [main/DEBUG] [net.neoforged.fml.util.ServiceLoaderUtil/CORE]: 	net.neoforged.fml.javafmlmod.FMLJavaModLanguageProvider from loader-3.0.45.jar
[27июл.2024 20:31:53.345] [main/DEBUG] [net.neoforged.fml.util.ServiceLoaderUtil/CORE]: 	net.neoforged.fml.lowcodemod.LowCodeModLanguageProvider from loader-3.0.45.jar
[27июл.2024 20:31:53.345] [main/DEBUG] [net.neoforged.fml.util.ServiceLoaderUtil/CORE]: 	net.neoforged.fml.mclanguageprovider.MinecraftModLanguageProvider from loader-3.0.45.jar
[27июл.2024 20:31:53.345] [main/DEBUG] [net.neoforged.fml.loading.LanguageProviderLoader/CORE]: Found language provider javafml, version 3.0.45
[27июл.2024 20:31:53.346] [main/DEBUG] [net.neoforged.fml.loading.LanguageProviderLoader/CORE]: Found language provider lowcodefml, version 3.0.45
[27июл.2024 20:31:53.346] [main/DEBUG] [net.neoforged.fml.loading.LanguageProviderLoader/CORE]: Found language provider minecraft, version 3.0.45
[27июл.2024 20:31:53.350] [main/DEBUG] [net.neoforged.fml.loading.ModSorter/]: Configured system mods: [minecraft, neoforge]
[27июл.2024 20:31:53.350] [main/DEBUG] [net.neoforged.fml.loading.ModSorter/]: Found system mod: minecraft
[27июл.2024 20:31:53.350] [main/DEBUG] [net.neoforged.fml.loading.ModSorter/]: Found system mod: neoforge
[27июл.2024 20:31:53.352] [main/DEBUG] [net.neoforged.fml.loading.ModSorter/LOADING]: Found 8 mod requirements (6 mandatory, 2 optional)
[27июл.2024 20:31:53.352] [main/DEBUG] [net.neoforged.fml.loading.ModSorter/LOADING]: Found 0 mod requirements missing (0 mandatory, 0 optional)
[27июл.2024 20:31:53.366] [main/DEBUG] [net.neoforged.fml.loading.FMLLoader/SCAN]: Adding Access Transformer in C:\Users\nikda\.mcreator\gradle\caches\modules-2\files-2.1\top.theillusivec4.curios\curios-neoforge\8.0.1+1.20.6\1d08afffe1ce24cd006dd28edeeb4c4e7febbbd9\curios-neoforge-8.0.1+1.20.6.jar
[27июл.2024 20:31:53.368] [main/DEBUG] [AXFORM/AXFORM]: Loading access transformer accesstransformer.cfg
[27июл.2024 20:31:53.430] [main/DEBUG] [AXFORM/AXFORM]: Loaded access transformer accesstransformer.cfg
[27июл.2024 20:31:53.430] [main/DEBUG] [net.neoforged.fml.loading.FMLLoader/SCAN]: Adding Access Transformer in G:\P MCreator\Workspace\truedarkness — копия\.gradle\repositories\ng_dummy_ng\net\neoforged\neoforge\20.6.117\neoforge-20.6.117.jar
[27июл.2024 20:31:53.432] [main/DEBUG] [AXFORM/AXFORM]: Loading access transformer accesstransformer.cfg
[27июл.2024 20:31:53.475] [main/DEBUG] [AXFORM/AXFORM]: Loaded access transformer accesstransformer.cfg
[27июл.2024 20:31:53.475] [main/DEBUG] [net.neoforged.fml.loading.FMLLoader/SCAN]: Adding Access Transformer in G:\P MCreator\Workspace\truedarkness — копия\build\resources\main
[27июл.2024 20:31:53.476] [main/DEBUG] [AXFORM/AXFORM]: Loading access transformer accesstransformer.cfg
[27июл.2024 20:31:53.478] [main/DEBUG] [AXFORM/AXFORM]: Loaded access transformer accesstransformer.cfg
[27июл.2024 20:31:53.479] [main/DEBUG] [net.neoforged.fml.loading.FMLLoader/SCAN]: Adding Access Transformer in C:\Users\nikda\.mcreator\gradle\caches\modules-2\files-2.1\mezz.jei\jei-1.20.6-neoforge\18.0.0.65\d9a3fa2b5826398f21dbc28f568a07acaddbc703\jei-1.20.6-neoforge-18.0.0.65.jar
[27июл.2024 20:31:53.479] [main/DEBUG] [AXFORM/AXFORM]: Loading access transformer accesstransformer.cfg
[27июл.2024 20:31:53.482] [main/DEBUG] [AXFORM/AXFORM]: Loaded access transformer accesstransformer.cfg
[27июл.2024 20:31:53.483] [main/DEBUG] [mixin/]: Adding mixin platform agents for container net.neoforged.fml.loading.mixin.FMLMixinContainerHandle@77c7ed8e
[27июл.2024 20:31:53.483] [main/DEBUG] [mixin/]: Instancing new MixinPlatformAgentMinecraftForge for net.neoforged.fml.loading.mixin.FMLMixinContainerHandle@77c7ed8e
[27июл.2024 20:31:53.483] [main/DEBUG] [mixin/]: MixinPlatformAgentMinecraftForge rejected container net.neoforged.fml.loading.mixin.FMLMixinContainerHandle@77c7ed8e
[27июл.2024 20:31:53.483] [main/DEBUG] [mixin/]: Instancing new MixinPlatformAgentDefault for net.neoforged.fml.loading.mixin.FMLMixinContainerHandle@77c7ed8e
[27июл.2024 20:31:53.483] [main/DEBUG] [mixin/]: MixinPlatformAgentDefault accepted container net.neoforged.fml.loading.mixin.FMLMixinContainerHandle@77c7ed8e
[27июл.2024 20:31:53.483] [main/DEBUG] [mixin/]: Instancing new FMLMixinPlatformAgent for net.neoforged.fml.loading.mixin.FMLMixinContainerHandle@77c7ed8e
[27июл.2024 20:31:53.484] [main/DEBUG] [mixin/]: FMLMixinPlatformAgent accepted container net.neoforged.fml.loading.mixin.FMLMixinContainerHandle@77c7ed8e
[27июл.2024 20:31:53.489] [main/DEBUG] [cpw.mods.modlauncher.TransformationServicesHandler/MODLAUNCHER]: Transformation services loading transformers
[27июл.2024 20:31:53.490] [main/DEBUG] [cpw.mods.modlauncher.TransformationServiceDecorator/MODLAUNCHER]: Initializing transformers for transformation service mixin
[27июл.2024 20:31:53.490] [main/DEBUG] [cpw.mods.modlauncher.TransformationServiceDecorator/MODLAUNCHER]: Initialized transformers for transformation service mixin
[27июл.2024 20:31:53.490] [main/DEBUG] [cpw.mods.modlauncher.TransformationServiceDecorator/MODLAUNCHER]: Initializing transformers for transformation service mixin-synthetic-package
[27июл.2024 20:31:53.490] [main/DEBUG] [cpw.mods.modlauncher.TransformationServiceDecorator/MODLAUNCHER]: Initialized transformers for transformation service mixin-synthetic-package
[27июл.2024 20:31:53.490] [main/DEBUG] [cpw.mods.modlauncher.TransformationServiceDecorator/MODLAUNCHER]: Initializing transformers for transformation service fml
[27июл.2024 20:31:53.490] [main/DEBUG] [net.neoforged.fml.loading.FMLServiceProvider/LOADING]: Loading coremod transformers
[27июл.2024 20:31:53.491] [main/INFO] [net.neoforged.fml.loading.FMLServiceProvider/CORE]: Loading coremod script-engine for [neoforge]
[27июл.2024 20:31:53.492] [main/DEBUG] [net.neoforged.fml.loading.CoreModScriptLoader/CORE]: Loading coremod scripts
[27июл.2024 20:31:53.733] [main/DEBUG] [net.neoforged.coremod.CoreModScriptingEngine/COREMOD]: Loading CoreMod from coremods/field_to_method.js
[27июл.2024 20:31:53.877] [main/DEBUG] [net.neoforged.coremod.CoreModScriptingEngine/COREMOD]: CoreMod loaded successfully
[27июл.2024 20:31:53.877] [main/DEBUG] [net.neoforged.coremod.CoreModScriptingEngine/COREMOD]: Loading CoreMod from coremods/field_to_instanceof.js
[27июл.2024 20:31:53.937] [main/DEBUG] [net.neoforged.coremod.CoreModScriptingEngine/COREMOD]: CoreMod loaded successfully
[27июл.2024 20:31:53.937] [main/DEBUG] [net.neoforged.coremod.CoreModScriptingEngine/COREMOD]: Loading CoreMod from coremods/add_bouncer_method.js
[27июл.2024 20:31:53.971] [main/DEBUG] [net.neoforged.coremod.CoreModScriptingEngine/COREMOD]: CoreMod loaded successfully
[27июл.2024 20:31:53.971] [main/DEBUG] [net.neoforged.coremod.CoreModScriptingEngine/COREMOD]: Loading CoreMod from coremods/method_redirector.js
[27июл.2024 20:31:54.026] [main/DEBUG] [net.neoforged.coremod.CoreModScriptingEngine/COREMOD]: CoreMod loaded successfully
[27июл.2024 20:31:54.033] [main/DEBUG] [net.neoforged.fml.util.ServiceLoaderUtil/CORE]: Found 0 implementations of ICoreMod:
[27июл.2024 20:31:54.035] [main/DEBUG] [cpw.mods.modlauncher.TransformStore/MODLAUNCHER]: Adding transformer net.neoforged.coremod.transformer.CoreModClassTransformer@7426a448 to Target : cpw.mods.modlauncher.api.TargetType@72ea6193 {Lnet/minecraft/world/level/biome/Biome;} {} {V}
[27июл.2024 20:31:54.035] [main/DEBUG] [cpw.mods.modlauncher.TransformStore/MODLAUNCHER]: Adding transformer net.neoforged.coremod.transformer.CoreModClassTransformer@3679d92e to Target : cpw.mods.modlauncher.api.TargetType@72ea6193 {Lnet/minecraft/world/level/levelgen/structure/Structure;} {} {V}
[27июл.2024 20:31:54.036] [main/DEBUG] [cpw.mods.modlauncher.TransformStore/MODLAUNCHER]: Adding transformer net.neoforged.coremod.transformer.CoreModClassTransformer@47b11ec7 to Target : cpw.mods.modlauncher.api.TargetType@72ea6193 {Lnet/minecraft/world/level/block/FlowerPotBlock;} {} {V}
[27июл.2024 20:31:54.036] [main/DEBUG] [cpw.mods.modlauncher.TransformStore/MODLAUNCHER]: Adding transformer net.neoforged.coremod.transformer.CoreModClassTransformer@58fa5769 to Target : cpw.mods.modlauncher.api.TargetType@72ea6193 {Lnet/minecraft/network/play/client/CClientSettingsPacket;} {} {V}
[27июл.2024 20:31:54.036] [main/DEBUG] [cpw.mods.modlauncher.TransformStore/MODLAUNCHER]: Adding transformer net.neoforged.coremod.transformer.CoreModClassTransformer@36aa52d2 to Target : cpw.mods.modlauncher.api.TargetType@72ea6193 {Lnet/minecraft/world/level/levelgen/structure/structures/OceanMonumentPieces$OceanMonumentPiece;} {} {V}
[27июл.2024 20:31:54.036] [main/DEBUG] [cpw.mods.modlauncher.TransformStore/MODLAUNCHER]: Adding transformer net.neoforged.coremod.transformer.CoreModClassTransformer@36aa52d2 to Target : cpw.mods.modlauncher.api.TargetType@72ea6193 {Lnet/minecraft/world/entity/monster/Evoker$EvokerSummonSpellGoal;} {} {V}
[27июл.2024 20:31:54.036] [main/DEBUG] [cpw.mods.modlauncher.TransformStore/MODLAUNCHER]: Adding transformer net.neoforged.coremod.transformer.CoreModClassTransformer@36aa52d2 to Target : cpw.mods.modlauncher.api.TargetType@72ea6193 {Lnet/minecraft/world/level/levelgen/structure/structures/SwampHutPiece;} {} {V}
[27июл.2024 20:31:54.036] [main/DEBUG] [cpw.mods.modlauncher.TransformStore/MODLAUNCHER]: Adding transformer net.neoforged.coremod.transformer.CoreModClassTransformer@36aa52d2 to Target : cpw.mods.modlauncher.api.TargetType@72ea6193 {Lnet/minecraft/world/entity/monster/ZombieVillager;} {} {V}
[27июл.2024 20:31:54.036] [main/DEBUG] [cpw.mods.modlauncher.TransformStore/MODLAUNCHER]: Adding transformer net.neoforged.coremod.transformer.CoreModClassTransformer@36aa52d2 to Target : cpw.mods.modlauncher.api.TargetType@72ea6193 {Lnet/minecraft/world/level/levelgen/structure/templatesystem/StructureTemplate;} {} {V}
[27июл.2024 20:31:54.036] [main/DEBUG] [cpw.mods.modlauncher.TransformStore/MODLAUNCHER]: Adding transformer net.neoforged.coremod.transformer.CoreModClassTransformer@36aa52d2 to Target : cpw.mods.modlauncher.api.TargetType@72ea6193 {Lnet/minecraft/world/level/levelgen/PatrolSpawner;} {} {V}
[27июл.2024 20:31:54.036] [main/DEBUG] [cpw.mods.modlauncher.TransformStore/MODLAUNCHER]: Adding transformer net.neoforged.coremod.transformer.CoreModClassTransformer@36aa52d2 to Target : cpw.mods.modlauncher.api.TargetType@72ea6193 {Lnet/minecraft/world/entity/npc/Villager;} {} {V}
[27июл.2024 20:31:54.036] [main/DEBUG] [cpw.mods.modlauncher.TransformStore/MODLAUNCHER]: Adding transformer net.neoforged.coremod.transformer.CoreModClassTransformer@36aa52d2 to Target : cpw.mods.modlauncher.api.TargetType@72ea6193 {Lnet/minecraft/world/level/levelgen/structure/structures/OceanRuinPieces$OceanRuinPiece;} {} {V}
[27июл.2024 20:31:54.036] [main/DEBUG] [cpw.mods.modlauncher.TransformStore/MODLAUNCHER]: Adding transformer net.neoforged.coremod.transformer.CoreModClassTransformer@36aa52d2 to Target : cpw.mods.modlauncher.api.TargetType@72ea6193 {Lnet/minecraft/world/entity/animal/frog/Tadpole;} {} {V}
[27июл.2024 20:31:54.036] [main/DEBUG] [cpw.mods.modlauncher.TransformStore/MODLAUNCHER]: Adding transformer net.neoforged.coremod.transformer.CoreModClassTransformer@36aa52d2 to Target : cpw.mods.modlauncher.api.TargetType@72ea6193 {Lnet/minecraft/world/level/levelgen/PhantomSpawner;} {} {V}
[27июл.2024 20:31:54.037] [main/DEBUG] [cpw.mods.modlauncher.TransformStore/MODLAUNCHER]: Adding transformer net.neoforged.coremod.transformer.CoreModClassTransformer@36aa52d2 to Target : cpw.mods.modlauncher.api.TargetType@72ea6193 {Lnet/minecraft/world/level/levelgen/structure/structures/WoodlandMansionPieces$WoodlandMansionPiece;} {} {V}
[27июл.2024 20:31:54.037] [main/DEBUG] [cpw.mods.modlauncher.TransformStore/MODLAUNCHER]: Adding transformer net.neoforged.coremod.transformer.CoreModClassTransformer@36aa52d2 to Target : cpw.mods.modlauncher.api.TargetType@72ea6193 {Lnet/minecraft/world/entity/ai/village/VillageSiege;} {} {V}
[27июл.2024 20:31:54.037] [main/DEBUG] [cpw.mods.modlauncher.TransformStore/MODLAUNCHER]: Adding transformer net.neoforged.coremod.transformer.CoreModClassTransformer@36aa52d2 to Target : cpw.mods.modlauncher.api.TargetType@72ea6193 {Lnet/minecraft/world/level/NaturalSpawner;} {} {V}
[27июл.2024 20:31:54.037] [main/DEBUG] [cpw.mods.modlauncher.TransformStore/MODLAUNCHER]: Adding transformer net.neoforged.coremod.transformer.CoreModClassTransformer@36aa52d2 to Target : cpw.mods.modlauncher.api.TargetType@72ea6193 {Lnet/minecraft/world/entity/monster/Spider;} {} {V}
[27июл.2024 20:31:54.037] [main/DEBUG] [cpw.mods.modlauncher.TransformStore/MODLAUNCHER]: Adding transformer net.neoforged.coremod.transformer.CoreModClassTransformer@36aa52d2 to Target : cpw.mods.modlauncher.api.TargetType@72ea6193 {Lnet/minecraft/world/entity/EntityType;} {} {V}
[27июл.2024 20:31:54.037] [main/DEBUG] [cpw.mods.modlauncher.TransformStore/MODLAUNCHER]: Adding transformer net.neoforged.coremod.transformer.CoreModClassTransformer@36aa52d2 to Target : cpw.mods.modlauncher.api.TargetType@72ea6193 {Lnet/minecraft/world/entity/monster/Zombie;} {} {V}
[27июл.2024 20:31:54.037] [main/DEBUG] [cpw.mods.modlauncher.TransformStore/MODLAUNCHER]: Adding transformer net.neoforged.coremod.transformer.CoreModClassTransformer@36aa52d2 to Target : cpw.mods.modlauncher.api.TargetType@72ea6193 {Lnet/minecraft/world/entity/raid/Raid;} {} {V}
[27июл.2024 20:31:54.037] [main/DEBUG] [cpw.mods.modlauncher.TransformStore/MODLAUNCHER]: Adding transformer net.neoforged.coremod.transformer.CoreModClassTransformer@36aa52d2 to Target : cpw.mods.modlauncher.api.TargetType@72ea6193 {Lnet/minecraft/world/entity/monster/Strider;} {} {V}
[27июл.2024 20:31:54.037] [main/DEBUG] [cpw.mods.modlauncher.TransformStore/MODLAUNCHER]: Adding transformer net.neoforged.coremod.transformer.CoreModClassTransformer@36aa52d2 to Target : cpw.mods.modlauncher.api.TargetType@72ea6193 {Lnet/minecraft/server/commands/RaidCommand;} {} {V}
[27июл.2024 20:31:54.037] [main/DEBUG] [cpw.mods.modlauncher.TransformStore/MODLAUNCHER]: Adding transformer net.neoforged.coremod.transformer.CoreModClassTransformer@36aa52d2 to Target : cpw.mods.modlauncher.api.TargetType@72ea6193 {Lnet/minecraft/world/entity/animal/horse/SkeletonTrapGoal;} {} {V}
[27июл.2024 20:31:54.037] [main/DEBUG] [cpw.mods.modlauncher.TransformStore/MODLAUNCHER]: Adding transformer net.neoforged.coremod.transformer.CoreModClassTransformer@36aa52d2 to Target : cpw.mods.modlauncher.api.TargetType@72ea6193 {Lnet/minecraft/world/entity/npc/CatSpawner;} {} {V}
[27июл.2024 20:31:54.037] [main/DEBUG] [cpw.mods.modlauncher.TransformStore/MODLAUNCHER]: Adding transformer net.neoforged.coremod.transformer.CoreModClassTransformer@36aa52d2 to Target : cpw.mods.modlauncher.api.TargetType@72ea6193 {Lnet/minecraft/server/commands/SummonCommand;} {} {V}
[27июл.2024 20:31:54.038] [main/DEBUG] [cpw.mods.modlauncher.TransformationServiceDecorator/MODLAUNCHER]: Initialized transformers for transformation service fml
[27июл.2024 20:31:54.141] [main/DEBUG] [mixin/]: Processing prepare() for PlatformAgent[MixinPlatformAgentDefault:ModLauncher Root Container(ModLauncher:4f56a0a2)]
[27июл.2024 20:31:54.141] [main/DEBUG] [mixin/]: Processing prepare() for PlatformAgent[MixinPlatformAgentDefault:net.neoforged.fml.loading.mixin.FMLMixinContainerHandle@77c7ed8e]
[27июл.2024 20:31:54.141] [main/DEBUG] [mixin/]: Processing prepare() for PlatformAgent[FMLMixinPlatformAgent:null]
[27июл.2024 20:31:54.171] [main/DEBUG] [mixin/]: Compatibility level JAVA_17 specified by curios.neoforge.mixins.json is higher than the maximum level supported by this version of mixin (JAVA_13).
[27июл.2024 20:31:54.175] [main/INFO] [mixin/]: Compatibility level set to JAVA_17
[27июл.2024 20:31:54.177] [main/DEBUG] [mixin/]: Processing launch tasks for PlatformAgent[MixinPlatformAgentDefault:ModLauncher Root Container(ModLauncher:4f56a0a2)]
[27июл.2024 20:31:54.178] [main/DEBUG] [mixin/]: Adding mixin platform agents for container SecureJarResource(mixinsynthetic)
[27июл.2024 20:31:54.178] [main/DEBUG] [mixin/]: Instancing new MixinPlatformAgentMinecraftForge for SecureJarResource(mixinsynthetic)
[27июл.2024 20:31:54.178] [main/DEBUG] [mixin/]: MixinPlatformAgentMinecraftForge rejected container SecureJarResource(mixinsynthetic)
[27июл.2024 20:31:54.178] [main/DEBUG] [mixin/]: Instancing new MixinPlatformAgentDefault for SecureJarResource(mixinsynthetic)
[27июл.2024 20:31:54.178] [main/DEBUG] [mixin/]: MixinPlatformAgentDefault accepted container SecureJarResource(mixinsynthetic)
[27июл.2024 20:31:54.178] [main/DEBUG] [mixin/]: Instancing new FMLMixinPlatformAgent for SecureJarResource(mixinsynthetic)
[27июл.2024 20:31:54.178] [main/DEBUG] [mixin/]: FMLMixinPlatformAgent rejected container SecureJarResource(mixinsynthetic)
[27июл.2024 20:31:54.178] [main/DEBUG] [mixin/]: Processing prepare() for PlatformAgent[MixinPlatformAgentDefault:SecureJarResource(mixinsynthetic)]
[27июл.2024 20:31:54.178] [main/DEBUG] [mixin/]: Adding mixin platform agents for container SecureJarResource(minecraft)
[27июл.2024 20:31:54.178] [main/DEBUG] [mixin/]: Instancing new MixinPlatformAgentMinecraftForge for SecureJarResource(minecraft)
[27июл.2024 20:31:54.178] [main/DEBUG] [mixin/]: MixinPlatformAgentMinecraftForge rejected container SecureJarResource(minecraft)
[27июл.2024 20:31:54.178] [main/DEBUG] [mixin/]: Instancing new MixinPlatformAgentDefault for SecureJarResource(minecraft)
[27июл.2024 20:31:54.179] [main/DEBUG] [mixin/]: MixinPlatformAgentDefault accepted container SecureJarResource(minecraft)
[27июл.2024 20:31:54.179] [main/DEBUG] [mixin/]: Instancing new FMLMixinPlatformAgent for SecureJarResource(minecraft)
[27июл.2024 20:31:54.179] [main/DEBUG] [mixin/]: FMLMixinPlatformAgent rejected container SecureJarResource(minecraft)
[27июл.2024 20:31:54.179] [main/DEBUG] [mixin/]: Processing prepare() for PlatformAgent[MixinPlatformAgentDefault:SecureJarResource(minecraft)]
[27июл.2024 20:31:54.179] [main/DEBUG] [mixin/]: Adding mixin platform agents for container SecureJarResource(curios)
[27июл.2024 20:31:54.179] [main/DEBUG] [mixin/]: Instancing new MixinPlatformAgentMinecraftForge for SecureJarResource(curios)
[27июл.2024 20:31:54.179] [main/DEBUG] [mixin/]: MixinPlatformAgentMinecraftForge rejected container SecureJarResource(curios)
[27июл.2024 20:31:54.179] [main/DEBUG] [mixin/]: Instancing new MixinPlatformAgentDefault for SecureJarResource(curios)
[27июл.2024 20:31:54.179] [main/DEBUG] [mixin/]: MixinPlatformAgentDefault accepted container SecureJarResource(curios)
[27июл.2024 20:31:54.179] [main/DEBUG] [mixin/]: Instancing new FMLMixinPlatformAgent for SecureJarResource(curios)
[27июл.2024 20:31:54.179] [main/DEBUG] [mixin/]: FMLMixinPlatformAgent rejected container SecureJarResource(curios)
[27июл.2024 20:31:54.179] [main/DEBUG] [mixin/]: Processing prepare() for PlatformAgent[MixinPlatformAgentDefault:SecureJarResource(curios)]
[27июл.2024 20:31:54.179] [main/DEBUG] [mixin/]: Adding mixin platform agents for container SecureJarResource(truedarkness)
[27июл.2024 20:31:54.179] [main/DEBUG] [mixin/]: Instancing new MixinPlatformAgentMinecraftForge for SecureJarResource(truedarkness)
[27июл.2024 20:31:54.179] [main/DEBUG] [mixin/]: MixinPlatformAgentMinecraftForge rejected container SecureJarResource(truedarkness)
[27июл.2024 20:31:54.179] [main/DEBUG] [mixin/]: Instancing new MixinPlatformAgentDefault for SecureJarResource(truedarkness)
[27июл.2024 20:31:54.180] [main/DEBUG] [mixin/]: MixinPlatformAgentDefault accepted container SecureJarResource(truedarkness)
[27июл.2024 20:31:54.180] [main/DEBUG] [mixin/]: Instancing new FMLMixinPlatformAgent for SecureJarResource(truedarkness)
[27июл.2024 20:31:54.180] [main/DEBUG] [mixin/]: FMLMixinPlatformAgent rejected container SecureJarResource(truedarkness)
[27июл.2024 20:31:54.180] [main/DEBUG] [mixin/]: Processing prepare() for PlatformAgent[MixinPlatformAgentDefault:SecureJarResource(truedarkness)]
[27июл.2024 20:31:54.180] [main/DEBUG] [mixin/]: Adding mixin platform agents for container SecureJarResource(jei)
[27июл.2024 20:31:54.180] [main/DEBUG] [mixin/]: Instancing new MixinPlatformAgentMinecraftForge for SecureJarResource(jei)
[27июл.2024 20:31:54.180] [main/DEBUG] [mixin/]: MixinPlatformAgentMinecraftForge rejected container SecureJarResource(jei)
[27июл.2024 20:31:54.180] [main/DEBUG] [mixin/]: Instancing new MixinPlatformAgentDefault for SecureJarResource(jei)
[27июл.2024 20:31:54.180] [main/DEBUG] [mixin/]: MixinPlatformAgentDefault accepted container SecureJarResource(jei)
[27июл.2024 20:31:54.180] [main/DEBUG] [mixin/]: Instancing new FMLMixinPlatformAgent for SecureJarResource(jei)
[27июл.2024 20:31:54.180] [main/DEBUG] [mixin/]: FMLMixinPlatformAgent rejected container SecureJarResource(jei)
[27июл.2024 20:31:54.180] [main/DEBUG] [mixin/]: Processing prepare() for PlatformAgent[MixinPlatformAgentDefault:SecureJarResource(jei)]
[27июл.2024 20:31:54.180] [main/DEBUG] [mixin/]: Adding mixin platform agents for container SecureJarResource(mixinextras.neoforge)
[27июл.2024 20:31:54.180] [main/DEBUG] [mixin/]: Instancing new MixinPlatformAgentMinecraftForge for SecureJarResource(mixinextras.neoforge)
[27июл.2024 20:31:54.180] [main/DEBUG] [mixin/]: MixinPlatformAgentMinecraftForge rejected container SecureJarResource(mixinextras.neoforge)
[27июл.2024 20:31:54.180] [main/DEBUG] [mixin/]: Instancing new MixinPlatformAgentDefault for SecureJarResource(mixinextras.neoforge)
[27июл.2024 20:31:54.181] [main/DEBUG] [mixin/]: MixinPlatformAgentDefault accepted container SecureJarResource(mixinextras.neoforge)
[27июл.2024 20:31:54.181] [main/DEBUG] [mixin/]: Instancing new FMLMixinPlatformAgent for SecureJarResource(mixinextras.neoforge)
[27июл.2024 20:31:54.181] [main/DEBUG] [mixin/]: FMLMixinPlatformAgent rejected container SecureJarResource(mixinextras.neoforge)
[27июл.2024 20:31:54.181] [main/DEBUG] [mixin/]: Processing prepare() for PlatformAgent[MixinPlatformAgentDefault:SecureJarResource(mixinextras.neoforge)]
[27июл.2024 20:31:54.181] [main/DEBUG] [mixin/]: Registering mixin config: mixinextras.init.mixins.json
[27июл.2024 20:31:54.182] [main/DEBUG] [mixin/]: inject() running with 8 agents
[27июл.2024 20:31:54.182] [main/DEBUG] [mixin/]: Processing inject() for PlatformAgent[MixinPlatformAgentDefault:ModLauncher Root Container(ModLauncher:4f56a0a2)]
[27июл.2024 20:31:54.182] [main/DEBUG] [mixin/]: Processing inject() for PlatformAgent[MixinPlatformAgentDefault:net.neoforged.fml.loading.mixin.FMLMixinContainerHandle@77c7ed8e]
[27июл.2024 20:31:54.182] [main/DEBUG] [mixin/]: Processing inject() for PlatformAgent[FMLMixinPlatformAgent:null]
[27июл.2024 20:31:54.182] [main/DEBUG] [mixin/]: Processing inject() for PlatformAgent[MixinPlatformAgentDefault:SecureJarResource(mixinsynthetic)]
[27июл.2024 20:31:54.182] [main/DEBUG] [mixin/]: Processing inject() for PlatformAgent[MixinPlatformAgentDefault:SecureJarResource(minecraft)]
[27июл.2024 20:31:54.183] [main/DEBUG] [mixin/]: Processing inject() for PlatformAgent[MixinPlatformAgentDefault:SecureJarResource(curios)]
[27июл.2024 20:31:54.183] [main/DEBUG] [mixin/]: Processing inject() for PlatformAgent[MixinPlatformAgentDefault:SecureJarResource(truedarkness)]
[27июл.2024 20:31:54.183] [main/DEBUG] [mixin/]: Processing inject() for PlatformAgent[MixinPlatformAgentDefault:SecureJarResource(jei)]
[27июл.2024 20:31:54.183] [main/DEBUG] [mixin/]: Processing inject() for PlatformAgent[MixinPlatformAgentDefault:SecureJarResource(mixinextras.neoforge)]
[27июл.2024 20:31:54.183] [main/INFO] [cpw.mods.modlauncher.LaunchServiceHandler/MODLAUNCHER]: Launching target 'forgeclientuserdev' with arguments [--version, 20.6.117, --gameDir, ., --assetsDir, C:\Users\nikda\.mcreator\gradle\caches\minecraft\assets\1.20.6, --assetIndex, asset-index]
[27июл.2024 20:31:54.215] [main/DEBUG] [mixin/]: Error cleaning class output directory: .mixin.out
[27июл.2024 20:31:54.218] [main/DEBUG] [mixin/]: Preparing mixins for MixinEnvironment[DEFAULT]
[27июл.2024 20:31:54.218] [main/DEBUG] [mixin/]: Selecting config curios.neoforge.mixins.json
[27июл.2024 20:31:54.222] [main/WARN] [mixin/]: Reference map 'curios.refmap.json' for curios.neoforge.mixins.json could not be read. If this is a development environment you can ignore this message
[27июл.2024 20:31:54.222] [main/DEBUG] [mixin/]: Selecting config curios.mixins.json
[27июл.2024 20:31:54.222] [main/WARN] [mixin/]: Reference map 'curios.refmap.json' for curios.mixins.json could not be read. If this is a development environment you can ignore this message
[27июл.2024 20:31:54.222] [main/DEBUG] [mixin/]: Selecting config mixinextras.init.mixins.json
[27июл.2024 20:31:54.243] [main/DEBUG] [MixinExtras|Service/]: com.llamalad7.mixinextras.service.MixinExtrasServiceImpl(version=0.3.5) is taking over from null
[27июл.2024 20:31:54.266] [main/DEBUG] [mixin/]: Registering new injector for @Inject with org.spongepowered.asm.mixin.injection.struct.CallbackInjectionInfo
[27июл.2024 20:31:54.267] [main/DEBUG] [mixin/]: Registering new injector for @ModifyArg with org.spongepowered.asm.mixin.injection.struct.ModifyArgInjectionInfo
[27июл.2024 20:31:54.268] [main/DEBUG] [mixin/]: Registering new injector for @ModifyArgs with org.spongepowered.asm.mixin.injection.struct.ModifyArgsInjectionInfo
[27июл.2024 20:31:54.269] [main/DEBUG] [mixin/]: Registering new injector for @Redirect with org.spongepowered.asm.mixin.injection.struct.RedirectInjectionInfo
[27июл.2024 20:31:54.270] [main/DEBUG] [mixin/]: Registering new injector for @ModifyVariable with org.spongepowered.asm.mixin.injection.struct.ModifyVariableInjectionInfo
[27июл.2024 20:31:54.270] [main/DEBUG] [mixin/]: Registering new injector for @ModifyConstant with org.spongepowered.asm.mixin.injection.struct.ModifyConstantInjectionInfo
[27июл.2024 20:31:54.279] [main/DEBUG] [mixin/]: Preparing curios.neoforge.mixins.json (10)
[27июл.2024 20:31:54.298] [main/TRACE] [mixin/]: Added class metadata for net/minecraft/world/level/storage/loot/functions/ApplyBonusCount to metadata cache
[27июл.2024 20:31:54.301] [main/TRACE] [mixin/]: Added class metadata for top/theillusivec4/curios/api/CuriosApi to metadata cache
[27июл.2024 20:31:54.302] [main/TRACE] [mixin/]: Added class metadata for top/theillusivec4/curios/api/CuriosDataProvider to metadata cache
[27июл.2024 20:31:54.305] [main/TRACE] [mixin/]: Added class metadata for net/minecraft/world/entity/player/Inventory to metadata cache
[27июл.2024 20:31:54.321] [main/TRACE] [mixin/]: Added class metadata for net/minecraft/world/entity/LivingEntity to metadata cache
[27июл.2024 20:31:54.322] [main/TRACE] [mixin/]: Added class metadata for net/minecraft/advancements/critereon/NbtPredicate to metadata cache
[27июл.2024 20:31:54.326] [main/TRACE] [mixin/]: Added class metadata for net/minecraft/world/entity/monster/piglin/PiglinAi to metadata cache
[27июл.2024 20:31:54.328] [main/TRACE] [mixin/]: Added class metadata for net/minecraft/world/level/block/PowderSnowBlock to metadata cache
[27июл.2024 20:31:54.328] [main/TRACE] [mixin/]: Added class metadata for net/minecraft/world/item/ShearsItem to metadata cache
[27июл.2024 20:31:54.330] [main/TRACE] [mixin/]: Added class metadata for net/minecraft/util/datafix/schemas/V1460 to metadata cache
[27июл.2024 20:31:54.331] [main/DEBUG] [mixin/]: Preparing curios.mixins.json (3)
[27июл.2024 20:31:54.338] [main/DEBUG] [net.neoforged.accesstransformer.AccessTransformer/AXFORM]: Transforming net.minecraft.world.entity.Entity FIELD ENTITY_COUNTER to access PROTECTED and LEAVE
[27июл.2024 20:31:54.339] [main/DEBUG] [net.neoforged.accesstransformer.AccessTransformer/AXFORM]: Transforming net.minecraft.world.entity.Entity METHOD getEncodeId()Ljava/lang/String; to access PUBLIC and LEAVE
[27июл.2024 20:31:54.361] [main/TRACE] [mixin/]: Added class metadata for net/minecraft/world/entity/Entity to metadata cache
[27июл.2024 20:31:54.362] [main/TRACE] [mixin/]: Added class metadata for top/theillusivec4/curios/api/CuriosTriggers to metadata cache
[27июл.2024 20:31:54.362] [main/TRACE] [mixin/]: Added class metadata for top/theillusivec4/curios/api/CuriosTriggers$EquipBuilder to metadata cache
[27июл.2024 20:31:54.362] [main/DEBUG] [mixin/]: Preparing mixinextras.init.mixins.json (0)
[27июл.2024 20:31:54.367] [main/TRACE] [mixin/]: Added class metadata for net/minecraft/world/entity/ai/attributes/AttributeModifier$Operation to metadata cache
[27июл.2024 20:31:54.370] [main/TRACE] [mixin/]: Added class metadata for top/theillusivec4/curios/common/util/EquipCurioTrigger$TriggerInstance to metadata cache
[27июл.2024 20:31:54.370] [main/TRACE] [mixin/]: Added class metadata for net/minecraft/advancements/critereon/ItemPredicate$Builder to metadata cache
[27июл.2024 20:31:54.371] [main/TRACE] [mixin/]: Added class metadata for net/minecraft/advancements/critereon/LocationPredicate$Builder to metadata cache
[27июл.2024 20:31:54.372] [main/TRACE] [mixin/]: Added class metadata for top/theillusivec4/curios/api/SlotPredicate$Builder to metadata cache
[27июл.2024 20:31:54.373] [main/DEBUG] [net.neoforged.fml.common.asm.RuntimeDistCleaner/DISTXFORM]: Removing Class Annotation: net/minecraft/client/gui/screens/LoadingOverlay @Lnet/neoforged/api/distmarker/OnlyIn;
[27июл.2024 20:31:54.375] [main/DEBUG] [net.neoforged.fml.common.asm.RuntimeDistCleaner/DISTXFORM]: Removing Class Annotation: net/minecraft/client/gui/screens/Overlay @Lnet/neoforged/api/distmarker/OnlyIn;
[27июл.2024 20:31:54.375] [main/DEBUG] [net.neoforged.fml.common.asm.RuntimeDistCleaner/DISTXFORM]: Removing Class Annotation: net/minecraft/client/gui/components/Renderable @Lnet/neoforged/api/distmarker/OnlyIn;
[27июл.2024 20:31:54.376] [main/DEBUG] [net.neoforged.fml.common.asm.RuntimeDistCleaner/DISTXFORM]: Removing Class Annotation: net/minecraft/client/renderer/texture/AbstractTexture @Lnet/neoforged/api/distmarker/OnlyIn;
[27июл.2024 20:31:54.378] [main/DEBUG] [net.neoforged.fml.common.asm.RuntimeDistCleaner/DISTXFORM]: Removing Class Annotation: net/minecraft/client/gui/screens/LoadingOverlay$LogoTexture @Lnet/neoforged/api/distmarker/OnlyIn;
[27июл.2024 20:31:54.379] [main/DEBUG] [net.neoforged.fml.common.asm.RuntimeDistCleaner/DISTXFORM]: Removing Class Annotation: net/minecraft/client/renderer/texture/SimpleTexture @Lnet/neoforged/api/distmarker/OnlyIn;
[27июл.2024 20:31:54.380] [main/DEBUG] [net.neoforged.fml.common.asm.RuntimeDistCleaner/DISTXFORM]: Removing Class Annotation: com/mojang/blaze3d/vertex/BufferVertexConsumer @Lnet/neoforged/api/distmarker/OnlyIn;
[27июл.2024 20:31:54.382] [main/DEBUG] [net.neoforged.fml.common.asm.RuntimeDistCleaner/DISTXFORM]: Removing Class Annotation: com/mojang/blaze3d/vertex/VertexConsumer @Lnet/neoforged/api/distmarker/OnlyIn;
[27июл.2024 20:31:54.385] [main/DEBUG] [net.neoforged.fml.common.asm.RuntimeDistCleaner/DISTXFORM]: Removing Class Annotation: net/minecraft/client/gui/GuiGraphics @Lnet/neoforged/api/distmarker/OnlyIn;
[27июл.2024 20:31:54.400] [main/DEBUG] [net.neoforged.accesstransformer.AccessTransformer/AXFORM]: Transforming net.minecraft.client.Minecraft FIELD textureManager to access PUBLIC and LEAVE
[27июл.2024 20:31:54.400] [main/DEBUG] [net.neoforged.accesstransformer.AccessTransformer/AXFORM]: Transforming net.minecraft.client.Minecraft FIELD pendingConnection to access PUBLIC and LEAVE
[27июл.2024 20:31:54.400] [main/DEBUG] [net.neoforged.accesstransformer.AccessTransformer/AXFORM]: Transforming net.minecraft.client.Minecraft METHOD createSearchTrees()V to access PUBLIC and LEAVE
[27июл.2024 20:31:54.401] [main/DEBUG] [net.neoforged.fml.common.asm.RuntimeDistCleaner/DISTXFORM]: Removing Class Annotation: net/minecraft/client/Minecraft @Lnet/neoforged/api/distmarker/OnlyIn;
[27июл.2024 20:31:54.412] [main/DEBUG] [net.neoforged.fml.common.asm.RuntimeDistCleaner/DISTXFORM]: Removing Class Annotation: com/mojang/blaze3d/platform/WindowEventHandler @Lnet/neoforged/api/distmarker/OnlyIn;
[27июл.2024 20:31:54.415] [main/DEBUG] [net.neoforged.accesstransformer.AccessTransformer/AXFORM]: Transforming net.minecraft.util.thread.BlockableEventLoop METHOD submitAsync(Ljava/lang/Runnable;)Ljava/util/concurrent/CompletableFuture; to access PUBLIC and LEAVE
[27июл.2024 20:31:54.618] [main/DEBUG] [io.netty.util.internal.logging.InternalLoggerFactory/]: Using SLF4J as the default logging framework
[27июл.2024 20:31:54.621] [main/DEBUG] [io.netty.util.ResourceLeakDetector/]: -Dio.netty.leakDetection.level: simple
[27июл.2024 20:31:54.621] [main/DEBUG] [io.netty.util.ResourceLeakDetector/]: -Dio.netty.leakDetection.targetRecords: 4
[27июл.2024 20:31:54.717] [main/DEBUG] [oshi.util.FileUtil/]: No oshi.properties file found from ClassLoader cpw.mods.modlauncher.TransformingClassLoader@66933239
[27июл.2024 20:31:55.032] [main/DEBUG] [oshi.util.FileUtil/]: No oshi.architecture.properties file found from ClassLoader cpw.mods.modlauncher.TransformingClassLoader@66933239
[27июл.2024 20:31:55.069] [main/WARN] [oshi.driver.windows.perfmon.PerfmonDisabled/]: Invalid registry value type detected for PerfOS counters. Should be REG_DWORD. Ignoring: HKEY_LOCAL_MACHINE\SYSTEM\CurrentControlSet\Services\PerfOS\Performance\Disable Performance Counters.
[27июл.2024 20:31:55.196] [pool-8-thread-1/INFO] [MixinExtras|Service/]: Initializing MixinExtras via com.llamalad7.mixinextras.service.MixinExtrasServiceImpl(version=0.3.5).
[27июл.2024 20:31:55.197] [pool-8-thread-1/DEBUG] [mixin/]: Registering new injector for @SugarWrapper with com.llamalad7.mixinextras.sugar.impl.SugarWrapperInjectionInfo
[27июл.2024 20:31:55.197] [pool-8-thread-1/DEBUG] [mixin/]: Registering new injector for @FactoryRedirectWrapper with com.llamalad7.mixinextras.wrapper.factory.FactoryRedirectWrapperInjectionInfo
[27июл.2024 20:31:55.200] [pool-8-thread-1/DEBUG] [mixin/]: Mixing AccessorEntity from curios.mixins.json into net.minecraft.world.entity.Entity
[27июл.2024 20:31:55.202] [pool-8-thread-1/DEBUG] [mixin/]: curios.mixins.json:AccessorEntity from mod curios: Class version 65 required is higher than the class version supported by the current version of Mixin (JAVA_17 supports class version 61)
[27июл.2024 20:31:55.246] [pool-8-thread-1/DEBUG] [mixin/]: Mixing MixinLivingEntity from curios.neoforge.mixins.json into net.minecraft.world.entity.LivingEntity
[27июл.2024 20:31:55.246] [pool-8-thread-1/DEBUG] [mixin/]: curios.neoforge.mixins.json:MixinLivingEntity from mod curios: Class version 65 required is higher than the class version supported by the current version of Mixin (JAVA_17 supports class version 61)
[27июл.2024 20:31:55.268] [pool-8-thread-1/DEBUG] [mixin/]: curios.neoforge.mixins.json:MixinLivingEntity from mod curios->@Inject::curio$canFreeze(Lorg/spongepowered/asm/mixin/injection/callback/CallbackInfoReturnable;)V does use it's CallbackInfoReturnable
[27июл.2024 20:31:55.634] [pool-8-thread-1/DEBUG] [mixin/]: Mixing MixinPowderSnowBlock from curios.neoforge.mixins.json into net.minecraft.world.level.block.PowderSnowBlock
[27июл.2024 20:31:55.639] [pool-8-thread-1/DEBUG] [mixin/]: curios.neoforge.mixins.json:MixinPowderSnowBlock from mod curios: Class version 65 required is higher than the class version supported by the current version of Mixin (JAVA_17 supports class version 61)
[27июл.2024 20:31:55.643] [pool-8-thread-1/DEBUG] [mixin/]: curios.neoforge.mixins.json:MixinPowderSnowBlock from mod curios->@Inject::curios$canEntityWalkOnPowderSnow(Lnet/minecraft/world/entity/Entity;Lorg/spongepowered/asm/mixin/injection/callback/CallbackInfoReturnable;)V does use it's CallbackInfoReturnable
[27июл.2024 20:31:55.644] [pool-8-thread-1/DEBUG] [mixin/]: curios.neoforge.mixins.json:MixinPowderSnowBlock from mod curios->@Inject::curios$canEntityWalkOnPowderSnow(Lnet/minecraft/world/entity/Entity;Lorg/spongepowered/asm/mixin/injection/callback/CallbackInfoReturnable;)V does use it's CallbackInfoReturnable
[27июл.2024 20:31:55.672] [pool-8-thread-1/DEBUG] [net.neoforged.coremod.transformer.CoreModBaseTransformer/COREMOD]: Transforming net/minecraft/world/level/block/FlowerPotBlock
[27июл.2024 20:31:55.709] [pool-8-thread-1/DEBUG] [net.neoforged.coremod.transformer.CoreModBaseTransformer/COREMOD]: Transforming net/minecraft/world/entity/EntityType
[27июл.2024 20:31:56.303] [pool-8-thread-1/DEBUG] [net.neoforged.coremod.transformer.CoreModBaseTransformer/COREMOD]: Transforming net/minecraft/world/level/biome/Biome
[27июл.2024 20:31:56.664] [pool-8-thread-1/DEBUG] [net.neoforged.coremod.transformer.CoreModBaseTransformer/COREMOD]: Transforming net/minecraft/world/entity/animal/frog/Tadpole
[27июл.2024 20:31:57.094] [pool-8-thread-1/DEBUG] [mixin/]: Mixing MixinShearsItem from curios.neoforge.mixins.json into net.minecraft.world.item.ShearsItem
[27июл.2024 20:31:57.096] [pool-8-thread-1/DEBUG] [mixin/]: curios.neoforge.mixins.json:MixinShearsItem from mod curios: Class version 65 required is higher than the class version supported by the current version of Mixin (JAVA_17 supports class version 61)
[27июл.2024 20:31:57.187] [pool-8-thread-1/DEBUG] [io.netty.util.internal.PlatformDependent0/]: -Dio.netty.noUnsafe: false
[27июл.2024 20:31:57.187] [pool-8-thread-1/DEBUG] [io.netty.util.internal.PlatformDependent0/]: Java version: 21
[27июл.2024 20:31:57.188] [pool-8-thread-1/DEBUG] [io.netty.util.internal.PlatformDependent0/]: sun.misc.Unsafe.theUnsafe: available
[27июл.2024 20:31:57.188] [pool-8-thread-1/DEBUG] [io.netty.util.internal.PlatformDependent0/]: sun.misc.Unsafe.copyMemory: available
[27июл.2024 20:31:57.188] [pool-8-thread-1/DEBUG] [io.netty.util.internal.PlatformDependent0/]: sun.misc.Unsafe.storeFence: available
[27июл.2024 20:31:57.189] [pool-8-thread-1/DEBUG] [io.netty.util.internal.PlatformDependent0/]: java.nio.Buffer.address: available
[27июл.2024 20:31:57.190] [pool-8-thread-1/DEBUG] [io.netty.util.internal.PlatformDependent0/]: java.nio.Bits.unaligned: available, true
[27июл.2024 20:31:57.191] [pool-8-thread-1/DEBUG] [io.netty.util.internal.PlatformDependent0/]: java.nio.DirectByteBuffer.<init>(long, {int,long}): unavailable
[27июл.2024 20:31:57.191] [pool-8-thread-1/DEBUG] [io.netty.util.internal.PlatformDependent/]: sun.misc.Unsafe: available
[27июл.2024 20:31:57.192] [pool-8-thread-1/DEBUG] [io.netty.util.internal.PlatformDependent/]: maxDirectMemory: 4280287232 bytes (maybe)
[27июл.2024 20:31:57.192] [pool-8-thread-1/DEBUG] [io.netty.util.internal.PlatformDependent/]: -Dio.netty.tmpdir: C:\Users\nikda\AppData\Local\Temp (java.io.tmpdir)
[27июл.2024 20:31:57.192] [pool-8-thread-1/DEBUG] [io.netty.util.internal.PlatformDependent/]: -Dio.netty.bitMode: 64 (sun.arch.data.model)
[27июл.2024 20:31:57.192] [pool-8-thread-1/DEBUG] [io.netty.util.internal.PlatformDependent/]: Platform: Windows
[27июл.2024 20:31:57.193] [pool-8-thread-1/DEBUG] [io.netty.util.internal.PlatformDependent/]: -Dio.netty.maxDirectMemory: -1 bytes
[27июл.2024 20:31:57.193] [pool-8-thread-1/DEBUG] [io.netty.util.internal.PlatformDependent/]: -Dio.netty.uninitializedArrayAllocationThreshold: -1
[27июл.2024 20:31:57.194] [pool-8-thread-1/DEBUG] [io.netty.util.internal.CleanerJava9/]: java.nio.ByteBuffer.cleaner(): available
[27июл.2024 20:31:57.194] [pool-8-thread-1/DEBUG] [io.netty.util.internal.PlatformDependent/]: -Dio.netty.noPreferDirect: false
[27июл.2024 20:31:57.201] [pool-8-thread-1/DEBUG] [mixin/]: Mixing MixinNbtPredicate from curios.neoforge.mixins.json into net.minecraft.advancements.critereon.NbtPredicate
[27июл.2024 20:31:57.201] [pool-8-thread-1/DEBUG] [mixin/]: curios.neoforge.mixins.json:MixinNbtPredicate from mod curios: Class version 65 required is higher than the class version supported by the current version of Mixin (JAVA_17 supports class version 61)
[27июл.2024 20:31:57.675] [pool-8-thread-1/DEBUG] [mixin/]: Mixing MixinV1460 from curios.neoforge.mixins.json into net.minecraft.util.datafix.schemas.V1460
[27июл.2024 20:31:57.676] [pool-8-thread-1/DEBUG] [mixin/]: curios.neoforge.mixins.json:MixinV1460 from mod curios: Class version 65 required is higher than the class version supported by the current version of Mixin (JAVA_17 supports class version 61)
[27июл.2024 20:31:57.680] [pool-8-thread-1/DEBUG] [mixin/]: curios.neoforge.mixins.json:MixinV1460 from mod curios->@Inject::captureSchema(Lcom/mojang/datafixers/schemas/Schema;Ljava/util/Map;Ljava/util/Map;Lorg/spongepowered/asm/mixin/injection/callback/CallbackInfo;)V doesn't use it's CallbackInfo
[27июл.2024 20:31:57.680] [pool-8-thread-1/DEBUG] [mixin/]: curios.neoforge.mixins.json:MixinV1460 from mod curios->@Inject::captureSchema(Lcom/mojang/datafixers/schemas/Schema;Ljava/util/Map;Ljava/util/Map;Lorg/spongepowered/asm/mixin/injection/callback/CallbackInfo;)V has 0 override(s) in child classes
[27июл.2024 20:31:57.680] [pool-8-thread-1/DEBUG] [mixin/]: curios.neoforge.mixins.json:MixinV1460 from mod curios->@Inject::captureSchema(Lcom/mojang/datafixers/schemas/Schema;Ljava/util/Map;Ljava/util/Map;Lorg/spongepowered/asm/mixin/injection/callback/CallbackInfo;)V won't be passed a CallbackInfo as a result
[27июл.2024 20:31:57.910] [pool-8-thread-1/DEBUG] [net.neoforged.coremod.transformer.CoreModBaseTransformer/COREMOD]: Transforming net/minecraft/world/entity/monster/Spider
[27июл.2024 20:31:57.947] [pool-8-thread-1/DEBUG] [net.neoforged.coremod.transformer.CoreModBaseTransformer/COREMOD]: Transforming net/minecraft/world/entity/monster/Zombie
[27июл.2024 20:31:57.981] [pool-8-thread-1/DEBUG] [net.neoforged.coremod.transformer.CoreModBaseTransformer/COREMOD]: Transforming net/minecraft/world/entity/monster/ZombieVillager
[27июл.2024 20:31:58.024] [pool-8-thread-1/DEBUG] [net.neoforged.coremod.transformer.CoreModBaseTransformer/COREMOD]: Transforming net/minecraft/world/entity/monster/Evoker$EvokerSummonSpellGoal
[27июл.2024 20:31:58.041] [Datafixer Bootstrap/INFO] [com.mojang.datafixers.DataFixerBuilder/]: 225 Datafixer optimizations took 194 milliseconds
[27июл.2024 20:31:58.128] [pool-8-thread-1/DEBUG] [net.neoforged.coremod.transformer.CoreModBaseTransformer/COREMOD]: Transforming net/minecraft/world/entity/animal/horse/SkeletonTrapGoal
[27июл.2024 20:31:58.143] [pool-8-thread-1/DEBUG] [net.neoforged.coremod.transformer.CoreModBaseTransformer/COREMOD]: Transforming net/minecraft/world/entity/monster/Strider
[27июл.2024 20:31:58.201] [pool-8-thread-1/DEBUG] [net.neoforged.coremod.transformer.CoreModBaseTransformer/COREMOD]: Transforming net/minecraft/world/entity/npc/Villager
[27июл.2024 20:31:58.667] [pool-8-thread-1/DEBUG] [mixin/]: Mixing MixinInventory from curios.neoforge.mixins.json into net.minecraft.world.entity.player.Inventory
[27июл.2024 20:31:58.667] [pool-8-thread-1/DEBUG] [mixin/]: curios.neoforge.mixins.json:MixinInventory from mod curios: Class version 65 required is higher than the class version supported by the current version of Mixin (JAVA_17 supports class version 61)
[27июл.2024 20:31:58.673] [pool-8-thread-1/DEBUG] [mixin/]: curios.neoforge.mixins.json:MixinInventory from mod curios->@Inject::curios$containsStack(Lnet/minecraft/world/item/ItemStack;Lorg/spongepowered/asm/mixin/injection/callback/CallbackInfoReturnable;)V does use it's CallbackInfoReturnable
[27июл.2024 20:31:58.674] [pool-8-thread-1/DEBUG] [mixin/]: curios.neoforge.mixins.json:MixinInventory from mod curios->@Inject::curios$containsTag(Lnet/minecraft/tags/TagKey;Lorg/spongepowered/asm/mixin/injection/callback/CallbackInfoReturnable;)V does use it's CallbackInfoReturnable
[27июл.2024 20:31:58.833] [pool-8-thread-1/DEBUG] [mixin/]: Mixing MixinApplyBonusCount from curios.neoforge.mixins.json into net.minecraft.world.level.storage.loot.functions.ApplyBonusCount
[27июл.2024 20:31:58.834] [pool-8-thread-1/DEBUG] [mixin/]: curios.neoforge.mixins.json:MixinApplyBonusCount from mod curios: Class version 65 required is higher than the class version supported by the current version of Mixin (JAVA_17 supports class version 61)
[27июл.2024 20:31:59.028] [pool-8-thread-1/DEBUG] [net.neoforged.coremod.transformer.CoreModBaseTransformer/COREMOD]: Transforming net/minecraft/world/level/levelgen/structure/Structure
[27июл.2024 20:31:59.058] [pool-8-thread-1/DEBUG] [net.neoforged.coremod.transformer.CoreModBaseTransformer/COREMOD]: Transforming net/minecraft/world/level/levelgen/structure/structures/OceanRuinPieces$OceanRuinPiece
[27июл.2024 20:31:59.066] [pool-8-thread-1/DEBUG] [net.neoforged.coremod.transformer.CoreModBaseTransformer/COREMOD]: Transforming net/minecraft/world/level/levelgen/structure/structures/SwampHutPiece
[27июл.2024 20:31:59.072] [pool-8-thread-1/DEBUG] [net.neoforged.coremod.transformer.CoreModBaseTransformer/COREMOD]: Transforming net/minecraft/world/level/levelgen/structure/structures/OceanMonumentPieces$OceanMonumentPiece
[27июл.2024 20:31:59.083] [pool-8-thread-1/DEBUG] [net.neoforged.coremod.transformer.CoreModBaseTransformer/COREMOD]: Transforming net/minecraft/world/level/levelgen/structure/structures/WoodlandMansionPieces$WoodlandMansionPiece
[27июл.2024 20:31:59.342] [pool-8-thread-1/DEBUG] [net.neoforged.neoforge.registries.GameData/REGISTRIES]: Creating vanilla freeze snapshot
[27июл.2024 20:31:59.361] [pool-8-thread-1/DEBUG] [net.neoforged.neoforge.registries.GameData/REGISTRIES]: Vanilla freeze snapshot created
[27июл.2024 20:31:59.756] [main/DEBUG] [net.neoforged.coremod.transformer.CoreModBaseTransformer/COREMOD]: Transforming net/minecraft/server/commands/SummonCommand
[27июл.2024 20:31:59.827] [main/DEBUG] [net.neoforged.coremod.transformer.CoreModBaseTransformer/COREMOD]: Transforming net/minecraft/server/commands/RaidCommand
[27июл.2024 20:31:59.894] [main/WARN] [net.minecraft.commands.Commands/]: Ambiguity between arguments [teleport, location] and [teleport, destination] with inputs: [0.1 -0.5 .9, 0 0 0]
[27июл.2024 20:31:59.895] [main/WARN] [net.minecraft.commands.Commands/]: Ambiguity between arguments [teleport, location] and [teleport, targets] with inputs: [0.1 -0.5 .9, 0 0 0]
[27июл.2024 20:31:59.898] [main/WARN] [net.minecraft.commands.Commands/]: Ambiguity between arguments [teleport, destination] and [teleport, targets] with inputs: [Player, 0123, @e, dd12be42-52a9-4a91-a8a1-11c01849e498]
[27июл.2024 20:31:59.900] [main/WARN] [net.minecraft.commands.Commands/]: Ambiguity between arguments [teleport, targets] and [teleport, destination] with inputs: [Player, 0123, dd12be42-52a9-4a91-a8a1-11c01849e498]
[27июл.2024 20:31:59.901] [main/WARN] [net.minecraft.commands.Commands/]: Ambiguity between arguments [teleport, targets, location] and [teleport, targets, destination] with inputs: [0.1 -0.5 .9, 0 0 0]
[27июл.2024 20:31:59.999] [Render thread/WARN] [net.minecraft.server.packs.VanillaPackResourcesBuilder/]: Assets URL 'union:/G:/P%20MCreator/Workspace/truedarkness%20—%20копия/.gradle/repositories/ng_dummy_ng/net/neoforged/neoforge/20.6.117/neoforge-20.6.117.jar%23192!/assets/.mcassetsroot' uses unexpected schema
[27июл.2024 20:31:59.999] [Render thread/WARN] [net.minecraft.server.packs.VanillaPackResourcesBuilder/]: Assets URL 'union:/G:/P%20MCreator/Workspace/truedarkness%20—%20копия/.gradle/repositories/ng_dummy_ng/net/neoforged/neoforge/20.6.117/neoforge-20.6.117.jar%23192!/data/.mcassetsroot' uses unexpected schema
[27июл.2024 20:32:00.019] [Render thread/INFO] [com.mojang.authlib.yggdrasil.YggdrasilAuthenticationService/]: Environment: Environment[sessionHost=https://sessionserver.mojang.com, servicesHost=https://api.minecraftservices.com, name=PROD]
[27июл.2024 20:32:00.028] [Render thread/INFO] [net.minecraft.client.Minecraft/]: Setting user: Dev
[27июл.2024 20:32:00.095] [Render thread/INFO] [net.minecraft.client.Minecraft/]: Backend library: LWJGL version 3.3.3+5
[27июл.2024 20:32:00.223] [Render thread/DEBUG] [net.neoforged.fml.ModWorkManager/LOADING]: Using 12 threads for parallel mod-loading
[27июл.2024 20:32:00.232] [Render thread/DEBUG] [net.neoforged.fml.javafmlmod.FMLModContainer/LOADING]: Creating FMLModContainer instance for [top.theillusivec4.curios.Curios]
[27июл.2024 20:32:00.234] [Render thread/DEBUG] [net.neoforged.fml.javafmlmod.FMLModContainer/LOADING]: Creating FMLModContainer instance for [net.neoforged.neoforge.common.NeoForgeMod, net.neoforged.neoforge.client.ClientNeoForgeMod]
[27июл.2024 20:32:00.237] [Render thread/DEBUG] [net.neoforged.fml.javafmlmod.FMLModContainer/LOADING]: Creating FMLModContainer instance for [exp.fluffynuar.truedarkness.TruedarknessMod]
[27июл.2024 20:32:00.238] [Render thread/DEBUG] [net.neoforged.fml.javafmlmod.FMLModContainer/LOADING]: Creating FMLModContainer instance for [mezz.jei.neoforge.JustEnoughItems]
[27июл.2024 20:32:00.251] [modloading-worker-0/DEBUG] [net.neoforged.fml.config.ConfigTracker/CONFIG]: Config file jei-server.toml for jei tracking
[27июл.2024 20:32:00.254] [modloading-worker-0/DEBUG] [net.neoforged.neoforge.internal.versions.neoforge.NeoForgeVersion/CORE]: Found NeoForge version 20.6.117
[27июл.2024 20:32:00.254] [modloading-worker-0/DEBUG] [net.neoforged.neoforge.internal.versions.neoforge.NeoForgeVersion/CORE]: Found FML version 3.0.45
[27июл.2024 20:32:00.254] [modloading-worker-0/INFO] [net.neoforged.neoforge.common.NeoForgeMod/NEOFORGE-MOD]: NeoForge mod loading, version 20.6.117, for MC 1.20.6
[27июл.2024 20:32:00.258] [modloading-worker-0/DEBUG] [net.neoforged.fml.config.ConfigTracker/CONFIG]: Config file curios-client.toml for curios tracking
[27июл.2024 20:32:00.259] [modloading-worker-0/DEBUG] [net.neoforged.fml.config.ConfigTracker/CONFIG]: Config file neoforge-client.toml for neoforge tracking
[27июл.2024 20:32:00.259] [modloading-worker-0/DEBUG] [net.neoforged.fml.config.ConfigTracker/CONFIG]: Config file neoforge-server.toml for neoforge tracking
[27июл.2024 20:32:00.259] [modloading-worker-0/DEBUG] [net.neoforged.fml.config.ConfigTracker/CONFIG]: Config file neoforge-common.toml for neoforge tracking
[27июл.2024 20:32:00.260] [modloading-worker-0/DEBUG] [net.neoforged.fml.config.ConfigTracker/CONFIG]: Config file curios-common.toml for curios tracking
[27июл.2024 20:32:00.260] [modloading-worker-0/DEBUG] [net.neoforged.fml.config.ConfigTracker/CONFIG]: Config file curios-server.toml for curios tracking
[27июл.2024 20:32:00.260] [modloading-worker-0/DEBUG] [net.neoforged.fml.javafmlmod.AutomaticEventSubscriber/LOADING]: Attempting to inject @EventBusSubscriber classes into the eventbus for curios
[27июл.2024 20:32:00.261] [modloading-worker-0/DEBUG] [mezz.jei.common.platform.Services/]: Loaded mezz.jei.neoforge.platform.PlatformHelper@299032a4 for service interface mezz.jei.common.platform.IPlatformHelper
[27июл.2024 20:32:00.262] [modloading-worker-0/DEBUG] [net.neoforged.fml.javafmlmod.AutomaticEventSubscriber/LOADING]: Auto-subscribing top.theillusivec4.curios.Curios$ClientProxy to MOD
[27июл.2024 20:32:00.294] [modloading-worker-0/DEBUG] [net.neoforged.fml.javafmlmod.AutomaticEventSubscriber/LOADING]: Attempting to inject @EventBusSubscriber classes into the eventbus for neoforge
[27июл.2024 20:32:00.295] [modloading-worker-0/DEBUG] [net.neoforged.fml.javafmlmod.AutomaticEventSubscriber/LOADING]: Auto-subscribing net.neoforged.neoforge.server.command.ConfigCommand to GAME
[27июл.2024 20:32:00.296] [modloading-worker-0/DEBUG] [mezz.jei.common.config.file.ConfigSerializer/]: Loading config file: G:\P MCreator\Workspace\truedarkness — копия\runs\client\config\jei\jei-debug.ini
[27июл.2024 20:32:00.296] [modloading-worker-0/DEBUG] [net.neoforged.fml.javafmlmod.AutomaticEventSubscriber/LOADING]: Auto-subscribing net.neoforged.neoforge.network.filters.GenericPacketSplitter to MOD
[27июл.2024 20:32:00.297] [modloading-worker-0/DEBUG] [mezz.jei.common.config.file.ConfigSerializer/]: Saving config file: G:\P MCreator\Workspace\truedarkness — копия\runs\client\config\jei\jei-debug.ini
[27июл.2024 20:32:00.302] [modloading-worker-0/DEBUG] [mezz.jei.common.config.file.ConfigSerializer/]: Loading config file: G:\P MCreator\Workspace\truedarkness — копия\runs\client\config\jei\jei-mod-id-format.ini
[27июл.2024 20:32:00.304] [modloading-worker-0/DEBUG] [mezz.jei.common.config.file.ConfigSerializer/]: Saving config file: G:\P MCreator\Workspace\truedarkness — копия\runs\client\config\jei\jei-mod-id-format.ini
[27июл.2024 20:32:00.307] [modloading-worker-0/DEBUG] [mezz.jei.common.config.file.ConfigSerializer/]: Loading config file: G:\P MCreator\Workspace\truedarkness — копия\runs\client\config\jei\jei-colors.ini
[27июл.2024 20:32:00.314] [modloading-worker-0/DEBUG] [mezz.jei.common.config.file.ConfigSerializer/]: Saving config file: G:\P MCreator\Workspace\truedarkness — копия\runs\client\config\jei\jei-colors.ini
[27июл.2024 20:32:00.315] [modloading-worker-0/DEBUG] [io.netty.buffer.AbstractByteBuf/]: -Dio.netty.buffer.checkAccessible: true
[27июл.2024 20:32:00.316] [modloading-worker-0/DEBUG] [io.netty.buffer.AbstractByteBuf/]: -Dio.netty.buffer.checkBounds: true
[27июл.2024 20:32:00.316] [modloading-worker-0/DEBUG] [io.netty.util.ResourceLeakDetectorFactory/]: Loaded default ResourceLeakDetector: io.netty.util.ResourceLeakDetector@5358e825
[27июл.2024 20:32:00.319] [modloading-worker-0/DEBUG] [mezz.jei.common.config.file.ConfigSerializer/]: Loading config file: G:\P MCreator\Workspace\truedarkness — копия\runs\client\config\jei\jei-client.ini
[27июл.2024 20:32:00.322] [modloading-worker-0/DEBUG] [io.netty.util.internal.InternalThreadLocalMap/]: -Dio.netty.threadLocalMap.stringBuilder.initialSize: 1024
[27июл.2024 20:32:00.322] [modloading-worker-0/DEBUG] [io.netty.util.internal.InternalThreadLocalMap/]: -Dio.netty.threadLocalMap.stringBuilder.maxSize: 4096
[27июл.2024 20:32:00.325] [modloading-worker-0/DEBUG] [io.netty.buffer.PooledByteBufAllocator/]: -Dio.netty.allocator.numHeapArenas: 24
[27июл.2024 20:32:00.325] [modloading-worker-0/DEBUG] [io.netty.buffer.PooledByteBufAllocator/]: -Dio.netty.allocator.numDirectArenas: 24
[27июл.2024 20:32:00.325] [modloading-worker-0/DEBUG] [io.netty.buffer.PooledByteBufAllocator/]: -Dio.netty.allocator.pageSize: 8192
[27июл.2024 20:32:00.325] [modloading-worker-0/DEBUG] [io.netty.buffer.PooledByteBufAllocator/]: -Dio.netty.allocator.maxOrder: 9
[27июл.2024 20:32:00.325] [modloading-worker-0/DEBUG] [io.netty.buffer.PooledByteBufAllocator/]: -Dio.netty.allocator.chunkSize: 4194304
[27июл.2024 20:32:00.325] [modloading-worker-0/DEBUG] [io.netty.buffer.PooledByteBufAllocator/]: -Dio.netty.allocator.smallCacheSize: 256
[27июл.2024 20:32:00.325] [modloading-worker-0/DEBUG] [io.netty.buffer.PooledByteBufAllocator/]: -Dio.netty.allocator.normalCacheSize: 64
[27июл.2024 20:32:00.325] [modloading-worker-0/DEBUG] [io.netty.buffer.PooledByteBufAllocator/]: -Dio.netty.allocator.maxCachedBufferCapacity: 32768
[27июл.2024 20:32:00.325] [modloading-worker-0/DEBUG] [io.netty.buffer.PooledByteBufAllocator/]: -Dio.netty.allocator.cacheTrimInterval: 8192
[27июл.2024 20:32:00.325] [modloading-worker-0/DEBUG] [io.netty.buffer.PooledByteBufAllocator/]: -Dio.netty.allocator.cacheTrimIntervalMillis: 0
[27июл.2024 20:32:00.325] [modloading-worker-0/DEBUG] [io.netty.buffer.PooledByteBufAllocator/]: -Dio.netty.allocator.useCacheForAllThreads: false
[27июл.2024 20:32:00.326] [modloading-worker-0/DEBUG] [io.netty.buffer.PooledByteBufAllocator/]: -Dio.netty.allocator.maxCachedByteBuffersPerChunk: 1023
[27июл.2024 20:32:00.327] [modloading-worker-0/DEBUG] [mezz.jei.common.config.file.ConfigSerializer/]: Saving config file: G:\P MCreator\Workspace\truedarkness — копия\runs\client\config\jei\jei-client.ini
[27июл.2024 20:32:00.331] [modloading-worker-0/INFO] [mezz.jei.library.load.PluginCaller/]: Sending ConfigManager...
[27июл.2024 20:32:00.333] [modloading-worker-0/DEBUG] [mezz.jei.library.load.PluginCallerTimerRunnable/]: Sending ConfigManager: jei:minecraft...
[27июл.2024 20:32:00.333] [modloading-worker-0/DEBUG] [mezz.jei.library.load.PluginCallerTimerRunnable/]: Sending ConfigManager: curios:curios...
[27июл.2024 20:32:00.333] [modloading-worker-0/DEBUG] [mezz.jei.library.load.PluginCallerTimerRunnable/]: Sending ConfigManager: truedarkness:brewing_recipes...
[27июл.2024 20:32:00.333] [modloading-worker-0/DEBUG] [mezz.jei.library.load.PluginCallerTimerRunnable/]: Sending ConfigManager: truedarkness:jei_plugin...
[27июл.2024 20:32:00.333] [modloading-worker-0/DEBUG] [mezz.jei.library.load.PluginCallerTimerRunnable/]: Sending ConfigManager: jei:neoforge_gui...
[27июл.2024 20:32:00.333] [modloading-worker-0/DEBUG] [mezz.jei.library.load.PluginCallerTimerRunnable/]: Sending ConfigManager: jei:debug...
[27июл.2024 20:32:00.333] [modloading-worker-0/DEBUG] [mezz.jei.library.load.PluginCallerTimerRunnable/]: Sending ConfigManager: jei:gui...
[27июл.2024 20:32:00.333] [modloading-worker-0/DEBUG] [mezz.jei.library.load.PluginCallerTimerRunnable/]: Sending ConfigManager: jei:internal...
[27июл.2024 20:32:00.334] [modloading-worker-0/DEBUG] [io.netty.buffer.ByteBufUtil/]: -Dio.netty.allocator.type: pooled
[27июл.2024 20:32:00.334] [modloading-worker-0/DEBUG] [io.netty.buffer.ByteBufUtil/]: -Dio.netty.threadLocalDirectBufferSize: 0
[27июл.2024 20:32:00.334] [modloading-worker-0/DEBUG] [io.netty.buffer.ByteBufUtil/]: -Dio.netty.maxThreadLocalCharBufferSize: 16384
[27июл.2024 20:32:00.334] [modloading-worker-0/INFO] [mezz.jei.library.load.PluginCaller/]: Sending ConfigManager took 2.328 ms
[27июл.2024 20:32:00.337] [modloading-worker-0/DEBUG] [net.neoforged.fml.javafmlmod.AutomaticEventSubscriber/LOADING]: Attempting to inject @EventBusSubscriber classes into the eventbus for jei
[27июл.2024 20:32:00.340] [modloading-worker-0/DEBUG] [net.neoforged.fml.javafmlmod.AutomaticEventSubscriber/LOADING]: Auto-subscribing net.neoforged.neoforge.network.NetworkInitialization to MOD
[27июл.2024 20:32:00.341] [modloading-worker-0/DEBUG] [net.neoforged.fml.javafmlmod.AutomaticEventSubscriber/LOADING]: Auto-subscribing net.neoforged.neoforge.network.ConfigurationInitialization to MOD
[27июл.2024 20:32:00.342] [modloading-worker-0/DEBUG] [net.neoforged.fml.javafmlmod.AutomaticEventSubscriber/LOADING]: Auto-subscribing net.neoforged.neoforge.common.MonsterRoomHooks to GAME
[27июл.2024 20:32:00.343] [modloading-worker-0/DEBUG] [net.neoforged.fml.javafmlmod.AutomaticEventSubscriber/LOADING]: Auto-subscribing net.neoforged.neoforge.common.DeferredSpawnEggItem$CommonHandler to MOD
[27июл.2024 20:32:00.344] [modloading-worker-0/DEBUG] [net.neoforged.fml.javafmlmod.AutomaticEventSubscriber/LOADING]: Auto-subscribing net.neoforged.neoforge.common.DeferredSpawnEggItem$ColorRegisterHandler to MOD
[27июл.2024 20:32:00.345] [modloading-worker-0/DEBUG] [net.neoforged.fml.javafmlmod.AutomaticEventSubscriber/LOADING]: Auto-subscribing net.neoforged.neoforge.client.model.data.ModelDataManager to GAME
[27июл.2024 20:32:00.347] [modloading-worker-0/DEBUG] [net.neoforged.fml.javafmlmod.AutomaticEventSubscriber/LOADING]: Auto-subscribing net.neoforged.neoforge.client.ParticleBoundsDebugRenderer to GAME
[27июл.2024 20:32:00.350] [modloading-worker-0/DEBUG] [net.neoforged.fml.javafmlmod.AutomaticEventSubscriber/LOADING]: Auto-subscribing net.neoforged.neoforge.client.ClientHooks$ClientEvents to MOD
[27июл.2024 20:32:00.352] [modloading-worker-0/DEBUG] [net.neoforged.fml.javafmlmod.AutomaticEventSubscriber/LOADING]: Auto-subscribing net.neoforged.neoforge.client.BlockEntityRenderBoundsDebugRenderer to GAME
[27июл.2024 20:32:00.353] [modloading-worker-0/DEBUG] [net.neoforged.fml.javafmlmod.AutomaticEventSubscriber/LOADING]: Auto-subscribing net.neoforged.neoforge.attachment.AttachmentInternals to GAME
[27июл.2024 20:32:00.880] [modloading-worker-0/DEBUG] [net.neoforged.fml.javafmlmod.AutomaticEventSubscriber/LOADING]: Attempting to inject @EventBusSubscriber classes into the eventbus for truedarkness
[27июл.2024 20:32:00.880] [modloading-worker-0/DEBUG] [net.neoforged.fml.javafmlmod.AutomaticEventSubscriber/LOADING]: Auto-subscribing exp.fluffynuar.truedarkness.client.screens.CorruptedBarGUIOverlay to GAME
[27июл.2024 20:32:00.882] [modloading-worker-0/DEBUG] [net.neoforged.fml.javafmlmod.AutomaticEventSubscriber/LOADING]: Auto-subscribing exp.fluffynuar.truedarkness.client.screens.FatigueGUIOverlay to GAME
[27июл.2024 20:32:00.883] [modloading-worker-0/DEBUG] [net.neoforged.fml.javafmlmod.AutomaticEventSubscriber/LOADING]: Auto-subscribing exp.fluffynuar.truedarkness.client.screens.MonarchGUIOverlay to GAME
[27июл.2024 20:32:00.884] [modloading-worker-0/DEBUG] [net.neoforged.fml.javafmlmod.AutomaticEventSubscriber/LOADING]: Auto-subscribing exp.fluffynuar.truedarkness.client.screens.SporesOverlay to GAME
[27июл.2024 20:32:00.884] [modloading-worker-0/DEBUG] [net.neoforged.fml.javafmlmod.AutomaticEventSubscriber/LOADING]: Auto-subscribing exp.fluffynuar.truedarkness.client.screens.StoryGUIOverlay to GAME
[27июл.2024 20:32:00.885] [modloading-worker-0/DEBUG] [net.neoforged.fml.javafmlmod.AutomaticEventSubscriber/LOADING]: Auto-subscribing exp.fluffynuar.truedarkness.command.FactionCommand to GAME
[27июл.2024 20:32:00.886] [modloading-worker-0/DEBUG] [net.neoforged.fml.javafmlmod.AutomaticEventSubscriber/LOADING]: Auto-subscribing exp.fluffynuar.truedarkness.command.SetManaCommand to GAME
[27июл.2024 20:32:00.887] [modloading-worker-0/DEBUG] [net.neoforged.fml.javafmlmod.AutomaticEventSubscriber/LOADING]: Auto-subscribing exp.fluffynuar.truedarkness.command.SkillsetCommand to GAME
[27июл.2024 20:32:00.888] [modloading-worker-0/DEBUG] [net.neoforged.fml.javafmlmod.AutomaticEventSubscriber/LOADING]: Auto-subscribing exp.fluffynuar.truedarkness.init.TruedarknessModBiomes to GAME
[27июл.2024 20:32:00.889] [modloading-worker-0/DEBUG] [net.neoforged.fml.javafmlmod.AutomaticEventSubscriber/LOADING]: Auto-subscribing exp.fluffynuar.truedarkness.init.TruedarknessModBlockEntities to MOD
[27июл.2024 20:32:00.889] [modloading-worker-0/DEBUG] [net.neoforged.fml.javafmlmod.AutomaticEventSubscriber/LOADING]: Auto-subscribing exp.fluffynuar.truedarkness.init.TruedarknessModCuriosProperties to MOD
[27июл.2024 20:32:00.890] [modloading-worker-0/DEBUG] [net.neoforged.fml.javafmlmod.AutomaticEventSubscriber/LOADING]: Auto-subscribing exp.fluffynuar.truedarkness.init.TruedarknessModCuriosRenderers to MOD
[27июл.2024 20:32:00.890] [modloading-worker-0/DEBUG] [net.neoforged.fml.javafmlmod.AutomaticEventSubscriber/LOADING]: Auto-subscribing exp.fluffynuar.truedarkness.init.TruedarknessModCuriosSlots to MOD
[27июл.2024 20:32:00.891] [modloading-worker-0/DEBUG] [net.neoforged.fml.javafmlmod.AutomaticEventSubscriber/LOADING]: Auto-subscribing exp.fluffynuar.truedarkness.init.TruedarknessModEntities to MOD
[27июл.2024 20:32:00.892] [modloading-worker-0/DEBUG] [net.neoforged.fml.javafmlmod.AutomaticEventSubscriber/LOADING]: Auto-subscribing exp.fluffynuar.truedarkness.init.TruedarknessModEntityRenderers to MOD
[27июл.2024 20:32:00.893] [modloading-worker-0/DEBUG] [net.neoforged.fml.javafmlmod.AutomaticEventSubscriber/LOADING]: Auto-subscribing exp.fluffynuar.truedarkness.init.TruedarknessModGameRules to MOD
[27июл.2024 20:32:00.894] [modloading-worker-0/DEBUG] [net.neoforged.fml.javafmlmod.AutomaticEventSubscriber/LOADING]: Auto-subscribing exp.fluffynuar.truedarkness.init.TruedarknessModItems$ItemsClientSideHandler to MOD
[27июл.2024 20:32:00.896] [modloading-worker-0/DEBUG] [net.neoforged.fml.javafmlmod.AutomaticEventSubscriber/LOADING]: Auto-subscribing exp.fluffynuar.truedarkness.init.TruedarknessModKeyMappings$KeyEventListener to GAME
[27июл.2024 20:32:00.897] [modloading-worker-0/DEBUG] [net.neoforged.fml.javafmlmod.AutomaticEventSubscriber/LOADING]: Auto-subscribing exp.fluffynuar.truedarkness.init.TruedarknessModKeyMappings to MOD
[27июл.2024 20:32:00.899] [modloading-worker-0/DEBUG] [net.neoforged.fml.javafmlmod.AutomaticEventSubscriber/LOADING]: Auto-subscribing exp.fluffynuar.truedarkness.init.TruedarknessModMobEffects to GAME
[27июл.2024 20:32:00.899] [modloading-worker-0/DEBUG] [net.neoforged.fml.javafmlmod.AutomaticEventSubscriber/LOADING]: Auto-subscribing exp.fluffynuar.truedarkness.init.TruedarknessModModels to MOD
[27июл.2024 20:32:00.900] [modloading-worker-0/DEBUG] [net.neoforged.fml.javafmlmod.AutomaticEventSubscriber/LOADING]: Auto-subscribing exp.fluffynuar.truedarkness.init.TruedarknessModParticles to MOD
[27июл.2024 20:32:00.901] [modloading-worker-0/DEBUG] [net.neoforged.fml.javafmlmod.AutomaticEventSubscriber/LOADING]: Auto-subscribing exp.fluffynuar.truedarkness.init.TruedarknessModRecipeTypes to MOD
[27июл.2024 20:32:00.903] [modloading-worker-0/DEBUG] [net.neoforged.fml.javafmlmod.AutomaticEventSubscriber/LOADING]: Auto-subscribing exp.fluffynuar.truedarkness.init.TruedarknessModScreens to MOD
[27июл.2024 20:32:00.904] [modloading-worker-0/DEBUG] [net.neoforged.fml.javafmlmod.AutomaticEventSubscriber/LOADING]: Auto-subscribing exp.fluffynuar.truedarkness.init.TruedarknessModTrades to GAME
[27июл.2024 20:32:00.905] [modloading-worker-0/DEBUG] [net.neoforged.fml.javafmlmod.AutomaticEventSubscriber/LOADING]: Auto-subscribing exp.fluffynuar.truedarkness.item.CorruptedItem to MOD
[27июл.2024 20:32:00.906] [modloading-worker-0/DEBUG] [net.neoforged.fml.javafmlmod.AutomaticEventSubscriber/LOADING]: Auto-subscribing exp.fluffynuar.truedarkness.item.CrownItem to MOD
[27июл.2024 20:32:00.906] [modloading-worker-0/DEBUG] [net.neoforged.fml.javafmlmod.AutomaticEventSubscriber/LOADING]: Auto-subscribing exp.fluffynuar.truedarkness.item.CvetaliyCrownItem to MOD
[27июл.2024 20:32:00.907] [modloading-worker-0/DEBUG] [net.neoforged.fml.javafmlmod.AutomaticEventSubscriber/LOADING]: Auto-subscribing exp.fluffynuar.truedarkness.item.DistabilizatorItem to MOD
[27июл.2024 20:32:00.908] [modloading-worker-0/DEBUG] [net.neoforged.fml.javafmlmod.AutomaticEventSubscriber/LOADING]: Auto-subscribing exp.fluffynuar.truedarkness.item.FireniteArmorItem to MOD
[27июл.2024 20:32:00.908] [modloading-worker-0/DEBUG] [net.neoforged.fml.javafmlmod.AutomaticEventSubscriber/LOADING]: Auto-subscribing exp.fluffynuar.truedarkness.item.GeneralArmorItem to MOD
[27июл.2024 20:32:00.908] [modloading-worker-0/DEBUG] [net.neoforged.fml.javafmlmod.AutomaticEventSubscriber/LOADING]: Auto-subscribing exp.fluffynuar.truedarkness.network.ActiveAbility1Message to MOD
[27июл.2024 20:32:00.910] [modloading-worker-0/DEBUG] [net.neoforged.fml.javafmlmod.AutomaticEventSubscriber/LOADING]: Auto-subscribing exp.fluffynuar.truedarkness.network.ActiveAbility2Message to MOD
[27июл.2024 20:32:00.912] [modloading-worker-0/DEBUG] [net.neoforged.fml.javafmlmod.AutomaticEventSubscriber/LOADING]: Auto-subscribing exp.fluffynuar.truedarkness.network.BlacksmiteForgeGUISlotMessage to MOD
[27июл.2024 20:32:00.913] [modloading-worker-0/DEBUG] [net.neoforged.fml.javafmlmod.AutomaticEventSubscriber/LOADING]: Auto-subscribing exp.fluffynuar.truedarkness.network.DoubleJumpMessage to MOD
[27июл.2024 20:32:00.914] [modloading-worker-0/DEBUG] [net.neoforged.fml.javafmlmod.AutomaticEventSubscriber/LOADING]: Auto-subscribing exp.fluffynuar.truedarkness.network.SamovarGUISlotMessage to MOD
[27июл.2024 20:32:00.916] [modloading-worker-0/DEBUG] [net.neoforged.fml.javafmlmod.AutomaticEventSubscriber/LOADING]: Auto-subscribing exp.fluffynuar.truedarkness.network.TruedarknessModVariables$EventBusVariableHandlers to GAME
[27июл.2024 20:32:00.917] [modloading-worker-0/DEBUG] [net.neoforged.fml.javafmlmod.AutomaticEventSubscriber/LOADING]: Auto-subscribing exp.fluffynuar.truedarkness.network.TruedarknessModVariables to MOD
[27июл.2024 20:32:00.918] [modloading-worker-0/DEBUG] [net.neoforged.fml.javafmlmod.AutomaticEventSubscriber/LOADING]: Auto-subscribing exp.fluffynuar.truedarkness.procedures.AfterDeathProcedure to GAME
[27июл.2024 20:32:00.919] [modloading-worker-0/DEBUG] [net.neoforged.fml.javafmlmod.AutomaticEventSubscriber/LOADING]: Auto-subscribing exp.fluffynuar.truedarkness.procedures.AnyTicksProcProcedure to GAME
[27июл.2024 20:32:00.920] [modloading-worker-0/DEBUG] [net.neoforged.fml.javafmlmod.AutomaticEventSubscriber/LOADING]: Auto-subscribing exp.fluffynuar.truedarkness.procedures.BeforeAttackProcProcedure to GAME
[27июл.2024 20:32:00.921] [modloading-worker-0/DEBUG] [net.neoforged.fml.javafmlmod.AutomaticEventSubscriber/LOADING]: Auto-subscribing exp.fluffynuar.truedarkness.procedures.BlockClickProcProcedure to GAME
[27июл.2024 20:32:00.923] [modloading-worker-0/DEBUG] [net.neoforged.fml.javafmlmod.AutomaticEventSubscriber/LOADING]: Auto-subscribing exp.fluffynuar.truedarkness.procedures.BlockingProcProcedure to GAME
[27июл.2024 20:32:00.924] [modloading-worker-0/DEBUG] [net.neoforged.fml.javafmlmod.AutomaticEventSubscriber/LOADING]: Auto-subscribing exp.fluffynuar.truedarkness.procedures.DanageProcProcedure to GAME
[27июл.2024 20:32:00.924] [modloading-worker-0/DEBUG] [net.neoforged.fml.javafmlmod.AutomaticEventSubscriber/LOADING]: Auto-subscribing exp.fluffynuar.truedarkness.procedures.Death1ProcProcedure to GAME
[27июл.2024 20:32:00.925] [modloading-worker-0/DEBUG] [net.neoforged.fml.javafmlmod.AutomaticEventSubscriber/LOADING]: Auto-subscribing exp.fluffynuar.truedarkness.procedures.DeathProcProcedure to GAME
[27июл.2024 20:32:00.926] [modloading-worker-0/DEBUG] [net.neoforged.fml.javafmlmod.AutomaticEventSubscriber/LOADING]: Auto-subscribing exp.fluffynuar.truedarkness.procedures.DimensionProcProcedure to GAME
[27июл.2024 20:32:00.927] [modloading-worker-0/DEBUG] [net.neoforged.fml.javafmlmod.AutomaticEventSubscriber/LOADING]: Auto-subscribing exp.fluffynuar.truedarkness.procedures.DreamProcProcedure to GAME
[27июл.2024 20:32:00.928] [modloading-worker-0/DEBUG] [net.neoforged.fml.javafmlmod.AutomaticEventSubscriber/LOADING]: Auto-subscribing exp.fluffynuar.truedarkness.procedures.EnchantmentsToolsProcProcedure to GAME
[27июл.2024 20:32:00.929] [modloading-worker-0/DEBUG] [net.neoforged.fml.javafmlmod.AutomaticEventSubscriber/LOADING]: Auto-subscribing exp.fluffynuar.truedarkness.procedures.FallingProcProcedure to GAME
[27июл.2024 20:32:00.930] [modloading-worker-0/DEBUG] [net.neoforged.fml.javafmlmod.AutomaticEventSubscriber/LOADING]: Auto-subscribing exp.fluffynuar.truedarkness.procedures.PlayerLeaveProcProcedure to GAME
[27июл.2024 20:32:00.931] [modloading-worker-0/DEBUG] [net.neoforged.fml.javafmlmod.AutomaticEventSubscriber/LOADING]: Auto-subscribing exp.fluffynuar.truedarkness.procedures.RMBProcProcedure to GAME
[27июл.2024 20:32:00.933] [modloading-worker-0/DEBUG] [net.neoforged.fml.javafmlmod.AutomaticEventSubscriber/LOADING]: Auto-subscribing exp.fluffynuar.truedarkness.procedures.YteriaMilkProcProcedure to GAME
[27июл.2024 20:32:00.934] [modloading-worker-0/DEBUG] [net.neoforged.fml.javafmlmod.AutomaticEventSubscriber/LOADING]: Auto-subscribing exp.fluffynuar.truedarkness.recipes.brewing.GlassBottleCorruptRecipeBrewingRecipe to GAME
[27июл.2024 20:32:00.935] [modloading-worker-0/DEBUG] [net.neoforged.fml.javafmlmod.AutomaticEventSubscriber/LOADING]: Auto-subscribing exp.fluffynuar.truedarkness.recipes.brewing.GlowInkSacRecipeBrewingRecipe to GAME
[27июл.2024 20:32:00.936] [modloading-worker-0/DEBUG] [net.neoforged.fml.javafmlmod.AutomaticEventSubscriber/LOADING]: Auto-subscribing exp.fluffynuar.truedarkness.recipes.brewing.SculkManaBottleRecipeBrewingRecipe to GAME
[27июл.2024 20:32:00.937] [modloading-worker-0/DEBUG] [net.neoforged.fml.javafmlmod.AutomaticEventSubscriber/LOADING]: Auto-subscribing exp.fluffynuar.truedarkness.recipes.brewing.SoulBottleRecipeBrewingRecipe to GAME
[27июл.2024 20:32:00.938] [modloading-worker-0/DEBUG] [net.neoforged.fml.javafmlmod.AutomaticEventSubscriber/LOADING]: Auto-subscribing exp.fluffynuar.truedarkness.world.dimension.YteriaDimension$YteriaSpecialEffectsHandler to MOD
[27июл.2024 20:32:00.940] [modloading-worker-0/DEBUG] [net.neoforged.fml.javafmlmod.AutomaticEventSubscriber/LOADING]: Auto-subscribing exp.fluffynuar.truedarkness.world.dimension.YteriaDimension to GAME
[27июл.2024 20:32:00.941] [modloading-worker-0/DEBUG] [net.neoforged.fml.javafmlmod.AutomaticEventSubscriber/LOADING]: Auto-subscribing exp.fluffynuar.truedarkness.world.inventory.BlacksmiteForgeGUIMenu to GAME
[27июл.2024 20:32:00.945] [modloading-worker-0/DEBUG] [net.neoforged.fml.javafmlmod.AutomaticEventSubscriber/LOADING]: Auto-subscribing exp.fluffynuar.truedarkness.world.inventory.SamovarGUIMenu to GAME
[27июл.2024 20:32:00.949] [modloading-sync-worker/DEBUG] [net.neoforged.fml.DeferredWorkQueue/LOADING]: Dispatching synchronous work for work queue Mod Construction: 1 jobs
[27июл.2024 20:32:00.951] [modloading-sync-worker/DEBUG] [net.neoforged.fml.DeferredWorkQueue/LOADING]: Synchronous work queue completed in 815.0 μs
[27июл.2024 20:32:00.957] [modloading-sync-worker/DEBUG] [net.neoforged.neoforge.registries.GameData/REGISTRIES]: Unfreezing registries
[27июл.2024 20:32:01.403] [modloading-sync-worker/DEBUG] [net.neoforged.neoforge.registries.GameData/REGISTRIES]: Freezing registries
[27июл.2024 20:32:01.911] [modloading-sync-worker/DEBUG] [net.neoforged.neoforge.registries.GameData/REGISTRIES]: All registries frozen
[27июл.2024 20:32:01.948] [Render thread/INFO] [net.minecraft.server.packs.repository.FolderRepositorySource/]: Found non-pack entry '.\resourcepacks\Elemination.rar', ignoring
[27июл.2024 20:32:02.285] [Render thread/INFO] [net.neoforged.neoforge.gametest.GameTestHooks/]: Enabled Gametest Namespaces: []
[27июл.2024 20:32:02.506] [Render thread/INFO] [net.minecraft.server.packs.resources.ReloadableResourceManager/]: Reloading ResourceManager: vanilla, mod_resources, mod/curios, mod/neoforge, mod/truedarkness, mod/jei
[27июл.2024 20:32:02.552] [Render thread/DEBUG] [net.neoforged.fml.config.ConfigTracker/CONFIG]: Loading configs type CLIENT
[27июл.2024 20:32:02.554] [Render thread/DEBUG] [net.neoforged.fml.config.ConfigFileTypeHandler/CONFIG]: Built TOML config for G:\P MCreator\Workspace\truedarkness — копия\runs\client\config\curios-client.toml
[27июл.2024 20:32:02.556] [Render thread/DEBUG] [net.neoforged.fml.config.ConfigFileTypeHandler/CONFIG]: Loaded TOML config file G:\P MCreator\Workspace\truedarkness — копия\runs\client\config\curios-client.toml
[27июл.2024 20:32:02.562] [Render thread/DEBUG] [net.neoforged.fml.config.ConfigFileTypeHandler/CONFIG]: Watching TOML config file G:\P MCreator\Workspace\truedarkness — копия\runs\client\config\curios-client.toml for changes
[27июл.2024 20:32:02.570] [Render thread/DEBUG] [net.neoforged.fml.config.ConfigFileTypeHandler/CONFIG]: Built TOML config for G:\P MCreator\Workspace\truedarkness — копия\runs\client\config\neoforge-client.toml
[27июл.2024 20:32:02.571] [Render thread/DEBUG] [net.neoforged.fml.config.ConfigFileTypeHandler/CONFIG]: Loaded TOML config file G:\P MCreator\Workspace\truedarkness — копия\runs\client\config\neoforge-client.toml
[27июл.2024 20:32:02.571] [Render thread/DEBUG] [net.neoforged.fml.config.ConfigFileTypeHandler/CONFIG]: Watching TOML config file G:\P MCreator\Workspace\truedarkness — копия\runs\client\config\neoforge-client.toml for changes
[27июл.2024 20:32:02.572] [Render thread/DEBUG] [net.neoforged.neoforge.common.NeoForgeConfig/FORGEMOD]: Loaded NeoForge config file neoforge-client.toml
[27июл.2024 20:32:02.573] [Render thread/DEBUG] [net.neoforged.fml.config.ConfigTracker/CONFIG]: Loading configs type COMMON
[27июл.2024 20:32:02.573] [Render thread/DEBUG] [net.neoforged.fml.config.ConfigFileTypeHandler/CONFIG]: Built TOML config for G:\P MCreator\Workspace\truedarkness — копия\runs\client\config\neoforge-common.toml
[27июл.2024 20:32:02.573] [Worker-Main-11/INFO] [net.minecraft.client.gui.font.providers.UnihexProvider/]: Found unifont_all_no_pua-15.1.04.hex, loading
[27июл.2024 20:32:02.574] [Render thread/DEBUG] [net.neoforged.fml.config.ConfigFileTypeHandler/CONFIG]: Loaded TOML config file G:\P MCreator\Workspace\truedarkness — копия\runs\client\config\neoforge-common.toml
[27июл.2024 20:32:02.574] [Render thread/DEBUG] [net.neoforged.fml.config.ConfigFileTypeHandler/CONFIG]: Watching TOML config file G:\P MCreator\Workspace\truedarkness — копия\runs\client\config\neoforge-common.toml for changes
[27июл.2024 20:32:02.575] [Render thread/DEBUG] [net.neoforged.neoforge.common.NeoForgeConfig/FORGEMOD]: Loaded NeoForge config file neoforge-common.toml
[27июл.2024 20:32:02.575] [Render thread/DEBUG] [net.neoforged.fml.config.ConfigFileTypeHandler/CONFIG]: Built TOML config for G:\P MCreator\Workspace\truedarkness — копия\runs\client\config\curios-common.toml
[27июл.2024 20:32:02.650] [Render thread/DEBUG] [net.neoforged.fml.config.ConfigFileTypeHandler/CONFIG]: Loaded TOML config file G:\P MCreator\Workspace\truedarkness — копия\runs\client\config\curios-common.toml
[27июл.2024 20:32:02.650] [Render thread/DEBUG] [net.neoforged.fml.config.ConfigFileTypeHandler/CONFIG]: Watching TOML config file G:\P MCreator\Workspace\truedarkness — копия\runs\client\config\curios-common.toml for changes
[27июл.2024 20:32:02.774] [Worker-Main-3/DEBUG] [mixin/]: Mixing MixinCuriosApi from curios.neoforge.mixins.json into top.theillusivec4.curios.api.CuriosApi
[27июл.2024 20:32:02.775] [Worker-Main-3/DEBUG] [mixin/]: curios.neoforge.mixins.json:MixinCuriosApi from mod curios: Class version 65 required is higher than the class version supported by the current version of Mixin (JAVA_17 supports class version 61)
[27июл.2024 20:32:02.785] [Worker-Main-5/WARN] [net.minecraft.client.renderer.texture.SpriteContents/]: Invalid frame index on sprite truedarkness:echo_bubble frame 1: 1
[27июл.2024 20:32:02.786] [Worker-Main-5/WARN] [net.minecraft.client.renderer.texture.SpriteContents/]: Invalid frame index on sprite truedarkness:echo_bubble frame 2: 2
[27июл.2024 20:32:02.786] [Worker-Main-5/WARN] [net.minecraft.client.renderer.texture.SpriteContents/]: Invalid frame index on sprite truedarkness:echo_bubble frame 3: 3
[27июл.2024 20:32:02.786] [Worker-Main-5/WARN] [net.minecraft.client.renderer.texture.SpriteContents/]: Invalid frame index on sprite truedarkness:echo_bubble frame 4: 4
[27июл.2024 20:32:02.824] [Worker-Main-3/DEBUG] [net.neoforged.coremod.transformer.CoreModBaseTransformer/COREMOD]: Transforming net/minecraft/world/entity/EntityType
[27июл.2024 20:32:02.861] [Worker-Main-5/INFO] [net.minecraft.client.gui.font.providers.UnihexProvider/]: Found unifont_jp_patch-15.1.04.hex, loading
[27июл.2024 20:32:02.897] [Worker-Main-3/DEBUG] [mixin/]: curios.neoforge.mixins.json:MixinCuriosApi from mod curios->@Inject::curios$registerCurio(Lnet/minecraft/world/item/Item;Ltop/theillusivec4/curios/api/type/capability/ICurioItem;Lorg/spongepowered/asm/mixin/injection/callback/CallbackInfo;)V does use it's CallbackInfo
[27июл.2024 20:32:02.897] [Worker-Main-3/DEBUG] [mixin/]: curios.neoforge.mixins.json:MixinCuriosApi from mod curios->@Inject::curios$getSlots(ZLorg/spongepowered/asm/mixin/injection/callback/CallbackInfoReturnable;)V does use it's CallbackInfoReturnable
[27июл.2024 20:32:02.897] [Worker-Main-3/DEBUG] [mixin/]: curios.neoforge.mixins.json:MixinCuriosApi from mod curios->@Inject::curios$getEntitySlots(Lnet/minecraft/world/entity/EntityType;ZLorg/spongepowered/asm/mixin/injection/callback/CallbackInfoReturnable;)V does use it's CallbackInfoReturnable
[27июл.2024 20:32:02.897] [Worker-Main-3/DEBUG] [mixin/]: curios.neoforge.mixins.json:MixinCuriosApi from mod curios->@Inject::curios$getItemStackSlots(Lnet/minecraft/world/item/ItemStack;ZLorg/spongepowered/asm/mixin/injection/callback/CallbackInfoReturnable;)V does use it's CallbackInfoReturnable
[27июл.2024 20:32:02.897] [Worker-Main-3/DEBUG] [mixin/]: curios.neoforge.mixins.json:MixinCuriosApi from mod curios->@Inject::curios$getItemStackSlots(Lnet/minecraft/world/item/ItemStack;Lnet/minecraft/world/entity/LivingEntity;Lorg/spongepowered/asm/mixin/injection/callback/CallbackInfoReturnable;)V does use it's CallbackInfoReturnable
[27июл.2024 20:32:02.898] [Worker-Main-3/DEBUG] [mixin/]: curios.neoforge.mixins.json:MixinCuriosApi from mod curios->@Inject::curios$getCurio(Lnet/minecraft/world/item/ItemStack;Lorg/spongepowered/asm/mixin/injection/callback/CallbackInfoReturnable;)V does use it's CallbackInfoReturnable
[27июл.2024 20:32:02.898] [Worker-Main-3/DEBUG] [mixin/]: curios.neoforge.mixins.json:MixinCuriosApi from mod curios->@Inject::curios$getCuriosInventory(Lnet/minecraft/world/entity/LivingEntity;Lorg/spongepowered/asm/mixin/injection/callback/CallbackInfoReturnable;)V does use it's CallbackInfoReturnable
[27июл.2024 20:32:02.898] [Worker-Main-3/DEBUG] [mixin/]: curios.neoforge.mixins.json:MixinCuriosApi from mod curios->@Inject::curios$isStackValid(Ltop/theillusivec4/curios/api/SlotContext;Lnet/minecraft/world/item/ItemStack;Lorg/spongepowered/asm/mixin/injection/callback/CallbackInfoReturnable;)V does use it's CallbackInfoReturnable
[27июл.2024 20:32:02.898] [Worker-Main-3/DEBUG] [mixin/]: curios.neoforge.mixins.json:MixinCuriosApi from mod curios->@Inject::curios$getAttributeModifiers(Ltop/theillusivec4/curios/api/SlotContext;Ljava/util/UUID;Lnet/minecraft/world/item/ItemStack;Lorg/spongepowered/asm/mixin/injection/callback/CallbackInfoReturnable;)V does use it's CallbackInfoReturnable
[27июл.2024 20:32:02.898] [Worker-Main-3/DEBUG] [mixin/]: curios.neoforge.mixins.json:MixinCuriosApi from mod curios->@Inject::curios$addSlotModifier(Lcom/google/common/collect/Multimap;Ljava/lang/String;Ljava/util/UUID;DLnet/minecraft/world/entity/ai/attributes/AttributeModifier$Operation;Lorg/spongepowered/asm/mixin/injection/callback/CallbackInfo;)V does use it's CallbackInfo
[27июл.2024 20:32:02.898] [Worker-Main-3/DEBUG] [mixin/]: curios.neoforge.mixins.json:MixinCuriosApi from mod curios->@Inject::curios$addSlotModifier(Lnet/minecraft/world/item/ItemStack;Ljava/lang/String;Ljava/lang/String;Ljava/util/UUID;DLnet/minecraft/world/entity/ai/attributes/AttributeModifier$Operation;Ljava/lang/String;Lorg/spongepowered/asm/mixin/injection/callback/CallbackInfo;)V does use it's CallbackInfo
[27июл.2024 20:32:02.898] [Worker-Main-3/DEBUG] [mixin/]: curios.neoforge.mixins.json:MixinCuriosApi from mod curios->@Inject::curios$addModifier(Lnet/minecraft/world/item/ItemStack;Lnet/minecraft/core/Holder;Ljava/lang/String;Ljava/util/UUID;DLnet/minecraft/world/entity/ai/attributes/AttributeModifier$Operation;Ljava/lang/String;Lorg/spongepowered/asm/mixin/injection/callback/CallbackInfo;)V does use it's CallbackInfo
[27июл.2024 20:32:02.898] [Worker-Main-3/DEBUG] [mixin/]: curios.neoforge.mixins.json:MixinCuriosApi from mod curios->@Inject::curios$registerCurioPredicate(Lnet/minecraft/resources/ResourceLocation;Ljava/util/function/Predicate;Lorg/spongepowered/asm/mixin/injection/callback/CallbackInfo;)V does use it's CallbackInfo
[27июл.2024 20:32:02.898] [Worker-Main-3/DEBUG] [mixin/]: curios.neoforge.mixins.json:MixinCuriosApi from mod curios->@Inject::curios$getCurioPredicate(Lnet/minecraft/resources/ResourceLocation;Lorg/spongepowered/asm/mixin/injection/callback/CallbackInfoReturnable;)V does use it's CallbackInfoReturnable
[27июл.2024 20:32:02.899] [Worker-Main-3/DEBUG] [mixin/]: curios.neoforge.mixins.json:MixinCuriosApi from mod curios->@Inject::curios$getCurioPredicates(Lorg/spongepowered/asm/mixin/injection/callback/CallbackInfoReturnable;)V does use it's CallbackInfoReturnable
[27июл.2024 20:32:02.899] [Worker-Main-3/DEBUG] [mixin/]: curios.neoforge.mixins.json:MixinCuriosApi from mod curios->@Inject::curios$testCurioPredicates(Ljava/util/Set;Ltop/theillusivec4/curios/api/SlotResult;Lorg/spongepowered/asm/mixin/injection/callback/CallbackInfoReturnable;)V does use it's CallbackInfoReturnable
[27июл.2024 20:32:02.899] [Worker-Main-3/DEBUG] [mixin/]: curios.neoforge.mixins.json:MixinCuriosApi from mod curios->@Inject::curios$getUuid(Ltop/theillusivec4/curios/api/SlotContext;Lorg/spongepowered/asm/mixin/injection/callback/CallbackInfoReturnable;)V does use it's CallbackInfoReturnable
[27июл.2024 20:32:02.899] [Worker-Main-3/DEBUG] [mixin/]: curios.neoforge.mixins.json:MixinCuriosApi from mod curios->@Inject::curios$broadcastCurioBreakEvent(Ltop/theillusivec4/curios/api/SlotContext;Lorg/spongepowered/asm/mixin/injection/callback/CallbackInfo;)V does use it's CallbackInfo
[27июл.2024 20:32:02.936] [Render thread/DEBUG] [net.neoforged.fml.DeferredWorkQueue/LOADING]: Dispatching synchronous work for work queue Common setup: 2 jobs
[27июл.2024 20:32:02.937] [Render thread/DEBUG] [net.neoforged.fml.DeferredWorkQueue/LOADING]: Synchronous work queue completed in 661.0 μs
[27июл.2024 20:32:02.969] [Render thread/DEBUG] [net.neoforged.fml.DeferredWorkQueue/LOADING]: Dispatching synchronous work for work queue Sided setup: 2 jobs
[27июл.2024 20:32:02.984] [Render thread/DEBUG] [net.neoforged.fml.DeferredWorkQueue/LOADING]: Synchronous work queue completed in 15.01 ms
[27июл.2024 20:32:03.030] [Worker-Main-2/WARN] [net.minecraft.client.renderer.texture.SpriteLoader/]: Texture truedarkness:item/phantom_protection with size 18x18 limits mip level from 2 to 1
[27июл.2024 20:32:03.658] [Worker-Main-1/WARN] [net.minecraft.client.resources.model.ModelBakery/]: Unable to load model: 'minecraft:samovar' referenced from: truedarkness:samovar#facing=north,waterlogged=true: java.io.FileNotFoundException: minecraft:models/samovar.json
[27июл.2024 20:32:03.720] [Worker-Main-1/WARN] [net.minecraft.client.resources.model.ModelBakery/]: Unable to load model: 'minecraft:underwater_bubble' referenced from: truedarkness:bubble#waterlogged=true: java.io.FileNotFoundException: minecraft:models/underwater_bubble.json
[27июл.2024 20:32:03.720] [Worker-Main-1/WARN] [net.minecraft.client.resources.model.ModelBakery/]: Unable to load model: 'minecraft:cvetaliy_cluster' referenced from: truedarkness:cvetaliy_cluster#waterlogged=true: java.io.FileNotFoundException: minecraft:models/cvetaliy_cluster.json
[27июл.2024 20:32:04.231] [Worker-Main-1/WARN] [net.minecraft.client.resources.model.ModelManager/]: Missing textures in model truedarkness:swamp_blacksoil_cover#waterlogged=true:
    minecraft:textures/atlas/blocks.png:truedarkness:block/swamp_grass_block_top
[27июл.2024 20:32:04.231] [Worker-Main-1/WARN] [net.minecraft.client.resources.model.ModelManager/]: Missing textures in model truedarkness:shandarah#inventory:
    minecraft:textures/atlas/blocks.png:truedarkness:item/corrupt_rune_1
[27июл.2024 20:32:04.506] [Render thread/ERROR] [net.minecraft.client.sounds.SoundManager/]: Missing subtitle translation{key='subtitles.player.guitar', args=[]} for sound event: truedarkness:player.guitar
[27июл.2024 20:32:04.507] [Render thread/ERROR] [net.minecraft.client.sounds.SoundManager/]: Missing subtitle translation{key='subtitles.entity.last_soul_death', args=[]} for sound event: truedarkness:entity.last_soul_death
[27июл.2024 20:32:04.507] [Render thread/ERROR] [net.minecraft.client.sounds.SoundManager/]: Missing subtitle translation{key='subtitles.entity.miner.death', args=[]} for sound event: truedarkness:entity.miner.death
[27июл.2024 20:32:04.508] [Render thread/ERROR] [net.minecraft.client.sounds.SoundManager/]: Missing subtitle translation{key='subtitles.ambient.strange_gorn', args=[]} for sound event: truedarkness:ambient.strange_gorn
[27июл.2024 20:32:04.508] [Render thread/ERROR] [net.minecraft.client.sounds.SoundManager/]: Missing subtitle translation{key='subtitles.entity.miner.traid.fail', args=[]} for sound event: truedarkness:entity.miner.traid.fail
[27июл.2024 20:32:04.508] [Render thread/ERROR] [net.minecraft.client.sounds.SoundManager/]: Missing subtitle translation{key='subtitles.entity.corrupted_knight_hurt', args=[]} for sound event: truedarkness:entity.corrupted_knight_hurt
[27июл.2024 20:32:04.508] [Render thread/ERROR] [net.minecraft.client.sounds.SoundManager/]: Missing subtitle translation{key='subtitles.ambient.gorn', args=[]} for sound event: truedarkness:ambient.gorn
[27июл.2024 20:32:04.508] [Render thread/ERROR] [net.minecraft.client.sounds.SoundManager/]: Missing subtitle translation{key='subtitles.entity.miner.trade.succes', args=[]} for sound event: truedarkness:entity.miner.trade.succes
[27июл.2024 20:32:04.508] [Render thread/ERROR] [net.minecraft.client.sounds.SoundManager/]: Missing subtitle translation{key='subtitles.entity.general.death_new', args=[]} for sound event: truedarkness:entity.general.death_new
[27июл.2024 20:32:04.508] [Render thread/ERROR] [net.minecraft.client.sounds.SoundManager/]: Missing subtitle translation{key='subtitles.player.ring-dont-work', args=[]} for sound event: truedarkness:player.ring-dont-work
[27июл.2024 20:32:04.509] [Render thread/ERROR] [net.minecraft.client.sounds.SoundManager/]: Missing subtitle translation{key='subtitles.entity.grim_golem_hurt', args=[]} for sound event: truedarkness:entity.grim_golem_hurt
[27июл.2024 20:32:04.509] [Render thread/ERROR] [net.minecraft.client.sounds.SoundManager/]: Missing subtitle translation{key='subtitles.entity.grim_golem_ambient', args=[]} for sound event: truedarkness:entity.grim_golem_ambient
[27июл.2024 20:32:04.509] [Render thread/ERROR] [net.minecraft.client.sounds.SoundManager/]: Missing subtitle translation{key='subtitles.entity.grim_golem_death', args=[]} for sound event: truedarkness:entity.grim_golem_death
[27июл.2024 20:32:04.509] [Render thread/ERROR] [net.minecraft.client.sounds.SoundManager/]: Missing subtitle translation{key='subtitles.player.echo_harp', args=[]} for sound event: truedarkness:player.echo_harp
[27июл.2024 20:32:04.509] [Render thread/ERROR] [net.minecraft.client.sounds.SoundManager/]: Missing subtitle translation{key='subtitles.block.proector', args=[]} for sound event: truedarkness:block.proector
[27июл.2024 20:32:04.509] [Render thread/ERROR] [net.minecraft.client.sounds.SoundManager/]: Missing subtitle translation{key='subtitles.entity.miner.ambient', args=[]} for sound event: truedarkness:entity.miner.ambient
[27июл.2024 20:32:04.509] [Render thread/ERROR] [net.minecraft.client.sounds.SoundManager/]: Missing subtitle translation{key='subtitles.player.soul_wings.use', args=[]} for sound event: truedarkness:player.soul_wings.use
[27июл.2024 20:32:04.510] [Render thread/WARN] [net.minecraft.client.sounds.SoundEngine/]: Missing sound for event: minecraft:item.goat_horn.play
[27июл.2024 20:32:04.510] [Render thread/WARN] [net.minecraft.client.sounds.SoundEngine/]: Missing sound for event: minecraft:entity.goat.screaming.horn_break
[27июл.2024 20:32:04.547] [Render thread/INFO] [com.mojang.blaze3d.audio.Library/]: OpenAL initialized on device OpenAL Soft on Динамики (High Definition Audio Device)
[27июл.2024 20:32:04.547] [Render thread/INFO] [net.minecraft.client.sounds.SoundEngine/SOUNDS]: Sound engine started
[27июл.2024 20:32:04.682] [Render thread/INFO] [net.minecraft.client.renderer.texture.TextureAtlas/]: Created: 1024x1024x2 minecraft:textures/atlas/blocks.png-atlas
[27июл.2024 20:32:04.690] [Render thread/INFO] [net.minecraft.client.renderer.texture.TextureAtlas/]: Created: 256x256x2 minecraft:textures/atlas/signs.png-atlas
[27июл.2024 20:32:04.691] [Render thread/INFO] [net.minecraft.client.renderer.texture.TextureAtlas/]: Created: 512x512x2 minecraft:textures/atlas/shield_patterns.png-atlas
[27июл.2024 20:32:04.691] [Render thread/INFO] [net.minecraft.client.renderer.texture.TextureAtlas/]: Created: 512x512x2 minecraft:textures/atlas/banner_patterns.png-atlas
[27июл.2024 20:32:04.692] [Render thread/INFO] [net.minecraft.client.renderer.texture.TextureAtlas/]: Created: 1024x1024x2 minecraft:textures/atlas/armor_trims.png-atlas
[27июл.2024 20:32:04.699] [Render thread/INFO] [net.minecraft.client.renderer.texture.TextureAtlas/]: Created: 128x64x2 minecraft:textures/atlas/decorated_pot.png-atlas
[27июл.2024 20:32:04.699] [Render thread/INFO] [net.minecraft.client.renderer.texture.TextureAtlas/]: Created: 256x256x2 minecraft:textures/atlas/chest.png-atlas
[27июл.2024 20:32:04.700] [Render thread/INFO] [net.minecraft.client.renderer.texture.TextureAtlas/]: Created: 512x256x2 minecraft:textures/atlas/shulker_boxes.png-atlas
[27июл.2024 20:32:04.700] [Render thread/INFO] [net.minecraft.client.renderer.texture.TextureAtlas/]: Created: 512x256x2 minecraft:textures/atlas/beds.png-atlas
[27июл.2024 20:32:04.777] [Render thread/INFO] [net.minecraft.client.renderer.texture.TextureAtlas/]: Created: 1024x512x0 minecraft:textures/atlas/particles.png-atlas
[27июл.2024 20:32:04.778] [Render thread/INFO] [net.minecraft.client.renderer.texture.TextureAtlas/]: Created: 256x256x0 minecraft:textures/atlas/paintings.png-atlas
[27июл.2024 20:32:04.779] [Render thread/INFO] [net.minecraft.client.renderer.texture.TextureAtlas/]: Created: 256x128x0 minecraft:textures/atlas/mob_effects.png-atlas
[27июл.2024 20:32:04.779] [Render thread/INFO] [net.minecraft.client.renderer.texture.TextureAtlas/]: Created: 64x64x0 minecraft:textures/atlas/map_decorations.png-atlas
[27июл.2024 20:32:04.779] [Render thread/INFO] [net.minecraft.client.renderer.texture.TextureAtlas/]: Created: 1024x512x0 minecraft:textures/atlas/gui.png-atlas
[27июл.2024 20:32:04.832] [Render thread/WARN] [net.minecraft.client.renderer.ShaderInstance/]: Shader rendertype_entity_translucent_emissive could not find sampler named Sampler2 in the specified shader program.
[27июл.2024 20:32:04.892] [Render thread/INFO] [net.minecraft.client.renderer.texture.TextureAtlas/]: Created: 256x128x0 jei:textures/atlas/gui.png-atlas
[27июл.2024 20:32:12.195] [Render thread/INFO] [net.minecraft.world.level.storage.LevelStorageSource/]: Deleting level Новый мир
[27июл.2024 20:32:12.195] [Render thread/INFO] [net.minecraft.world.level.storage.LevelStorageSource/]: Attempt 1...
[27июл.2024 20:32:12.820] [Worker-Main-1/ERROR] [net.minecraft.world.level.storage.loot.LootDataType/]: Couldn't parse element loot_tables:truedarkness:blocks/swamp_terracota - Unknown registry key in ResourceKey[minecraft:root / minecraft:item]: truedarkness:deleted_mod_element
[27июл.2024 20:32:12.862] [Worker-Main-1/ERROR] [net.minecraft.world.level.storage.loot.LootDataType/]: Couldn't parse element loot_tables:truedarkness:entities/forgeet - Unknown registry key in ResourceKey[minecraft:root / minecraft:item]: truedarkness:deleted_mod_element; Unknown registry key in ResourceKey[minecraft:root / minecraft:item]: truedarkness:deleted_mod_element
[27июл.2024 20:32:12.902] [Worker-Main-1/WARN] [net.minecraft.server.ReloadableServerRegistries/]: Found loot table element validation problem in {minecraft:loot_table/truedarkness:entities/waste_runner}.pools[0].entries[1].functions[1]: Parameters [<parameter minecraft:tool>] are not provided in this context
[27июл.2024 20:32:12.902] [Worker-Main-1/WARN] [net.minecraft.server.ReloadableServerRegistries/]: Found loot table element validation problem in {minecraft:loot_table/truedarkness:entities/waste_runner}.pools[1].entries[0].functions[1]: Parameters [<parameter minecraft:tool>] are not provided in this context
[27июл.2024 20:32:12.902] [Worker-Main-1/WARN] [net.minecraft.server.ReloadableServerRegistries/]: Found loot table element validation problem in {minecraft:loot_table/truedarkness:entities/waste_runner}.pools[0].entries[0].functions[1]: Parameters [<parameter minecraft:tool>] are not provided in this context
[27июл.2024 20:32:12.902] [Worker-Main-1/WARN] [net.minecraft.server.ReloadableServerRegistries/]: Found loot table element validation problem in {minecraft:loot_table/truedarkness:entities/waste_runner}.pools[2].entries[1].functions[1]: Parameters [<parameter minecraft:tool>] are not provided in this context
[27июл.2024 20:32:12.902] [Worker-Main-1/WARN] [net.minecraft.server.ReloadableServerRegistries/]: Found loot table element validation problem in {minecraft:loot_table/truedarkness:entities/waste_runner}.pools[2].entries[0].functions[1]: Parameters [<parameter minecraft:tool>] are not provided in this context
[27июл.2024 20:32:12.940] [Worker-Main-7/ERROR] [net.minecraft.tags.TagLoader/]: Couldn't read tag list curios:belt from curios:tags/items/belt.json in data pack mod/truedarkness
java.lang.IllegalStateException: Not a JSON object: null; Not a string: null
	at MC-BOOTSTRAP/datafixerupper@7.0.14/com.mojang.serialization.DataResult$Error.getOrThrow(DataResult.java:275) ~[datafixerupper-7.0.14.jar%23119!/:?]
	at MC-BOOTSTRAP/datafixerupper@7.0.14/com.mojang.serialization.DataResult.getOrThrow(DataResult.java:79) ~[datafixerupper-7.0.14.jar%23119!/:?]
	at TRANSFORMER/minecraft@1.20.6/net.minecraft.tags.TagLoader.load(TagLoader.java:53) ~[neoforge-20.6.117.jar%23192!/:?]
	at TRANSFORMER/minecraft@1.20.6/net.minecraft.tags.TagLoader.loadAndBuild(TagLoader.java:118) ~[neoforge-20.6.117.jar%23192!/:?]
	at TRANSFORMER/minecraft@1.20.6/net.minecraft.tags.TagManager.lambda$createLoader$3(TagManager.java:72) ~[neoforge-20.6.117.jar%23192!/:?]
	at java.base/java.util.concurrent.CompletableFuture$AsyncSupply.run(CompletableFuture.java:1768) [?:?]
	at java.base/java.util.concurrent.CompletableFuture$AsyncSupply.exec(CompletableFuture.java:1760) [?:?]
	at java.base/java.util.concurrent.ForkJoinTask.doExec(ForkJoinTask.java:387) [?:?]
	at java.base/java.util.concurrent.ForkJoinPool$WorkQueue.topLevelExec(ForkJoinPool.java:1312) [?:?]
	at java.base/java.util.concurrent.ForkJoinPool.scan(ForkJoinPool.java:1843) [?:?]
	at java.base/java.util.concurrent.ForkJoinPool.runWorker(ForkJoinPool.java:1808) [?:?]
	at java.base/java.util.concurrent.ForkJoinWorkerThread.run(ForkJoinWorkerThread.java:188) [?:?]
[27июл.2024 20:32:12.954] [Worker-Main-7/ERROR] [net.minecraft.tags.TagLoader/]: Couldn't read tag list curios:hands from curios:tags/items/hands.json in data pack mod/truedarkness
java.lang.IllegalStateException: Not a JSON object: null; Not a string: null
	at MC-BOOTSTRAP/datafixerupper@7.0.14/com.mojang.serialization.DataResult$Error.getOrThrow(DataResult.java:275) ~[datafixerupper-7.0.14.jar%23119!/:?]
	at MC-BOOTSTRAP/datafixerupper@7.0.14/com.mojang.serialization.DataResult.getOrThrow(DataResult.java:79) ~[datafixerupper-7.0.14.jar%23119!/:?]
	at TRANSFORMER/minecraft@1.20.6/net.minecraft.tags.TagLoader.load(TagLoader.java:53) ~[neoforge-20.6.117.jar%23192!/:?]
	at TRANSFORMER/minecraft@1.20.6/net.minecraft.tags.TagLoader.loadAndBuild(TagLoader.java:118) ~[neoforge-20.6.117.jar%23192!/:?]
	at TRANSFORMER/minecraft@1.20.6/net.minecraft.tags.TagManager.lambda$createLoader$3(TagManager.java:72) ~[neoforge-20.6.117.jar%23192!/:?]
	at java.base/java.util.concurrent.CompletableFuture$AsyncSupply.run(CompletableFuture.java:1768) [?:?]
	at java.base/java.util.concurrent.CompletableFuture$AsyncSupply.exec(CompletableFuture.java:1760) [?:?]
	at java.base/java.util.concurrent.ForkJoinTask.doExec(ForkJoinTask.java:387) [?:?]
	at java.base/java.util.concurrent.ForkJoinPool$WorkQueue.topLevelExec(ForkJoinPool.java:1312) [?:?]
	at java.base/java.util.concurrent.ForkJoinPool.scan(ForkJoinPool.java:1843) [?:?]
	at java.base/java.util.concurrent.ForkJoinPool.runWorker(ForkJoinPool.java:1808) [?:?]
	at java.base/java.util.concurrent.ForkJoinWorkerThread.run(ForkJoinWorkerThread.java:188) [?:?]
[27июл.2024 20:32:12.955] [Worker-Main-7/ERROR] [net.minecraft.tags.TagLoader/]: Couldn't read tag list curios:head from curios:tags/items/head.json in data pack mod/truedarkness
java.lang.IllegalStateException: Not a JSON object: null; Not a string: null
	at MC-BOOTSTRAP/datafixerupper@7.0.14/com.mojang.serialization.DataResult$Error.getOrThrow(DataResult.java:275) ~[datafixerupper-7.0.14.jar%23119!/:?]
	at MC-BOOTSTRAP/datafixerupper@7.0.14/com.mojang.serialization.DataResult.getOrThrow(DataResult.java:79) ~[datafixerupper-7.0.14.jar%23119!/:?]
	at TRANSFORMER/minecraft@1.20.6/net.minecraft.tags.TagLoader.load(TagLoader.java:53) ~[neoforge-20.6.117.jar%23192!/:?]
	at TRANSFORMER/minecraft@1.20.6/net.minecraft.tags.TagLoader.loadAndBuild(TagLoader.java:118) ~[neoforge-20.6.117.jar%23192!/:?]
	at TRANSFORMER/minecraft@1.20.6/net.minecraft.tags.TagManager.lambda$createLoader$3(TagManager.java:72) ~[neoforge-20.6.117.jar%23192!/:?]
	at java.base/java.util.concurrent.CompletableFuture$AsyncSupply.run(CompletableFuture.java:1768) [?:?]
	at java.base/java.util.concurrent.CompletableFuture$AsyncSupply.exec(CompletableFuture.java:1760) [?:?]
	at java.base/java.util.concurrent.ForkJoinTask.doExec(ForkJoinTask.java:387) [?:?]
	at java.base/java.util.concurrent.ForkJoinPool$WorkQueue.topLevelExec(ForkJoinPool.java:1312) [?:?]
	at java.base/java.util.concurrent.ForkJoinPool.scan(ForkJoinPool.java:1843) [?:?]
	at java.base/java.util.concurrent.ForkJoinPool.runWorker(ForkJoinPool.java:1808) [?:?]
	at java.base/java.util.concurrent.ForkJoinWorkerThread.run(ForkJoinWorkerThread.java:188) [?:?]
[27июл.2024 20:32:12.962] [Worker-Main-7/ERROR] [net.minecraft.tags.TagLoader/]: Couldn't read tag list curios:ring from curios:tags/items/ring.json in data pack mod/truedarkness
java.lang.IllegalStateException: Not a JSON object: null; Not a string: null
	at MC-BOOTSTRAP/datafixerupper@7.0.14/com.mojang.serialization.DataResult$Error.getOrThrow(DataResult.java:275) ~[datafixerupper-7.0.14.jar%23119!/:?]
	at MC-BOOTSTRAP/datafixerupper@7.0.14/com.mojang.serialization.DataResult.getOrThrow(DataResult.java:79) ~[datafixerupper-7.0.14.jar%23119!/:?]
	at TRANSFORMER/minecraft@1.20.6/net.minecraft.tags.TagLoader.load(TagLoader.java:53) ~[neoforge-20.6.117.jar%23192!/:?]
	at TRANSFORMER/minecraft@1.20.6/net.minecraft.tags.TagLoader.loadAndBuild(TagLoader.java:118) ~[neoforge-20.6.117.jar%23192!/:?]
	at TRANSFORMER/minecraft@1.20.6/net.minecraft.tags.TagManager.lambda$createLoader$3(TagManager.java:72) ~[neoforge-20.6.117.jar%23192!/:?]
	at java.base/java.util.concurrent.CompletableFuture$AsyncSupply.run(CompletableFuture.java:1768) [?:?]
	at java.base/java.util.concurrent.CompletableFuture$AsyncSupply.exec(CompletableFuture.java:1760) [?:?]
	at java.base/java.util.concurrent.ForkJoinTask.doExec(ForkJoinTask.java:387) [?:?]
	at java.base/java.util.concurrent.ForkJoinPool$WorkQueue.topLevelExec(ForkJoinPool.java:1312) [?:?]
	at java.base/java.util.concurrent.ForkJoinPool.scan(ForkJoinPool.java:1843) [?:?]
	at java.base/java.util.concurrent.ForkJoinPool.runWorker(ForkJoinPool.java:1808) [?:?]
	at java.base/java.util.concurrent.ForkJoinWorkerThread.run(ForkJoinWorkerThread.java:188) [?:?]
[27июл.2024 20:32:13.078] [Render thread/ERROR] [net.minecraft.world.item.crafting.RecipeManager/]: Parsing error loading recipe truedarkness:raw_ladore_recipe
com.google.gson.JsonParseException: Unknown registry key in ResourceKey[minecraft:root / minecraft:item]: truedarkness:deleted_mod_element
	at MC-BOOTSTRAP/datafixerupper@7.0.14/com.mojang.serialization.DataResult$Error.getOrThrow(DataResult.java:275) ~[datafixerupper-7.0.14.jar%23119!/:?]
	at TRANSFORMER/minecraft@1.20.6/net.minecraft.world.item.crafting.RecipeManager.apply(RecipeManager.java:60) ~[neoforge-20.6.117.jar%23192!/:?]
	at TRANSFORMER/minecraft@1.20.6/net.minecraft.world.item.crafting.RecipeManager.apply(RecipeManager.java:36) ~[neoforge-20.6.117.jar%23192!/:?]
	at TRANSFORMER/minecraft@1.20.6/net.minecraft.server.packs.resources.SimplePreparableReloadListener.lambda$reload$1(SimplePreparableReloadListener.java:19) ~[neoforge-20.6.117.jar%23192!/:?]
	at java.base/java.util.concurrent.CompletableFuture$UniAccept.tryFire(CompletableFuture.java:718) ~[?:?]
	at java.base/java.util.concurrent.CompletableFuture$Completion.run(CompletableFuture.java:482) ~[?:?]
	at TRANSFORMER/minecraft@1.20.6/net.minecraft.server.packs.resources.SimpleReloadInstance.lambda$new$3(SimpleReloadInstance.java:86) ~[neoforge-20.6.117.jar%23192!/:?]
	at TRANSFORMER/minecraft@1.20.6/net.minecraft.util.thread.BlockableEventLoop.doRunTask(BlockableEventLoop.java:148) ~[neoforge-20.6.117.jar%23192!/:?]
	at TRANSFORMER/minecraft@1.20.6/net.minecraft.util.thread.ReentrantBlockableEventLoop.doRunTask(ReentrantBlockableEventLoop.java:24) ~[neoforge-20.6.117.jar%23192!/:?]
	at TRANSFORMER/minecraft@1.20.6/net.minecraft.util.thread.BlockableEventLoop.pollTask(BlockableEventLoop.java:122) ~[neoforge-20.6.117.jar%23192!/:?]
	at TRANSFORMER/minecraft@1.20.6/net.minecraft.util.thread.BlockableEventLoop.managedBlock(BlockableEventLoop.java:132) ~[neoforge-20.6.117.jar%23192!/:?]
	at TRANSFORMER/minecraft@1.20.6/net.minecraft.client.gui.screens.worldselection.CreateWorldScreen.openFresh(CreateWorldScreen.java:140) ~[neoforge-20.6.117.jar%23192!/:?]
	at TRANSFORMER/minecraft@1.20.6/net.minecraft.client.gui.screens.worldselection.WorldSelectionList.loadLevels(WorldSelectionList.java:192) ~[neoforge-20.6.117.jar%23192!/:?]
	at TRANSFORMER/minecraft@1.20.6/net.minecraft.client.gui.screens.worldselection.WorldSelectionList.reloadWorldList(WorldSelectionList.java:133) ~[neoforge-20.6.117.jar%23192!/:?]
	at TRANSFORMER/minecraft@1.20.6/net.minecraft.client.gui.screens.worldselection.WorldSelectionList$WorldListEntry.doDeleteWorld(WorldSelectionList.java:538) ~[neoforge-20.6.117.jar%23192!/:?]
	at TRANSFORMER/minecraft@1.20.6/net.minecraft.client.gui.screens.worldselection.WorldSelectionList$WorldListEntry.lambda$deleteWorld$2(WorldSelectionList.java:513) ~[neoforge-20.6.117.jar%23192!/:?]
	at TRANSFORMER/minecraft@1.20.6/net.minecraft.client.gui.screens.ConfirmScreen.lambda$addButtons$0(ConfirmScreen.java:53) ~[neoforge-20.6.117.jar%23192!/:?]
	at TRANSFORMER/minecraft@1.20.6/net.minecraft.client.gui.components.Button.onPress(Button.java:41) ~[neoforge-20.6.117.jar%23192!/:?]
	at TRANSFORMER/minecraft@1.20.6/net.minecraft.client.gui.components.AbstractButton.onClick(AbstractButton.java:45) ~[neoforge-20.6.117.jar%23192!/:?]
	at TRANSFORMER/neoforge@20.6.117/net.neoforged.neoforge.client.extensions.IAbstractWidgetExtension.onClick(IAbstractWidgetExtension.java:36) ~[neoforge-20.6.117.jar%23193!/:?]
	at TRANSFORMER/minecraft@1.20.6/net.minecraft.client.gui.components.AbstractWidget.mouseClicked(AbstractWidget.java:144) ~[neoforge-20.6.117.jar%23192!/:?]
	at TRANSFORMER/minecraft@1.20.6/net.minecraft.client.gui.components.events.ContainerEventHandler.mouseClicked(ContainerEventHandler.java:40) ~[neoforge-20.6.117.jar%23192!/:?]
	at TRANSFORMER/minecraft@1.20.6/net.minecraft.client.MouseHandler.lambda$onPress$0(MouseHandler.java:93) ~[neoforge-20.6.117.jar%23192!/:?]
	at TRANSFORMER/minecraft@1.20.6/net.minecraft.client.gui.screens.Screen.wrapScreenError(Screen.java:478) ~[neoforge-20.6.117.jar%23192!/:?]
	at TRANSFORMER/minecraft@1.20.6/net.minecraft.client.MouseHandler.onPress(MouseHandler.java:90) ~[neoforge-20.6.117.jar%23192!/:?]
	at TRANSFORMER/minecraft@1.20.6/net.minecraft.client.MouseHandler.lambda$setup$4(MouseHandler.java:193) ~[neoforge-20.6.117.jar%23192!/:?]
	at TRANSFORMER/minecraft@1.20.6/net.minecraft.util.thread.BlockableEventLoop.execute(BlockableEventLoop.java:98) ~[neoforge-20.6.117.jar%23192!/:?]
	at TRANSFORMER/minecraft@1.20.6/net.minecraft.client.MouseHandler.lambda$setup$5(MouseHandler.java:193) ~[neoforge-20.6.117.jar%23192!/:?]
	at MC-BOOTSTRAP/org.lwjgl.glfw@3.3.3+5/org.lwjgl.glfw.GLFWMouseButtonCallbackI.callback(GLFWMouseButtonCallbackI.java:43) ~[lwjgl-glfw-3.3.3.jar%23173!/:build 5]
	at MC-BOOTSTRAP/org.lwjgl@3.3.3+5/org.lwjgl.system.JNI.invokeV(Native Method) ~[lwjgl-3.3.3.jar%23184!/:build 5]
	at MC-BOOTSTRAP/org.lwjgl.glfw@3.3.3+5/org.lwjgl.glfw.GLFW.glfwWaitEventsTimeout(GLFW.java:3509) ~[lwjgl-glfw-3.3.3.jar%23173!/:build 5]
	at TRANSFORMER/minecraft@1.20.6/com.mojang.blaze3d.systems.RenderSystem.limitDisplayFPS(RenderSystem.java:205) ~[neoforge-20.6.117.jar%23192!/:?]
	at TRANSFORMER/minecraft@1.20.6/net.minecraft.client.Minecraft.runTick(Minecraft.java:1282) ~[neoforge-20.6.117.jar%23192!/:?]
	at TRANSFORMER/minecraft@1.20.6/net.minecraft.client.Minecraft.run(Minecraft.java:815) ~[neoforge-20.6.117.jar%23192!/:?]
	at TRANSFORMER/minecraft@1.20.6/net.minecraft.client.main.Main.main(Main.java:244) ~[neoforge-20.6.117.jar%23192!/:?]
	at java.base/jdk.internal.reflect.DirectMethodHandleAccessor.invoke(DirectMethodHandleAccessor.java:103) ~[?:?]
	at java.base/java.lang.reflect.Method.invoke(Method.java:580) ~[?:?]
	at MC-BOOTSTRAP/fml_loader@3.0.45/net.neoforged.fml.loading.targets.CommonLaunchHandler.runTarget(CommonLaunchHandler.java:136) ~[loader-3.0.45.jar%23145!/:3.0]
	at MC-BOOTSTRAP/fml_loader@3.0.45/net.neoforged.fml.loading.targets.CommonLaunchHandler.clientService(CommonLaunchHandler.java:124) ~[loader-3.0.45.jar%23145!/:3.0]
	at MC-BOOTSTRAP/fml_loader@3.0.45/net.neoforged.fml.loading.targets.NeoForgeClientUserdevLaunchHandler.runService(NeoForgeClientUserdevLaunchHandler.java:23) ~[loader-3.0.45.jar%23145!/:3.0]
	at MC-BOOTSTRAP/fml_loader@3.0.45/net.neoforged.fml.loading.targets.CommonLaunchHandler.lambda$launchService$4(CommonLaunchHandler.java:118) ~[loader-3.0.45.jar%23145!/:3.0]
	at MC-BOOTSTRAP/cpw.mods.modlauncher@11.0.2/cpw.mods.modlauncher.LaunchServiceHandlerDecorator.launch(LaunchServiceHandlerDecorator.java:30) [modlauncher-11.0.2.jar%23126!/:?]
	at MC-BOOTSTRAP/cpw.mods.modlauncher@11.0.2/cpw.mods.modlauncher.LaunchServiceHandler.launch(LaunchServiceHandler.java:53) [modlauncher-11.0.2.jar%23126!/:?]
	at MC-BOOTSTRAP/cpw.mods.modlauncher@11.0.2/cpw.mods.modlauncher.LaunchServiceHandler.launch(LaunchServiceHandler.java:71) [modlauncher-11.0.2.jar%23126!/:?]
	at MC-BOOTSTRAP/cpw.mods.modlauncher@11.0.2/cpw.mods.modlauncher.Launcher.run(Launcher.java:103) [modlauncher-11.0.2.jar%23126!/:?]
	at MC-BOOTSTRAP/cpw.mods.modlauncher@11.0.2/cpw.mods.modlauncher.Launcher.main(Launcher.java:74) [modlauncher-11.0.2.jar%23126!/:?]
	at MC-BOOTSTRAP/cpw.mods.modlauncher@11.0.2/cpw.mods.modlauncher.BootstrapLaunchConsumer.accept(BootstrapLaunchConsumer.java:26) [modlauncher-11.0.2.jar%23126!/:?]
	at MC-BOOTSTRAP/cpw.mods.modlauncher@11.0.2/cpw.mods.modlauncher.BootstrapLaunchConsumer.accept(BootstrapLaunchConsumer.java:23) [modlauncher-11.0.2.jar%23126!/:?]
	at cpw.mods.bootstraplauncher@2.0.2/cpw.mods.bootstraplauncher.BootstrapLauncher.run(BootstrapLauncher.java:210) [bootstraplauncher-2.0.2.jar:?]
	at cpw.mods.bootstraplauncher@2.0.2/cpw.mods.bootstraplauncher.BootstrapLauncher.main(BootstrapLauncher.java:69) [bootstraplauncher-2.0.2.jar:?]
[27июл.2024 20:32:13.085] [Render thread/ERROR] [net.minecraft.world.item.crafting.RecipeManager/]: Parsing error loading recipe truedarkness:gramite_block_recipe_1
com.google.gson.JsonParseException: Unknown registry key in ResourceKey[minecraft:root / minecraft:item]: truedarkness:deleted_mod_element
	at MC-BOOTSTRAP/datafixerupper@7.0.14/com.mojang.serialization.DataResult$Error.getOrThrow(DataResult.java:275) ~[datafixerupper-7.0.14.jar%23119!/:?]
	at TRANSFORMER/minecraft@1.20.6/net.minecraft.world.item.crafting.RecipeManager.apply(RecipeManager.java:60) ~[neoforge-20.6.117.jar%23192!/:?]
	at TRANSFORMER/minecraft@1.20.6/net.minecraft.world.item.crafting.RecipeManager.apply(RecipeManager.java:36) ~[neoforge-20.6.117.jar%23192!/:?]
	at TRANSFORMER/minecraft@1.20.6/net.minecraft.server.packs.resources.SimplePreparableReloadListener.lambda$reload$1(SimplePreparableReloadListener.java:19) ~[neoforge-20.6.117.jar%23192!/:?]
	at java.base/java.util.concurrent.CompletableFuture$UniAccept.tryFire(CompletableFuture.java:718) ~[?:?]
	at java.base/java.util.concurrent.CompletableFuture$Completion.run(CompletableFuture.java:482) ~[?:?]
	at TRANSFORMER/minecraft@1.20.6/net.minecraft.server.packs.resources.SimpleReloadInstance.lambda$new$3(SimpleReloadInstance.java:86) ~[neoforge-20.6.117.jar%23192!/:?]
	at TRANSFORMER/minecraft@1.20.6/net.minecraft.util.thread.BlockableEventLoop.doRunTask(BlockableEventLoop.java:148) ~[neoforge-20.6.117.jar%23192!/:?]
	at TRANSFORMER/minecraft@1.20.6/net.minecraft.util.thread.ReentrantBlockableEventLoop.doRunTask(ReentrantBlockableEventLoop.java:24) ~[neoforge-20.6.117.jar%23192!/:?]
	at TRANSFORMER/minecraft@1.20.6/net.minecraft.util.thread.BlockableEventLoop.pollTask(BlockableEventLoop.java:122) ~[neoforge-20.6.117.jar%23192!/:?]
	at TRANSFORMER/minecraft@1.20.6/net.minecraft.util.thread.BlockableEventLoop.managedBlock(BlockableEventLoop.java:132) ~[neoforge-20.6.117.jar%23192!/:?]
	at TRANSFORMER/minecraft@1.20.6/net.minecraft.client.gui.screens.worldselection.CreateWorldScreen.openFresh(CreateWorldScreen.java:140) ~[neoforge-20.6.117.jar%23192!/:?]
	at TRANSFORMER/minecraft@1.20.6/net.minecraft.client.gui.screens.worldselection.WorldSelectionList.loadLevels(WorldSelectionList.java:192) ~[neoforge-20.6.117.jar%23192!/:?]
	at TRANSFORMER/minecraft@1.20.6/net.minecraft.client.gui.screens.worldselection.WorldSelectionList.reloadWorldList(WorldSelectionList.java:133) ~[neoforge-20.6.117.jar%23192!/:?]
	at TRANSFORMER/minecraft@1.20.6/net.minecraft.client.gui.screens.worldselection.WorldSelectionList$WorldListEntry.doDeleteWorld(WorldSelectionList.java:538) ~[neoforge-20.6.117.jar%23192!/:?]
	at TRANSFORMER/minecraft@1.20.6/net.minecraft.client.gui.screens.worldselection.WorldSelectionList$WorldListEntry.lambda$deleteWorld$2(WorldSelectionList.java:513) ~[neoforge-20.6.117.jar%23192!/:?]
	at TRANSFORMER/minecraft@1.20.6/net.minecraft.client.gui.screens.ConfirmScreen.lambda$addButtons$0(ConfirmScreen.java:53) ~[neoforge-20.6.117.jar%23192!/:?]
	at TRANSFORMER/minecraft@1.20.6/net.minecraft.client.gui.components.Button.onPress(Button.java:41) ~[neoforge-20.6.117.jar%23192!/:?]
	at TRANSFORMER/minecraft@1.20.6/net.minecraft.client.gui.components.AbstractButton.onClick(AbstractButton.java:45) ~[neoforge-20.6.117.jar%23192!/:?]
	at TRANSFORMER/neoforge@20.6.117/net.neoforged.neoforge.client.extensions.IAbstractWidgetExtension.onClick(IAbstractWidgetExtension.java:36) ~[neoforge-20.6.117.jar%23193!/:?]
	at TRANSFORMER/minecraft@1.20.6/net.minecraft.client.gui.components.AbstractWidget.mouseClicked(AbstractWidget.java:144) ~[neoforge-20.6.117.jar%23192!/:?]
	at TRANSFORMER/minecraft@1.20.6/net.minecraft.client.gui.components.events.ContainerEventHandler.mouseClicked(ContainerEventHandler.java:40) ~[neoforge-20.6.117.jar%23192!/:?]
	at TRANSFORMER/minecraft@1.20.6/net.minecraft.client.MouseHandler.lambda$onPress$0(MouseHandler.java:93) ~[neoforge-20.6.117.jar%23192!/:?]
	at TRANSFORMER/minecraft@1.20.6/net.minecraft.client.gui.screens.Screen.wrapScreenError(Screen.java:478) ~[neoforge-20.6.117.jar%23192!/:?]
	at TRANSFORMER/minecraft@1.20.6/net.minecraft.client.MouseHandler.onPress(MouseHandler.java:90) ~[neoforge-20.6.117.jar%23192!/:?]
	at TRANSFORMER/minecraft@1.20.6/net.minecraft.client.MouseHandler.lambda$setup$4(MouseHandler.java:193) ~[neoforge-20.6.117.jar%23192!/:?]
	at TRANSFORMER/minecraft@1.20.6/net.minecraft.util.thread.BlockableEventLoop.execute(BlockableEventLoop.java:98) ~[neoforge-20.6.117.jar%23192!/:?]
	at TRANSFORMER/minecraft@1.20.6/net.minecraft.client.MouseHandler.lambda$setup$5(MouseHandler.java:193) ~[neoforge-20.6.117.jar%23192!/:?]
	at MC-BOOTSTRAP/org.lwjgl.glfw@3.3.3+5/org.lwjgl.glfw.GLFWMouseButtonCallbackI.callback(GLFWMouseButtonCallbackI.java:43) ~[lwjgl-glfw-3.3.3.jar%23173!/:build 5]
	at MC-BOOTSTRAP/org.lwjgl@3.3.3+5/org.lwjgl.system.JNI.invokeV(Native Method) ~[lwjgl-3.3.3.jar%23184!/:build 5]
	at MC-BOOTSTRAP/org.lwjgl.glfw@3.3.3+5/org.lwjgl.glfw.GLFW.glfwWaitEventsTimeout(GLFW.java:3509) ~[lwjgl-glfw-3.3.3.jar%23173!/:build 5]
	at TRANSFORMER/minecraft@1.20.6/com.mojang.blaze3d.systems.RenderSystem.limitDisplayFPS(RenderSystem.java:205) ~[neoforge-20.6.117.jar%23192!/:?]
	at TRANSFORMER/minecraft@1.20.6/net.minecraft.client.Minecraft.runTick(Minecraft.java:1282) ~[neoforge-20.6.117.jar%23192!/:?]
	at TRANSFORMER/minecraft@1.20.6/net.minecraft.client.Minecraft.run(Minecraft.java:815) ~[neoforge-20.6.117.jar%23192!/:?]
	at TRANSFORMER/minecraft@1.20.6/net.minecraft.client.main.Main.main(Main.java:244) ~[neoforge-20.6.117.jar%23192!/:?]
	at java.base/jdk.internal.reflect.DirectMethodHandleAccessor.invoke(DirectMethodHandleAccessor.java:103) ~[?:?]
	at java.base/java.lang.reflect.Method.invoke(Method.java:580) ~[?:?]
	at MC-BOOTSTRAP/fml_loader@3.0.45/net.neoforged.fml.loading.targets.CommonLaunchHandler.runTarget(CommonLaunchHandler.java:136) ~[loader-3.0.45.jar%23145!/:3.0]
	at MC-BOOTSTRAP/fml_loader@3.0.45/net.neoforged.fml.loading.targets.CommonLaunchHandler.clientService(CommonLaunchHandler.java:124) ~[loader-3.0.45.jar%23145!/:3.0]
	at MC-BOOTSTRAP/fml_loader@3.0.45/net.neoforged.fml.loading.targets.NeoForgeClientUserdevLaunchHandler.runService(NeoForgeClientUserdevLaunchHandler.java:23) ~[loader-3.0.45.jar%23145!/:3.0]
	at MC-BOOTSTRAP/fml_loader@3.0.45/net.neoforged.fml.loading.targets.CommonLaunchHandler.lambda$launchService$4(CommonLaunchHandler.java:118) ~[loader-3.0.45.jar%23145!/:3.0]
	at MC-BOOTSTRAP/cpw.mods.modlauncher@11.0.2/cpw.mods.modlauncher.LaunchServiceHandlerDecorator.launch(LaunchServiceHandlerDecorator.java:30) [modlauncher-11.0.2.jar%23126!/:?]
	at MC-BOOTSTRAP/cpw.mods.modlauncher@11.0.2/cpw.mods.modlauncher.LaunchServiceHandler.launch(LaunchServiceHandler.java:53) [modlauncher-11.0.2.jar%23126!/:?]
	at MC-BOOTSTRAP/cpw.mods.modlauncher@11.0.2/cpw.mods.modlauncher.LaunchServiceHandler.launch(LaunchServiceHandler.java:71) [modlauncher-11.0.2.jar%23126!/:?]
	at MC-BOOTSTRAP/cpw.mods.modlauncher@11.0.2/cpw.mods.modlauncher.Launcher.run(Launcher.java:103) [modlauncher-11.0.2.jar%23126!/:?]
	at MC-BOOTSTRAP/cpw.mods.modlauncher@11.0.2/cpw.mods.modlauncher.Launcher.main(Launcher.java:74) [modlauncher-11.0.2.jar%23126!/:?]
	at MC-BOOTSTRAP/cpw.mods.modlauncher@11.0.2/cpw.mods.modlauncher.BootstrapLaunchConsumer.accept(BootstrapLaunchConsumer.java:26) [modlauncher-11.0.2.jar%23126!/:?]
	at MC-BOOTSTRAP/cpw.mods.modlauncher@11.0.2/cpw.mods.modlauncher.BootstrapLaunchConsumer.accept(BootstrapLaunchConsumer.java:23) [modlauncher-11.0.2.jar%23126!/:?]
	at cpw.mods.bootstraplauncher@2.0.2/cpw.mods.bootstraplauncher.BootstrapLauncher.run(BootstrapLauncher.java:210) [bootstraplauncher-2.0.2.jar:?]
	at cpw.mods.bootstraplauncher@2.0.2/cpw.mods.bootstraplauncher.BootstrapLauncher.main(BootstrapLauncher.java:69) [bootstraplauncher-2.0.2.jar:?]
[27июл.2024 20:32:13.098] [Render thread/ERROR] [net.minecraft.world.item.crafting.RecipeManager/]: Parsing error loading recipe truedarkness:metenite_glass_recipe
com.google.gson.JsonParseException: No key tag in MapLike[{"item":"truedarkness:deleted_mod_element"}]; Unknown registry key in ResourceKey[minecraft:root / minecraft:item]: truedarkness:deleted_mod_element; Not a json array: {"item":"truedarkness:deleted_mod_element"}
	at MC-BOOTSTRAP/datafixerupper@7.0.14/com.mojang.serialization.DataResult$Error.getOrThrow(DataResult.java:275) ~[datafixerupper-7.0.14.jar%23119!/:?]
	at TRANSFORMER/minecraft@1.20.6/net.minecraft.world.item.crafting.RecipeManager.apply(RecipeManager.java:60) ~[neoforge-20.6.117.jar%23192!/:?]
	at TRANSFORMER/minecraft@1.20.6/net.minecraft.world.item.crafting.RecipeManager.apply(RecipeManager.java:36) ~[neoforge-20.6.117.jar%23192!/:?]
	at TRANSFORMER/minecraft@1.20.6/net.minecraft.server.packs.resources.SimplePreparableReloadListener.lambda$reload$1(SimplePreparableReloadListener.java:19) ~[neoforge-20.6.117.jar%23192!/:?]
	at java.base/java.util.concurrent.CompletableFuture$UniAccept.tryFire(CompletableFuture.java:718) ~[?:?]
	at java.base/java.util.concurrent.CompletableFuture$Completion.run(CompletableFuture.java:482) ~[?:?]
	at TRANSFORMER/minecraft@1.20.6/net.minecraft.server.packs.resources.SimpleReloadInstance.lambda$new$3(SimpleReloadInstance.java:86) ~[neoforge-20.6.117.jar%23192!/:?]
	at TRANSFORMER/minecraft@1.20.6/net.minecraft.util.thread.BlockableEventLoop.doRunTask(BlockableEventLoop.java:148) ~[neoforge-20.6.117.jar%23192!/:?]
	at TRANSFORMER/minecraft@1.20.6/net.minecraft.util.thread.ReentrantBlockableEventLoop.doRunTask(ReentrantBlockableEventLoop.java:24) ~[neoforge-20.6.117.jar%23192!/:?]
	at TRANSFORMER/minecraft@1.20.6/net.minecraft.util.thread.BlockableEventLoop.pollTask(BlockableEventLoop.java:122) ~[neoforge-20.6.117.jar%23192!/:?]
	at TRANSFORMER/minecraft@1.20.6/net.minecraft.util.thread.BlockableEventLoop.managedBlock(BlockableEventLoop.java:132) ~[neoforge-20.6.117.jar%23192!/:?]
	at TRANSFORMER/minecraft@1.20.6/net.minecraft.client.gui.screens.worldselection.CreateWorldScreen.openFresh(CreateWorldScreen.java:140) ~[neoforge-20.6.117.jar%23192!/:?]
	at TRANSFORMER/minecraft@1.20.6/net.minecraft.client.gui.screens.worldselection.WorldSelectionList.loadLevels(WorldSelectionList.java:192) ~[neoforge-20.6.117.jar%23192!/:?]
	at TRANSFORMER/minecraft@1.20.6/net.minecraft.client.gui.screens.worldselection.WorldSelectionList.reloadWorldList(WorldSelectionList.java:133) ~[neoforge-20.6.117.jar%23192!/:?]
	at TRANSFORMER/minecraft@1.20.6/net.minecraft.client.gui.screens.worldselection.WorldSelectionList$WorldListEntry.doDeleteWorld(WorldSelectionList.java:538) ~[neoforge-20.6.117.jar%23192!/:?]
	at TRANSFORMER/minecraft@1.20.6/net.minecraft.client.gui.screens.worldselection.WorldSelectionList$WorldListEntry.lambda$deleteWorld$2(WorldSelectionList.java:513) ~[neoforge-20.6.117.jar%23192!/:?]
	at TRANSFORMER/minecraft@1.20.6/net.minecraft.client.gui.screens.ConfirmScreen.lambda$addButtons$0(ConfirmScreen.java:53) ~[neoforge-20.6.117.jar%23192!/:?]
	at TRANSFORMER/minecraft@1.20.6/net.minecraft.client.gui.components.Button.onPress(Button.java:41) ~[neoforge-20.6.117.jar%23192!/:?]
	at TRANSFORMER/minecraft@1.20.6/net.minecraft.client.gui.components.AbstractButton.onClick(AbstractButton.java:45) ~[neoforge-20.6.117.jar%23192!/:?]
	at TRANSFORMER/neoforge@20.6.117/net.neoforged.neoforge.client.extensions.IAbstractWidgetExtension.onClick(IAbstractWidgetExtension.java:36) ~[neoforge-20.6.117.jar%23193!/:?]
	at TRANSFORMER/minecraft@1.20.6/net.minecraft.client.gui.components.AbstractWidget.mouseClicked(AbstractWidget.java:144) ~[neoforge-20.6.117.jar%23192!/:?]
	at TRANSFORMER/minecraft@1.20.6/net.minecraft.client.gui.components.events.ContainerEventHandler.mouseClicked(ContainerEventHandler.java:40) ~[neoforge-20.6.117.jar%23192!/:?]
	at TRANSFORMER/minecraft@1.20.6/net.minecraft.client.MouseHandler.lambda$onPress$0(MouseHandler.java:93) ~[neoforge-20.6.117.jar%23192!/:?]
	at TRANSFORMER/minecraft@1.20.6/net.minecraft.client.gui.screens.Screen.wrapScreenError(Screen.java:478) ~[neoforge-20.6.117.jar%23192!/:?]
	at TRANSFORMER/minecraft@1.20.6/net.minecraft.client.MouseHandler.onPress(MouseHandler.java:90) ~[neoforge-20.6.117.jar%23192!/:?]
	at TRANSFORMER/minecraft@1.20.6/net.minecraft.client.MouseHandler.lambda$setup$4(MouseHandler.java:193) ~[neoforge-20.6.117.jar%23192!/:?]
	at TRANSFORMER/minecraft@1.20.6/net.minecraft.util.thread.BlockableEventLoop.execute(BlockableEventLoop.java:98) ~[neoforge-20.6.117.jar%23192!/:?]
	at TRANSFORMER/minecraft@1.20.6/net.minecraft.client.MouseHandler.lambda$setup$5(MouseHandler.java:193) ~[neoforge-20.6.117.jar%23192!/:?]
	at MC-BOOTSTRAP/org.lwjgl.glfw@3.3.3+5/org.lwjgl.glfw.GLFWMouseButtonCallbackI.callback(GLFWMouseButtonCallbackI.java:43) ~[lwjgl-glfw-3.3.3.jar%23173!/:build 5]
	at MC-BOOTSTRAP/org.lwjgl@3.3.3+5/org.lwjgl.system.JNI.invokeV(Native Method) ~[lwjgl-3.3.3.jar%23184!/:build 5]
	at MC-BOOTSTRAP/org.lwjgl.glfw@3.3.3+5/org.lwjgl.glfw.GLFW.glfwWaitEventsTimeout(GLFW.java:3509) ~[lwjgl-glfw-3.3.3.jar%23173!/:build 5]
	at TRANSFORMER/minecraft@1.20.6/com.mojang.blaze3d.systems.RenderSystem.limitDisplayFPS(RenderSystem.java:205) ~[neoforge-20.6.117.jar%23192!/:?]
	at TRANSFORMER/minecraft@1.20.6/net.minecraft.client.Minecraft.runTick(Minecraft.java:1282) ~[neoforge-20.6.117.jar%23192!/:?]
	at TRANSFORMER/minecraft@1.20.6/net.minecraft.client.Minecraft.run(Minecraft.java:815) ~[neoforge-20.6.117.jar%23192!/:?]
	at TRANSFORMER/minecraft@1.20.6/net.minecraft.client.main.Main.main(Main.java:244) ~[neoforge-20.6.117.jar%23192!/:?]
	at java.base/jdk.internal.reflect.DirectMethodHandleAccessor.invoke(DirectMethodHandleAccessor.java:103) ~[?:?]
	at java.base/java.lang.reflect.Method.invoke(Method.java:580) ~[?:?]
	at MC-BOOTSTRAP/fml_loader@3.0.45/net.neoforged.fml.loading.targets.CommonLaunchHandler.runTarget(CommonLaunchHandler.java:136) ~[loader-3.0.45.jar%23145!/:3.0]
	at MC-BOOTSTRAP/fml_loader@3.0.45/net.neoforged.fml.loading.targets.CommonLaunchHandler.clientService(CommonLaunchHandler.java:124) ~[loader-3.0.45.jar%23145!/:3.0]
	at MC-BOOTSTRAP/fml_loader@3.0.45/net.neoforged.fml.loading.targets.NeoForgeClientUserdevLaunchHandler.runService(NeoForgeClientUserdevLaunchHandler.java:23) ~[loader-3.0.45.jar%23145!/:3.0]
	at MC-BOOTSTRAP/fml_loader@3.0.45/net.neoforged.fml.loading.targets.CommonLaunchHandler.lambda$launchService$4(CommonLaunchHandler.java:118) ~[loader-3.0.45.jar%23145!/:3.0]
	at MC-BOOTSTRAP/cpw.mods.modlauncher@11.0.2/cpw.mods.modlauncher.LaunchServiceHandlerDecorator.launch(LaunchServiceHandlerDecorator.java:30) [modlauncher-11.0.2.jar%23126!/:?]
	at MC-BOOTSTRAP/cpw.mods.modlauncher@11.0.2/cpw.mods.modlauncher.LaunchServiceHandler.launch(LaunchServiceHandler.java:53) [modlauncher-11.0.2.jar%23126!/:?]
	at MC-BOOTSTRAP/cpw.mods.modlauncher@11.0.2/cpw.mods.modlauncher.LaunchServiceHandler.launch(LaunchServiceHandler.java:71) [modlauncher-11.0.2.jar%23126!/:?]
	at MC-BOOTSTRAP/cpw.mods.modlauncher@11.0.2/cpw.mods.modlauncher.Launcher.run(Launcher.java:103) [modlauncher-11.0.2.jar%23126!/:?]
	at MC-BOOTSTRAP/cpw.mods.modlauncher@11.0.2/cpw.mods.modlauncher.Launcher.main(Launcher.java:74) [modlauncher-11.0.2.jar%23126!/:?]
	at MC-BOOTSTRAP/cpw.mods.modlauncher@11.0.2/cpw.mods.modlauncher.BootstrapLaunchConsumer.accept(BootstrapLaunchConsumer.java:26) [modlauncher-11.0.2.jar%23126!/:?]
	at MC-BOOTSTRAP/cpw.mods.modlauncher@11.0.2/cpw.mods.modlauncher.BootstrapLaunchConsumer.accept(BootstrapLaunchConsumer.java:23) [modlauncher-11.0.2.jar%23126!/:?]
	at cpw.mods.bootstraplauncher@2.0.2/cpw.mods.bootstraplauncher.BootstrapLauncher.run(BootstrapLauncher.java:210) [bootstraplauncher-2.0.2.jar:?]
	at cpw.mods.bootstraplauncher@2.0.2/cpw.mods.bootstraplauncher.BootstrapLauncher.main(BootstrapLauncher.java:69) [bootstraplauncher-2.0.2.jar:?]
[27июл.2024 20:32:13.102] [Render thread/ERROR] [net.minecraft.world.item.crafting.RecipeManager/]: Parsing error loading recipe truedarkness:ludore_block_recipe_0
com.google.gson.JsonParseException: Unknown registry key in ResourceKey[minecraft:root / minecraft:item]: truedarkness:deleted_mod_element; Map entry 'a' : No key tag in MapLike[{"item":"truedarkness:deleted_mod_element"}]; Unknown registry key in ResourceKey[minecraft:root / minecraft:item]: truedarkness:deleted_mod_element; Not a json array: {"item":"truedarkness:deleted_mod_element"}
	at MC-BOOTSTRAP/datafixerupper@7.0.14/com.mojang.serialization.DataResult$Error.getOrThrow(DataResult.java:275) ~[datafixerupper-7.0.14.jar%23119!/:?]
	at TRANSFORMER/minecraft@1.20.6/net.minecraft.world.item.crafting.RecipeManager.apply(RecipeManager.java:60) ~[neoforge-20.6.117.jar%23192!/:?]
	at TRANSFORMER/minecraft@1.20.6/net.minecraft.world.item.crafting.RecipeManager.apply(RecipeManager.java:36) ~[neoforge-20.6.117.jar%23192!/:?]
	at TRANSFORMER/minecraft@1.20.6/net.minecraft.server.packs.resources.SimplePreparableReloadListener.lambda$reload$1(SimplePreparableReloadListener.java:19) ~[neoforge-20.6.117.jar%23192!/:?]
	at java.base/java.util.concurrent.CompletableFuture$UniAccept.tryFire(CompletableFuture.java:718) ~[?:?]
	at java.base/java.util.concurrent.CompletableFuture$Completion.run(CompletableFuture.java:482) ~[?:?]
	at TRANSFORMER/minecraft@1.20.6/net.minecraft.server.packs.resources.SimpleReloadInstance.lambda$new$3(SimpleReloadInstance.java:86) ~[neoforge-20.6.117.jar%23192!/:?]
	at TRANSFORMER/minecraft@1.20.6/net.minecraft.util.thread.BlockableEventLoop.doRunTask(BlockableEventLoop.java:148) ~[neoforge-20.6.117.jar%23192!/:?]
	at TRANSFORMER/minecraft@1.20.6/net.minecraft.util.thread.ReentrantBlockableEventLoop.doRunTask(ReentrantBlockableEventLoop.java:24) ~[neoforge-20.6.117.jar%23192!/:?]
	at TRANSFORMER/minecraft@1.20.6/net.minecraft.util.thread.BlockableEventLoop.pollTask(BlockableEventLoop.java:122) ~[neoforge-20.6.117.jar%23192!/:?]
	at TRANSFORMER/minecraft@1.20.6/net.minecraft.util.thread.BlockableEventLoop.managedBlock(BlockableEventLoop.java:132) ~[neoforge-20.6.117.jar%23192!/:?]
	at TRANSFORMER/minecraft@1.20.6/net.minecraft.client.gui.screens.worldselection.CreateWorldScreen.openFresh(CreateWorldScreen.java:140) ~[neoforge-20.6.117.jar%23192!/:?]
	at TRANSFORMER/minecraft@1.20.6/net.minecraft.client.gui.screens.worldselection.WorldSelectionList.loadLevels(WorldSelectionList.java:192) ~[neoforge-20.6.117.jar%23192!/:?]
	at TRANSFORMER/minecraft@1.20.6/net.minecraft.client.gui.screens.worldselection.WorldSelectionList.reloadWorldList(WorldSelectionList.java:133) ~[neoforge-20.6.117.jar%23192!/:?]
	at TRANSFORMER/minecraft@1.20.6/net.minecraft.client.gui.screens.worldselection.WorldSelectionList$WorldListEntry.doDeleteWorld(WorldSelectionList.java:538) ~[neoforge-20.6.117.jar%23192!/:?]
	at TRANSFORMER/minecraft@1.20.6/net.minecraft.client.gui.screens.worldselection.WorldSelectionList$WorldListEntry.lambda$deleteWorld$2(WorldSelectionList.java:513) ~[neoforge-20.6.117.jar%23192!/:?]
	at TRANSFORMER/minecraft@1.20.6/net.minecraft.client.gui.screens.ConfirmScreen.lambda$addButtons$0(ConfirmScreen.java:53) ~[neoforge-20.6.117.jar%23192!/:?]
	at TRANSFORMER/minecraft@1.20.6/net.minecraft.client.gui.components.Button.onPress(Button.java:41) ~[neoforge-20.6.117.jar%23192!/:?]
	at TRANSFORMER/minecraft@1.20.6/net.minecraft.client.gui.components.AbstractButton.onClick(AbstractButton.java:45) ~[neoforge-20.6.117.jar%23192!/:?]
	at TRANSFORMER/neoforge@20.6.117/net.neoforged.neoforge.client.extensions.IAbstractWidgetExtension.onClick(IAbstractWidgetExtension.java:36) ~[neoforge-20.6.117.jar%23193!/:?]
	at TRANSFORMER/minecraft@1.20.6/net.minecraft.client.gui.components.AbstractWidget.mouseClicked(AbstractWidget.java:144) ~[neoforge-20.6.117.jar%23192!/:?]
	at TRANSFORMER/minecraft@1.20.6/net.minecraft.client.gui.components.events.ContainerEventHandler.mouseClicked(ContainerEventHandler.java:40) ~[neoforge-20.6.117.jar%23192!/:?]
	at TRANSFORMER/minecraft@1.20.6/net.minecraft.client.MouseHandler.lambda$onPress$0(MouseHandler.java:93) ~[neoforge-20.6.117.jar%23192!/:?]
	at TRANSFORMER/minecraft@1.20.6/net.minecraft.client.gui.screens.Screen.wrapScreenError(Screen.java:478) ~[neoforge-20.6.117.jar%23192!/:?]
	at TRANSFORMER/minecraft@1.20.6/net.minecraft.client.MouseHandler.onPress(MouseHandler.java:90) ~[neoforge-20.6.117.jar%23192!/:?]
	at TRANSFORMER/minecraft@1.20.6/net.minecraft.client.MouseHandler.lambda$setup$4(MouseHandler.java:193) ~[neoforge-20.6.117.jar%23192!/:?]
	at TRANSFORMER/minecraft@1.20.6/net.minecraft.util.thread.BlockableEventLoop.execute(BlockableEventLoop.java:98) ~[neoforge-20.6.117.jar%23192!/:?]
	at TRANSFORMER/minecraft@1.20.6/net.minecraft.client.MouseHandler.lambda$setup$5(MouseHandler.java:193) ~[neoforge-20.6.117.jar%23192!/:?]
	at MC-BOOTSTRAP/org.lwjgl.glfw@3.3.3+5/org.lwjgl.glfw.GLFWMouseButtonCallbackI.callback(GLFWMouseButtonCallbackI.java:43) ~[lwjgl-glfw-3.3.3.jar%23173!/:build 5]
	at MC-BOOTSTRAP/org.lwjgl@3.3.3+5/org.lwjgl.system.JNI.invokeV(Native Method) ~[lwjgl-3.3.3.jar%23184!/:build 5]
	at MC-BOOTSTRAP/org.lwjgl.glfw@3.3.3+5/org.lwjgl.glfw.GLFW.glfwWaitEventsTimeout(GLFW.java:3509) ~[lwjgl-glfw-3.3.3.jar%23173!/:build 5]
	at TRANSFORMER/minecraft@1.20.6/com.mojang.blaze3d.systems.RenderSystem.limitDisplayFPS(RenderSystem.java:205) ~[neoforge-20.6.117.jar%23192!/:?]
	at TRANSFORMER/minecraft@1.20.6/net.minecraft.client.Minecraft.runTick(Minecraft.java:1282) ~[neoforge-20.6.117.jar%23192!/:?]
	at TRANSFORMER/minecraft@1.20.6/net.minecraft.client.Minecraft.run(Minecraft.java:815) ~[neoforge-20.6.117.jar%23192!/:?]
	at TRANSFORMER/minecraft@1.20.6/net.minecraft.client.main.Main.main(Main.java:244) ~[neoforge-20.6.117.jar%23192!/:?]
	at java.base/jdk.internal.reflect.DirectMethodHandleAccessor.invoke(DirectMethodHandleAccessor.java:103) ~[?:?]
	at java.base/java.lang.reflect.Method.invoke(Method.java:580) ~[?:?]
	at MC-BOOTSTRAP/fml_loader@3.0.45/net.neoforged.fml.loading.targets.CommonLaunchHandler.runTarget(CommonLaunchHandler.java:136) ~[loader-3.0.45.jar%23145!/:3.0]
	at MC-BOOTSTRAP/fml_loader@3.0.45/net.neoforged.fml.loading.targets.CommonLaunchHandler.clientService(CommonLaunchHandler.java:124) ~[loader-3.0.45.jar%23145!/:3.0]
	at MC-BOOTSTRAP/fml_loader@3.0.45/net.neoforged.fml.loading.targets.NeoForgeClientUserdevLaunchHandler.runService(NeoForgeClientUserdevLaunchHandler.java:23) ~[loader-3.0.45.jar%23145!/:3.0]
	at MC-BOOTSTRAP/fml_loader@3.0.45/net.neoforged.fml.loading.targets.CommonLaunchHandler.lambda$launchService$4(CommonLaunchHandler.java:118) ~[loader-3.0.45.jar%23145!/:3.0]
	at MC-BOOTSTRAP/cpw.mods.modlauncher@11.0.2/cpw.mods.modlauncher.LaunchServiceHandlerDecorator.launch(LaunchServiceHandlerDecorator.java:30) [modlauncher-11.0.2.jar%23126!/:?]
	at MC-BOOTSTRAP/cpw.mods.modlauncher@11.0.2/cpw.mods.modlauncher.LaunchServiceHandler.launch(LaunchServiceHandler.java:53) [modlauncher-11.0.2.jar%23126!/:?]
	at MC-BOOTSTRAP/cpw.mods.modlauncher@11.0.2/cpw.mods.modlauncher.LaunchServiceHandler.launch(LaunchServiceHandler.java:71) [modlauncher-11.0.2.jar%23126!/:?]
	at MC-BOOTSTRAP/cpw.mods.modlauncher@11.0.2/cpw.mods.modlauncher.Launcher.run(Launcher.java:103) [modlauncher-11.0.2.jar%23126!/:?]
	at MC-BOOTSTRAP/cpw.mods.modlauncher@11.0.2/cpw.mods.modlauncher.Launcher.main(Launcher.java:74) [modlauncher-11.0.2.jar%23126!/:?]
	at MC-BOOTSTRAP/cpw.mods.modlauncher@11.0.2/cpw.mods.modlauncher.BootstrapLaunchConsumer.accept(BootstrapLaunchConsumer.java:26) [modlauncher-11.0.2.jar%23126!/:?]
	at MC-BOOTSTRAP/cpw.mods.modlauncher@11.0.2/cpw.mods.modlauncher.BootstrapLaunchConsumer.accept(BootstrapLaunchConsumer.java:23) [modlauncher-11.0.2.jar%23126!/:?]
	at cpw.mods.bootstraplauncher@2.0.2/cpw.mods.bootstraplauncher.BootstrapLauncher.run(BootstrapLauncher.java:210) [bootstraplauncher-2.0.2.jar:?]
	at cpw.mods.bootstraplauncher@2.0.2/cpw.mods.bootstraplauncher.BootstrapLauncher.main(BootstrapLauncher.java:69) [bootstraplauncher-2.0.2.jar:?]
[27июл.2024 20:32:13.105] [Render thread/ERROR] [net.minecraft.world.item.crafting.RecipeManager/]: Parsing error loading recipe truedarkness:cleaning_dust_recipe
com.google.gson.JsonParseException: Unknown registry key in ResourceKey[minecraft:root / minecraft:item]: truedarkness:deleted_mod_element
	at MC-BOOTSTRAP/datafixerupper@7.0.14/com.mojang.serialization.DataResult$Error.getOrThrow(DataResult.java:275) ~[datafixerupper-7.0.14.jar%23119!/:?]
	at TRANSFORMER/minecraft@1.20.6/net.minecraft.world.item.crafting.RecipeManager.apply(RecipeManager.java:60) ~[neoforge-20.6.117.jar%23192!/:?]
	at TRANSFORMER/minecraft@1.20.6/net.minecraft.world.item.crafting.RecipeManager.apply(RecipeManager.java:36) ~[neoforge-20.6.117.jar%23192!/:?]
	at TRANSFORMER/minecraft@1.20.6/net.minecraft.server.packs.resources.SimplePreparableReloadListener.lambda$reload$1(SimplePreparableReloadListener.java:19) ~[neoforge-20.6.117.jar%23192!/:?]
	at java.base/java.util.concurrent.CompletableFuture$UniAccept.tryFire(CompletableFuture.java:718) ~[?:?]
	at java.base/java.util.concurrent.CompletableFuture$Completion.run(CompletableFuture.java:482) ~[?:?]
	at TRANSFORMER/minecraft@1.20.6/net.minecraft.server.packs.resources.SimpleReloadInstance.lambda$new$3(SimpleReloadInstance.java:86) ~[neoforge-20.6.117.jar%23192!/:?]
	at TRANSFORMER/minecraft@1.20.6/net.minecraft.util.thread.BlockableEventLoop.doRunTask(BlockableEventLoop.java:148) ~[neoforge-20.6.117.jar%23192!/:?]
	at TRANSFORMER/minecraft@1.20.6/net.minecraft.util.thread.ReentrantBlockableEventLoop.doRunTask(ReentrantBlockableEventLoop.java:24) ~[neoforge-20.6.117.jar%23192!/:?]
	at TRANSFORMER/minecraft@1.20.6/net.minecraft.util.thread.BlockableEventLoop.pollTask(BlockableEventLoop.java:122) ~[neoforge-20.6.117.jar%23192!/:?]
	at TRANSFORMER/minecraft@1.20.6/net.minecraft.util.thread.BlockableEventLoop.managedBlock(BlockableEventLoop.java:132) ~[neoforge-20.6.117.jar%23192!/:?]
	at TRANSFORMER/minecraft@1.20.6/net.minecraft.client.gui.screens.worldselection.CreateWorldScreen.openFresh(CreateWorldScreen.java:140) ~[neoforge-20.6.117.jar%23192!/:?]
	at TRANSFORMER/minecraft@1.20.6/net.minecraft.client.gui.screens.worldselection.WorldSelectionList.loadLevels(WorldSelectionList.java:192) ~[neoforge-20.6.117.jar%23192!/:?]
	at TRANSFORMER/minecraft@1.20.6/net.minecraft.client.gui.screens.worldselection.WorldSelectionList.reloadWorldList(WorldSelectionList.java:133) ~[neoforge-20.6.117.jar%23192!/:?]
	at TRANSFORMER/minecraft@1.20.6/net.minecraft.client.gui.screens.worldselection.WorldSelectionList$WorldListEntry.doDeleteWorld(WorldSelectionList.java:538) ~[neoforge-20.6.117.jar%23192!/:?]
	at TRANSFORMER/minecraft@1.20.6/net.minecraft.client.gui.screens.worldselection.WorldSelectionList$WorldListEntry.lambda$deleteWorld$2(WorldSelectionList.java:513) ~[neoforge-20.6.117.jar%23192!/:?]
	at TRANSFORMER/minecraft@1.20.6/net.minecraft.client.gui.screens.ConfirmScreen.lambda$addButtons$0(ConfirmScreen.java:53) ~[neoforge-20.6.117.jar%23192!/:?]
	at TRANSFORMER/minecraft@1.20.6/net.minecraft.client.gui.components.Button.onPress(Button.java:41) ~[neoforge-20.6.117.jar%23192!/:?]
	at TRANSFORMER/minecraft@1.20.6/net.minecraft.client.gui.components.AbstractButton.onClick(AbstractButton.java:45) ~[neoforge-20.6.117.jar%23192!/:?]
	at TRANSFORMER/neoforge@20.6.117/net.neoforged.neoforge.client.extensions.IAbstractWidgetExtension.onClick(IAbstractWidgetExtension.java:36) ~[neoforge-20.6.117.jar%23193!/:?]
	at TRANSFORMER/minecraft@1.20.6/net.minecraft.client.gui.components.AbstractWidget.mouseClicked(AbstractWidget.java:144) ~[neoforge-20.6.117.jar%23192!/:?]
	at TRANSFORMER/minecraft@1.20.6/net.minecraft.client.gui.components.events.ContainerEventHandler.mouseClicked(ContainerEventHandler.java:40) ~[neoforge-20.6.117.jar%23192!/:?]
	at TRANSFORMER/minecraft@1.20.6/net.minecraft.client.MouseHandler.lambda$onPress$0(MouseHandler.java:93) ~[neoforge-20.6.117.jar%23192!/:?]
	at TRANSFORMER/minecraft@1.20.6/net.minecraft.client.gui.screens.Screen.wrapScreenError(Screen.java:478) ~[neoforge-20.6.117.jar%23192!/:?]
	at TRANSFORMER/minecraft@1.20.6/net.minecraft.client.MouseHandler.onPress(MouseHandler.java:90) ~[neoforge-20.6.117.jar%23192!/:?]
	at TRANSFORMER/minecraft@1.20.6/net.minecraft.client.MouseHandler.lambda$setup$4(MouseHandler.java:193) ~[neoforge-20.6.117.jar%23192!/:?]
	at TRANSFORMER/minecraft@1.20.6/net.minecraft.util.thread.BlockableEventLoop.execute(BlockableEventLoop.java:98) ~[neoforge-20.6.117.jar%23192!/:?]
	at TRANSFORMER/minecraft@1.20.6/net.minecraft.client.MouseHandler.lambda$setup$5(MouseHandler.java:193) ~[neoforge-20.6.117.jar%23192!/:?]
	at MC-BOOTSTRAP/org.lwjgl.glfw@3.3.3+5/org.lwjgl.glfw.GLFWMouseButtonCallbackI.callback(GLFWMouseButtonCallbackI.java:43) ~[lwjgl-glfw-3.3.3.jar%23173!/:build 5]
	at MC-BOOTSTRAP/org.lwjgl@3.3.3+5/org.lwjgl.system.JNI.invokeV(Native Method) ~[lwjgl-3.3.3.jar%23184!/:build 5]
	at MC-BOOTSTRAP/org.lwjgl.glfw@3.3.3+5/org.lwjgl.glfw.GLFW.glfwWaitEventsTimeout(GLFW.java:3509) ~[lwjgl-glfw-3.3.3.jar%23173!/:build 5]
	at TRANSFORMER/minecraft@1.20.6/com.mojang.blaze3d.systems.RenderSystem.limitDisplayFPS(RenderSystem.java:205) ~[neoforge-20.6.117.jar%23192!/:?]
	at TRANSFORMER/minecraft@1.20.6/net.minecraft.client.Minecraft.runTick(Minecraft.java:1282) ~[neoforge-20.6.117.jar%23192!/:?]
	at TRANSFORMER/minecraft@1.20.6/net.minecraft.client.Minecraft.run(Minecraft.java:815) ~[neoforge-20.6.117.jar%23192!/:?]
	at TRANSFORMER/minecraft@1.20.6/net.minecraft.client.main.Main.main(Main.java:244) ~[neoforge-20.6.117.jar%23192!/:?]
	at java.base/jdk.internal.reflect.DirectMethodHandleAccessor.invoke(DirectMethodHandleAccessor.java:103) ~[?:?]
	at java.base/java.lang.reflect.Method.invoke(Method.java:580) ~[?:?]
	at MC-BOOTSTRAP/fml_loader@3.0.45/net.neoforged.fml.loading.targets.CommonLaunchHandler.runTarget(CommonLaunchHandler.java:136) ~[loader-3.0.45.jar%23145!/:3.0]
	at MC-BOOTSTRAP/fml_loader@3.0.45/net.neoforged.fml.loading.targets.CommonLaunchHandler.clientService(CommonLaunchHandler.java:124) ~[loader-3.0.45.jar%23145!/:3.0]
	at MC-BOOTSTRAP/fml_loader@3.0.45/net.neoforged.fml.loading.targets.NeoForgeClientUserdevLaunchHandler.runService(NeoForgeClientUserdevLaunchHandler.java:23) ~[loader-3.0.45.jar%23145!/:3.0]
	at MC-BOOTSTRAP/fml_loader@3.0.45/net.neoforged.fml.loading.targets.CommonLaunchHandler.lambda$launchService$4(CommonLaunchHandler.java:118) ~[loader-3.0.45.jar%23145!/:3.0]
	at MC-BOOTSTRAP/cpw.mods.modlauncher@11.0.2/cpw.mods.modlauncher.LaunchServiceHandlerDecorator.launch(LaunchServiceHandlerDecorator.java:30) [modlauncher-11.0.2.jar%23126!/:?]
	at MC-BOOTSTRAP/cpw.mods.modlauncher@11.0.2/cpw.mods.modlauncher.LaunchServiceHandler.launch(LaunchServiceHandler.java:53) [modlauncher-11.0.2.jar%23126!/:?]
	at MC-BOOTSTRAP/cpw.mods.modlauncher@11.0.2/cpw.mods.modlauncher.LaunchServiceHandler.launch(LaunchServiceHandler.java:71) [modlauncher-11.0.2.jar%23126!/:?]
	at MC-BOOTSTRAP/cpw.mods.modlauncher@11.0.2/cpw.mods.modlauncher.Launcher.run(Launcher.java:103) [modlauncher-11.0.2.jar%23126!/:?]
	at MC-BOOTSTRAP/cpw.mods.modlauncher@11.0.2/cpw.mods.modlauncher.Launcher.main(Launcher.java:74) [modlauncher-11.0.2.jar%23126!/:?]
	at MC-BOOTSTRAP/cpw.mods.modlauncher@11.0.2/cpw.mods.modlauncher.BootstrapLaunchConsumer.accept(BootstrapLaunchConsumer.java:26) [modlauncher-11.0.2.jar%23126!/:?]
	at MC-BOOTSTRAP/cpw.mods.modlauncher@11.0.2/cpw.mods.modlauncher.BootstrapLaunchConsumer.accept(BootstrapLaunchConsumer.java:23) [modlauncher-11.0.2.jar%23126!/:?]
	at cpw.mods.bootstraplauncher@2.0.2/cpw.mods.bootstraplauncher.BootstrapLauncher.run(BootstrapLauncher.java:210) [bootstraplauncher-2.0.2.jar:?]
	at cpw.mods.bootstraplauncher@2.0.2/cpw.mods.bootstraplauncher.BootstrapLauncher.main(BootstrapLauncher.java:69) [bootstraplauncher-2.0.2.jar:?]
[27июл.2024 20:32:13.111] [Render thread/ERROR] [net.minecraft.world.item.crafting.RecipeManager/]: Parsing error loading recipe truedarkness:ludore_block_recipe
com.google.gson.JsonParseException: Unknown registry key in ResourceKey[minecraft:root / minecraft:item]: truedarkness:deleted_mod_element; Map entry 'a' : No key tag in MapLike[{"item":"truedarkness:deleted_mod_element"}]; Unknown registry key in ResourceKey[minecraft:root / minecraft:item]: truedarkness:deleted_mod_element; Not a json array: {"item":"truedarkness:deleted_mod_element"}
	at MC-BOOTSTRAP/datafixerupper@7.0.14/com.mojang.serialization.DataResult$Error.getOrThrow(DataResult.java:275) ~[datafixerupper-7.0.14.jar%23119!/:?]
	at TRANSFORMER/minecraft@1.20.6/net.minecraft.world.item.crafting.RecipeManager.apply(RecipeManager.java:60) ~[neoforge-20.6.117.jar%23192!/:?]
	at TRANSFORMER/minecraft@1.20.6/net.minecraft.world.item.crafting.RecipeManager.apply(RecipeManager.java:36) ~[neoforge-20.6.117.jar%23192!/:?]
	at TRANSFORMER/minecraft@1.20.6/net.minecraft.server.packs.resources.SimplePreparableReloadListener.lambda$reload$1(SimplePreparableReloadListener.java:19) ~[neoforge-20.6.117.jar%23192!/:?]
	at java.base/java.util.concurrent.CompletableFuture$UniAccept.tryFire(CompletableFuture.java:718) ~[?:?]
	at java.base/java.util.concurrent.CompletableFuture$Completion.run(CompletableFuture.java:482) ~[?:?]
	at TRANSFORMER/minecraft@1.20.6/net.minecraft.server.packs.resources.SimpleReloadInstance.lambda$new$3(SimpleReloadInstance.java:86) ~[neoforge-20.6.117.jar%23192!/:?]
	at TRANSFORMER/minecraft@1.20.6/net.minecraft.util.thread.BlockableEventLoop.doRunTask(BlockableEventLoop.java:148) ~[neoforge-20.6.117.jar%23192!/:?]
	at TRANSFORMER/minecraft@1.20.6/net.minecraft.util.thread.ReentrantBlockableEventLoop.doRunTask(ReentrantBlockableEventLoop.java:24) ~[neoforge-20.6.117.jar%23192!/:?]
	at TRANSFORMER/minecraft@1.20.6/net.minecraft.util.thread.BlockableEventLoop.pollTask(BlockableEventLoop.java:122) ~[neoforge-20.6.117.jar%23192!/:?]
	at TRANSFORMER/minecraft@1.20.6/net.minecraft.util.thread.BlockableEventLoop.managedBlock(BlockableEventLoop.java:132) ~[neoforge-20.6.117.jar%23192!/:?]
	at TRANSFORMER/minecraft@1.20.6/net.minecraft.client.gui.screens.worldselection.CreateWorldScreen.openFresh(CreateWorldScreen.java:140) ~[neoforge-20.6.117.jar%23192!/:?]
	at TRANSFORMER/minecraft@1.20.6/net.minecraft.client.gui.screens.worldselection.WorldSelectionList.loadLevels(WorldSelectionList.java:192) ~[neoforge-20.6.117.jar%23192!/:?]
	at TRANSFORMER/minecraft@1.20.6/net.minecraft.client.gui.screens.worldselection.WorldSelectionList.reloadWorldList(WorldSelectionList.java:133) ~[neoforge-20.6.117.jar%23192!/:?]
	at TRANSFORMER/minecraft@1.20.6/net.minecraft.client.gui.screens.worldselection.WorldSelectionList$WorldListEntry.doDeleteWorld(WorldSelectionList.java:538) ~[neoforge-20.6.117.jar%23192!/:?]
	at TRANSFORMER/minecraft@1.20.6/net.minecraft.client.gui.screens.worldselection.WorldSelectionList$WorldListEntry.lambda$deleteWorld$2(WorldSelectionList.java:513) ~[neoforge-20.6.117.jar%23192!/:?]
	at TRANSFORMER/minecraft@1.20.6/net.minecraft.client.gui.screens.ConfirmScreen.lambda$addButtons$0(ConfirmScreen.java:53) ~[neoforge-20.6.117.jar%23192!/:?]
	at TRANSFORMER/minecraft@1.20.6/net.minecraft.client.gui.components.Button.onPress(Button.java:41) ~[neoforge-20.6.117.jar%23192!/:?]
	at TRANSFORMER/minecraft@1.20.6/net.minecraft.client.gui.components.AbstractButton.onClick(AbstractButton.java:45) ~[neoforge-20.6.117.jar%23192!/:?]
	at TRANSFORMER/neoforge@20.6.117/net.neoforged.neoforge.client.extensions.IAbstractWidgetExtension.onClick(IAbstractWidgetExtension.java:36) ~[neoforge-20.6.117.jar%23193!/:?]
	at TRANSFORMER/minecraft@1.20.6/net.minecraft.client.gui.components.AbstractWidget.mouseClicked(AbstractWidget.java:144) ~[neoforge-20.6.117.jar%23192!/:?]
	at TRANSFORMER/minecraft@1.20.6/net.minecraft.client.gui.components.events.ContainerEventHandler.mouseClicked(ContainerEventHandler.java:40) ~[neoforge-20.6.117.jar%23192!/:?]
	at TRANSFORMER/minecraft@1.20.6/net.minecraft.client.MouseHandler.lambda$onPress$0(MouseHandler.java:93) ~[neoforge-20.6.117.jar%23192!/:?]
	at TRANSFORMER/minecraft@1.20.6/net.minecraft.client.gui.screens.Screen.wrapScreenError(Screen.java:478) ~[neoforge-20.6.117.jar%23192!/:?]
	at TRANSFORMER/minecraft@1.20.6/net.minecraft.client.MouseHandler.onPress(MouseHandler.java:90) ~[neoforge-20.6.117.jar%23192!/:?]
	at TRANSFORMER/minecraft@1.20.6/net.minecraft.client.MouseHandler.lambda$setup$4(MouseHandler.java:193) ~[neoforge-20.6.117.jar%23192!/:?]
	at TRANSFORMER/minecraft@1.20.6/net.minecraft.util.thread.BlockableEventLoop.execute(BlockableEventLoop.java:98) ~[neoforge-20.6.117.jar%23192!/:?]
	at TRANSFORMER/minecraft@1.20.6/net.minecraft.client.MouseHandler.lambda$setup$5(MouseHandler.java:193) ~[neoforge-20.6.117.jar%23192!/:?]
	at MC-BOOTSTRAP/org.lwjgl.glfw@3.3.3+5/org.lwjgl.glfw.GLFWMouseButtonCallbackI.callback(GLFWMouseButtonCallbackI.java:43) ~[lwjgl-glfw-3.3.3.jar%23173!/:build 5]
	at MC-BOOTSTRAP/org.lwjgl@3.3.3+5/org.lwjgl.system.JNI.invokeV(Native Method) ~[lwjgl-3.3.3.jar%23184!/:build 5]
	at MC-BOOTSTRAP/org.lwjgl.glfw@3.3.3+5/org.lwjgl.glfw.GLFW.glfwWaitEventsTimeout(GLFW.java:3509) ~[lwjgl-glfw-3.3.3.jar%23173!/:build 5]
	at TRANSFORMER/minecraft@1.20.6/com.mojang.blaze3d.systems.RenderSystem.limitDisplayFPS(RenderSystem.java:205) ~[neoforge-20.6.117.jar%23192!/:?]
	at TRANSFORMER/minecraft@1.20.6/net.minecraft.client.Minecraft.runTick(Minecraft.java:1282) ~[neoforge-20.6.117.jar%23192!/:?]
	at TRANSFORMER/minecraft@1.20.6/net.minecraft.client.Minecraft.run(Minecraft.java:815) ~[neoforge-20.6.117.jar%23192!/:?]
	at TRANSFORMER/minecraft@1.20.6/net.minecraft.client.main.Main.main(Main.java:244) ~[neoforge-20.6.117.jar%23192!/:?]
	at java.base/jdk.internal.reflect.DirectMethodHandleAccessor.invoke(DirectMethodHandleAccessor.java:103) ~[?:?]
	at java.base/java.lang.reflect.Method.invoke(Method.java:580) ~[?:?]
	at MC-BOOTSTRAP/fml_loader@3.0.45/net.neoforged.fml.loading.targets.CommonLaunchHandler.runTarget(CommonLaunchHandler.java:136) ~[loader-3.0.45.jar%23145!/:3.0]
	at MC-BOOTSTRAP/fml_loader@3.0.45/net.neoforged.fml.loading.targets.CommonLaunchHandler.clientService(CommonLaunchHandler.java:124) ~[loader-3.0.45.jar%23145!/:3.0]
	at MC-BOOTSTRAP/fml_loader@3.0.45/net.neoforged.fml.loading.targets.NeoForgeClientUserdevLaunchHandler.runService(NeoForgeClientUserdevLaunchHandler.java:23) ~[loader-3.0.45.jar%23145!/:3.0]
	at MC-BOOTSTRAP/fml_loader@3.0.45/net.neoforged.fml.loading.targets.CommonLaunchHandler.lambda$launchService$4(CommonLaunchHandler.java:118) ~[loader-3.0.45.jar%23145!/:3.0]
	at MC-BOOTSTRAP/cpw.mods.modlauncher@11.0.2/cpw.mods.modlauncher.LaunchServiceHandlerDecorator.launch(LaunchServiceHandlerDecorator.java:30) [modlauncher-11.0.2.jar%23126!/:?]
	at MC-BOOTSTRAP/cpw.mods.modlauncher@11.0.2/cpw.mods.modlauncher.LaunchServiceHandler.launch(LaunchServiceHandler.java:53) [modlauncher-11.0.2.jar%23126!/:?]
	at MC-BOOTSTRAP/cpw.mods.modlauncher@11.0.2/cpw.mods.modlauncher.LaunchServiceHandler.launch(LaunchServiceHandler.java:71) [modlauncher-11.0.2.jar%23126!/:?]
	at MC-BOOTSTRAP/cpw.mods.modlauncher@11.0.2/cpw.mods.modlauncher.Launcher.run(Launcher.java:103) [modlauncher-11.0.2.jar%23126!/:?]
	at MC-BOOTSTRAP/cpw.mods.modlauncher@11.0.2/cpw.mods.modlauncher.Launcher.main(Launcher.java:74) [modlauncher-11.0.2.jar%23126!/:?]
	at MC-BOOTSTRAP/cpw.mods.modlauncher@11.0.2/cpw.mods.modlauncher.BootstrapLaunchConsumer.accept(BootstrapLaunchConsumer.java:26) [modlauncher-11.0.2.jar%23126!/:?]
	at MC-BOOTSTRAP/cpw.mods.modlauncher@11.0.2/cpw.mods.modlauncher.BootstrapLaunchConsumer.accept(BootstrapLaunchConsumer.java:23) [modlauncher-11.0.2.jar%23126!/:?]
	at cpw.mods.bootstraplauncher@2.0.2/cpw.mods.bootstraplauncher.BootstrapLauncher.run(BootstrapLauncher.java:210) [bootstraplauncher-2.0.2.jar:?]
	at cpw.mods.bootstraplauncher@2.0.2/cpw.mods.bootstraplauncher.BootstrapLauncher.main(BootstrapLauncher.java:69) [bootstraplauncher-2.0.2.jar:?]
[27июл.2024 20:32:13.120] [Render thread/ERROR] [net.minecraft.world.item.crafting.RecipeManager/]: Parsing error loading recipe truedarkness:eridium_glass_recipe
com.google.gson.JsonParseException: No key tag in MapLike[{"item":"truedarkness:deleted_mod_element"}]; Unknown registry key in ResourceKey[minecraft:root / minecraft:item]: truedarkness:deleted_mod_element; Not a json array: {"item":"truedarkness:deleted_mod_element"}
	at MC-BOOTSTRAP/datafixerupper@7.0.14/com.mojang.serialization.DataResult$Error.getOrThrow(DataResult.java:275) ~[datafixerupper-7.0.14.jar%23119!/:?]
	at TRANSFORMER/minecraft@1.20.6/net.minecraft.world.item.crafting.RecipeManager.apply(RecipeManager.java:60) ~[neoforge-20.6.117.jar%23192!/:?]
	at TRANSFORMER/minecraft@1.20.6/net.minecraft.world.item.crafting.RecipeManager.apply(RecipeManager.java:36) ~[neoforge-20.6.117.jar%23192!/:?]
	at TRANSFORMER/minecraft@1.20.6/net.minecraft.server.packs.resources.SimplePreparableReloadListener.lambda$reload$1(SimplePreparableReloadListener.java:19) ~[neoforge-20.6.117.jar%23192!/:?]
	at java.base/java.util.concurrent.CompletableFuture$UniAccept.tryFire(CompletableFuture.java:718) ~[?:?]
	at java.base/java.util.concurrent.CompletableFuture$Completion.run(CompletableFuture.java:482) ~[?:?]
	at TRANSFORMER/minecraft@1.20.6/net.minecraft.server.packs.resources.SimpleReloadInstance.lambda$new$3(SimpleReloadInstance.java:86) ~[neoforge-20.6.117.jar%23192!/:?]
	at TRANSFORMER/minecraft@1.20.6/net.minecraft.util.thread.BlockableEventLoop.doRunTask(BlockableEventLoop.java:148) ~[neoforge-20.6.117.jar%23192!/:?]
	at TRANSFORMER/minecraft@1.20.6/net.minecraft.util.thread.ReentrantBlockableEventLoop.doRunTask(ReentrantBlockableEventLoop.java:24) ~[neoforge-20.6.117.jar%23192!/:?]
	at TRANSFORMER/minecraft@1.20.6/net.minecraft.util.thread.BlockableEventLoop.pollTask(BlockableEventLoop.java:122) ~[neoforge-20.6.117.jar%23192!/:?]
	at TRANSFORMER/minecraft@1.20.6/net.minecraft.util.thread.BlockableEventLoop.managedBlock(BlockableEventLoop.java:132) ~[neoforge-20.6.117.jar%23192!/:?]
	at TRANSFORMER/minecraft@1.20.6/net.minecraft.client.gui.screens.worldselection.CreateWorldScreen.openFresh(CreateWorldScreen.java:140) ~[neoforge-20.6.117.jar%23192!/:?]
	at TRANSFORMER/minecraft@1.20.6/net.minecraft.client.gui.screens.worldselection.WorldSelectionList.loadLevels(WorldSelectionList.java:192) ~[neoforge-20.6.117.jar%23192!/:?]
	at TRANSFORMER/minecraft@1.20.6/net.minecraft.client.gui.screens.worldselection.WorldSelectionList.reloadWorldList(WorldSelectionList.java:133) ~[neoforge-20.6.117.jar%23192!/:?]
	at TRANSFORMER/minecraft@1.20.6/net.minecraft.client.gui.screens.worldselection.WorldSelectionList$WorldListEntry.doDeleteWorld(WorldSelectionList.java:538) ~[neoforge-20.6.117.jar%23192!/:?]
	at TRANSFORMER/minecraft@1.20.6/net.minecraft.client.gui.screens.worldselection.WorldSelectionList$WorldListEntry.lambda$deleteWorld$2(WorldSelectionList.java:513) ~[neoforge-20.6.117.jar%23192!/:?]
	at TRANSFORMER/minecraft@1.20.6/net.minecraft.client.gui.screens.ConfirmScreen.lambda$addButtons$0(ConfirmScreen.java:53) ~[neoforge-20.6.117.jar%23192!/:?]
	at TRANSFORMER/minecraft@1.20.6/net.minecraft.client.gui.components.Button.onPress(Button.java:41) ~[neoforge-20.6.117.jar%23192!/:?]
	at TRANSFORMER/minecraft@1.20.6/net.minecraft.client.gui.components.AbstractButton.onClick(AbstractButton.java:45) ~[neoforge-20.6.117.jar%23192!/:?]
	at TRANSFORMER/neoforge@20.6.117/net.neoforged.neoforge.client.extensions.IAbstractWidgetExtension.onClick(IAbstractWidgetExtension.java:36) ~[neoforge-20.6.117.jar%23193!/:?]
	at TRANSFORMER/minecraft@1.20.6/net.minecraft.client.gui.components.AbstractWidget.mouseClicked(AbstractWidget.java:144) ~[neoforge-20.6.117.jar%23192!/:?]
	at TRANSFORMER/minecraft@1.20.6/net.minecraft.client.gui.components.events.ContainerEventHandler.mouseClicked(ContainerEventHandler.java:40) ~[neoforge-20.6.117.jar%23192!/:?]
	at TRANSFORMER/minecraft@1.20.6/net.minecraft.client.MouseHandler.lambda$onPress$0(MouseHandler.java:93) ~[neoforge-20.6.117.jar%23192!/:?]
	at TRANSFORMER/minecraft@1.20.6/net.minecraft.client.gui.screens.Screen.wrapScreenError(Screen.java:478) ~[neoforge-20.6.117.jar%23192!/:?]
	at TRANSFORMER/minecraft@1.20.6/net.minecraft.client.MouseHandler.onPress(MouseHandler.java:90) ~[neoforge-20.6.117.jar%23192!/:?]
	at TRANSFORMER/minecraft@1.20.6/net.minecraft.client.MouseHandler.lambda$setup$4(MouseHandler.java:193) ~[neoforge-20.6.117.jar%23192!/:?]
	at TRANSFORMER/minecraft@1.20.6/net.minecraft.util.thread.BlockableEventLoop.execute(BlockableEventLoop.java:98) ~[neoforge-20.6.117.jar%23192!/:?]
	at TRANSFORMER/minecraft@1.20.6/net.minecraft.client.MouseHandler.lambda$setup$5(MouseHandler.java:193) ~[neoforge-20.6.117.jar%23192!/:?]
	at MC-BOOTSTRAP/org.lwjgl.glfw@3.3.3+5/org.lwjgl.glfw.GLFWMouseButtonCallbackI.callback(GLFWMouseButtonCallbackI.java:43) ~[lwjgl-glfw-3.3.3.jar%23173!/:build 5]
	at MC-BOOTSTRAP/org.lwjgl@3.3.3+5/org.lwjgl.system.JNI.invokeV(Native Method) ~[lwjgl-3.3.3.jar%23184!/:build 5]
	at MC-BOOTSTRAP/org.lwjgl.glfw@3.3.3+5/org.lwjgl.glfw.GLFW.glfwWaitEventsTimeout(GLFW.java:3509) ~[lwjgl-glfw-3.3.3.jar%23173!/:build 5]
	at TRANSFORMER/minecraft@1.20.6/com.mojang.blaze3d.systems.RenderSystem.limitDisplayFPS(RenderSystem.java:205) ~[neoforge-20.6.117.jar%23192!/:?]
	at TRANSFORMER/minecraft@1.20.6/net.minecraft.client.Minecraft.runTick(Minecraft.java:1282) ~[neoforge-20.6.117.jar%23192!/:?]
	at TRANSFORMER/minecraft@1.20.6/net.minecraft.client.Minecraft.run(Minecraft.java:815) ~[neoforge-20.6.117.jar%23192!/:?]
	at TRANSFORMER/minecraft@1.20.6/net.minecraft.client.main.Main.main(Main.java:244) ~[neoforge-20.6.117.jar%23192!/:?]
	at java.base/jdk.internal.reflect.DirectMethodHandleAccessor.invoke(DirectMethodHandleAccessor.java:103) ~[?:?]
	at java.base/java.lang.reflect.Method.invoke(Method.java:580) ~[?:?]
	at MC-BOOTSTRAP/fml_loader@3.0.45/net.neoforged.fml.loading.targets.CommonLaunchHandler.runTarget(CommonLaunchHandler.java:136) ~[loader-3.0.45.jar%23145!/:3.0]
	at MC-BOOTSTRAP/fml_loader@3.0.45/net.neoforged.fml.loading.targets.CommonLaunchHandler.clientService(CommonLaunchHandler.java:124) ~[loader-3.0.45.jar%23145!/:3.0]
	at MC-BOOTSTRAP/fml_loader@3.0.45/net.neoforged.fml.loading.targets.NeoForgeClientUserdevLaunchHandler.runService(NeoForgeClientUserdevLaunchHandler.java:23) ~[loader-3.0.45.jar%23145!/:3.0]
	at MC-BOOTSTRAP/fml_loader@3.0.45/net.neoforged.fml.loading.targets.CommonLaunchHandler.lambda$launchService$4(CommonLaunchHandler.java:118) ~[loader-3.0.45.jar%23145!/:3.0]
	at MC-BOOTSTRAP/cpw.mods.modlauncher@11.0.2/cpw.mods.modlauncher.LaunchServiceHandlerDecorator.launch(LaunchServiceHandlerDecorator.java:30) [modlauncher-11.0.2.jar%23126!/:?]
	at MC-BOOTSTRAP/cpw.mods.modlauncher@11.0.2/cpw.mods.modlauncher.LaunchServiceHandler.launch(LaunchServiceHandler.java:53) [modlauncher-11.0.2.jar%23126!/:?]
	at MC-BOOTSTRAP/cpw.mods.modlauncher@11.0.2/cpw.mods.modlauncher.LaunchServiceHandler.launch(LaunchServiceHandler.java:71) [modlauncher-11.0.2.jar%23126!/:?]
	at MC-BOOTSTRAP/cpw.mods.modlauncher@11.0.2/cpw.mods.modlauncher.Launcher.run(Launcher.java:103) [modlauncher-11.0.2.jar%23126!/:?]
	at MC-BOOTSTRAP/cpw.mods.modlauncher@11.0.2/cpw.mods.modlauncher.Launcher.main(Launcher.java:74) [modlauncher-11.0.2.jar%23126!/:?]
	at MC-BOOTSTRAP/cpw.mods.modlauncher@11.0.2/cpw.mods.modlauncher.BootstrapLaunchConsumer.accept(BootstrapLaunchConsumer.java:26) [modlauncher-11.0.2.jar%23126!/:?]
	at MC-BOOTSTRAP/cpw.mods.modlauncher@11.0.2/cpw.mods.modlauncher.BootstrapLaunchConsumer.accept(BootstrapLaunchConsumer.java:23) [modlauncher-11.0.2.jar%23126!/:?]
	at cpw.mods.bootstraplauncher@2.0.2/cpw.mods.bootstraplauncher.BootstrapLauncher.run(BootstrapLauncher.java:210) [bootstraplauncher-2.0.2.jar:?]
	at cpw.mods.bootstraplauncher@2.0.2/cpw.mods.bootstraplauncher.BootstrapLauncher.main(BootstrapLauncher.java:69) [bootstraplauncher-2.0.2.jar:?]
[27июл.2024 20:32:13.130] [Render thread/ERROR] [net.minecraft.world.item.crafting.RecipeManager/]: Parsing error loading recipe truedarkness:aquamarine_mirror_recipe
com.google.gson.JsonParseException: Unknown registry key in ResourceKey[minecraft:root / minecraft:item]: truedarkness:deleted_mod_element
	at MC-BOOTSTRAP/datafixerupper@7.0.14/com.mojang.serialization.DataResult$Error.getOrThrow(DataResult.java:275) ~[datafixerupper-7.0.14.jar%23119!/:?]
	at TRANSFORMER/minecraft@1.20.6/net.minecraft.world.item.crafting.RecipeManager.apply(RecipeManager.java:60) ~[neoforge-20.6.117.jar%23192!/:?]
	at TRANSFORMER/minecraft@1.20.6/net.minecraft.world.item.crafting.RecipeManager.apply(RecipeManager.java:36) ~[neoforge-20.6.117.jar%23192!/:?]
	at TRANSFORMER/minecraft@1.20.6/net.minecraft.server.packs.resources.SimplePreparableReloadListener.lambda$reload$1(SimplePreparableReloadListener.java:19) ~[neoforge-20.6.117.jar%23192!/:?]
	at java.base/java.util.concurrent.CompletableFuture$UniAccept.tryFire(CompletableFuture.java:718) ~[?:?]
	at java.base/java.util.concurrent.CompletableFuture$Completion.run(CompletableFuture.java:482) ~[?:?]
	at TRANSFORMER/minecraft@1.20.6/net.minecraft.server.packs.resources.SimpleReloadInstance.lambda$new$3(SimpleReloadInstance.java:86) ~[neoforge-20.6.117.jar%23192!/:?]
	at TRANSFORMER/minecraft@1.20.6/net.minecraft.util.thread.BlockableEventLoop.doRunTask(BlockableEventLoop.java:148) ~[neoforge-20.6.117.jar%23192!/:?]
	at TRANSFORMER/minecraft@1.20.6/net.minecraft.util.thread.ReentrantBlockableEventLoop.doRunTask(ReentrantBlockableEventLoop.java:24) ~[neoforge-20.6.117.jar%23192!/:?]
	at TRANSFORMER/minecraft@1.20.6/net.minecraft.util.thread.BlockableEventLoop.pollTask(BlockableEventLoop.java:122) ~[neoforge-20.6.117.jar%23192!/:?]
	at TRANSFORMER/minecraft@1.20.6/net.minecraft.util.thread.BlockableEventLoop.managedBlock(BlockableEventLoop.java:132) ~[neoforge-20.6.117.jar%23192!/:?]
	at TRANSFORMER/minecraft@1.20.6/net.minecraft.client.gui.screens.worldselection.CreateWorldScreen.openFresh(CreateWorldScreen.java:140) ~[neoforge-20.6.117.jar%23192!/:?]
	at TRANSFORMER/minecraft@1.20.6/net.minecraft.client.gui.screens.worldselection.WorldSelectionList.loadLevels(WorldSelectionList.java:192) ~[neoforge-20.6.117.jar%23192!/:?]
	at TRANSFORMER/minecraft@1.20.6/net.minecraft.client.gui.screens.worldselection.WorldSelectionList.reloadWorldList(WorldSelectionList.java:133) ~[neoforge-20.6.117.jar%23192!/:?]
	at TRANSFORMER/minecraft@1.20.6/net.minecraft.client.gui.screens.worldselection.WorldSelectionList$WorldListEntry.doDeleteWorld(WorldSelectionList.java:538) ~[neoforge-20.6.117.jar%23192!/:?]
	at TRANSFORMER/minecraft@1.20.6/net.minecraft.client.gui.screens.worldselection.WorldSelectionList$WorldListEntry.lambda$deleteWorld$2(WorldSelectionList.java:513) ~[neoforge-20.6.117.jar%23192!/:?]
	at TRANSFORMER/minecraft@1.20.6/net.minecraft.client.gui.screens.ConfirmScreen.lambda$addButtons$0(ConfirmScreen.java:53) ~[neoforge-20.6.117.jar%23192!/:?]
	at TRANSFORMER/minecraft@1.20.6/net.minecraft.client.gui.components.Button.onPress(Button.java:41) ~[neoforge-20.6.117.jar%23192!/:?]
	at TRANSFORMER/minecraft@1.20.6/net.minecraft.client.gui.components.AbstractButton.onClick(AbstractButton.java:45) ~[neoforge-20.6.117.jar%23192!/:?]
	at TRANSFORMER/neoforge@20.6.117/net.neoforged.neoforge.client.extensions.IAbstractWidgetExtension.onClick(IAbstractWidgetExtension.java:36) ~[neoforge-20.6.117.jar%23193!/:?]
	at TRANSFORMER/minecraft@1.20.6/net.minecraft.client.gui.components.AbstractWidget.mouseClicked(AbstractWidget.java:144) ~[neoforge-20.6.117.jar%23192!/:?]
	at TRANSFORMER/minecraft@1.20.6/net.minecraft.client.gui.components.events.ContainerEventHandler.mouseClicked(ContainerEventHandler.java:40) ~[neoforge-20.6.117.jar%23192!/:?]
	at TRANSFORMER/minecraft@1.20.6/net.minecraft.client.MouseHandler.lambda$onPress$0(MouseHandler.java:93) ~[neoforge-20.6.117.jar%23192!/:?]
	at TRANSFORMER/minecraft@1.20.6/net.minecraft.client.gui.screens.Screen.wrapScreenError(Screen.java:478) ~[neoforge-20.6.117.jar%23192!/:?]
	at TRANSFORMER/minecraft@1.20.6/net.minecraft.client.MouseHandler.onPress(MouseHandler.java:90) ~[neoforge-20.6.117.jar%23192!/:?]
	at TRANSFORMER/minecraft@1.20.6/net.minecraft.client.MouseHandler.lambda$setup$4(MouseHandler.java:193) ~[neoforge-20.6.117.jar%23192!/:?]
	at TRANSFORMER/minecraft@1.20.6/net.minecraft.util.thread.BlockableEventLoop.execute(BlockableEventLoop.java:98) ~[neoforge-20.6.117.jar%23192!/:?]
	at TRANSFORMER/minecraft@1.20.6/net.minecraft.client.MouseHandler.lambda$setup$5(MouseHandler.java:193) ~[neoforge-20.6.117.jar%23192!/:?]
	at MC-BOOTSTRAP/org.lwjgl.glfw@3.3.3+5/org.lwjgl.glfw.GLFWMouseButtonCallbackI.callback(GLFWMouseButtonCallbackI.java:43) ~[lwjgl-glfw-3.3.3.jar%23173!/:build 5]
	at MC-BOOTSTRAP/org.lwjgl@3.3.3+5/org.lwjgl.system.JNI.invokeV(Native Method) ~[lwjgl-3.3.3.jar%23184!/:build 5]
	at MC-BOOTSTRAP/org.lwjgl.glfw@3.3.3+5/org.lwjgl.glfw.GLFW.glfwWaitEventsTimeout(GLFW.java:3509) ~[lwjgl-glfw-3.3.3.jar%23173!/:build 5]
	at TRANSFORMER/minecraft@1.20.6/com.mojang.blaze3d.systems.RenderSystem.limitDisplayFPS(RenderSystem.java:205) ~[neoforge-20.6.117.jar%23192!/:?]
	at TRANSFORMER/minecraft@1.20.6/net.minecraft.client.Minecraft.runTick(Minecraft.java:1282) ~[neoforge-20.6.117.jar%23192!/:?]
	at TRANSFORMER/minecraft@1.20.6/net.minecraft.client.Minecraft.run(Minecraft.java:815) ~[neoforge-20.6.117.jar%23192!/:?]
	at TRANSFORMER/minecraft@1.20.6/net.minecraft.client.main.Main.main(Main.java:244) ~[neoforge-20.6.117.jar%23192!/:?]
	at java.base/jdk.internal.reflect.DirectMethodHandleAccessor.invoke(DirectMethodHandleAccessor.java:103) ~[?:?]
	at java.base/java.lang.reflect.Method.invoke(Method.java:580) ~[?:?]
	at MC-BOOTSTRAP/fml_loader@3.0.45/net.neoforged.fml.loading.targets.CommonLaunchHandler.runTarget(CommonLaunchHandler.java:136) ~[loader-3.0.45.jar%23145!/:3.0]
	at MC-BOOTSTRAP/fml_loader@3.0.45/net.neoforged.fml.loading.targets.CommonLaunchHandler.clientService(CommonLaunchHandler.java:124) ~[loader-3.0.45.jar%23145!/:3.0]
	at MC-BOOTSTRAP/fml_loader@3.0.45/net.neoforged.fml.loading.targets.NeoForgeClientUserdevLaunchHandler.runService(NeoForgeClientUserdevLaunchHandler.java:23) ~[loader-3.0.45.jar%23145!/:3.0]
	at MC-BOOTSTRAP/fml_loader@3.0.45/net.neoforged.fml.loading.targets.CommonLaunchHandler.lambda$launchService$4(CommonLaunchHandler.java:118) ~[loader-3.0.45.jar%23145!/:3.0]
	at MC-BOOTSTRAP/cpw.mods.modlauncher@11.0.2/cpw.mods.modlauncher.LaunchServiceHandlerDecorator.launch(LaunchServiceHandlerDecorator.java:30) [modlauncher-11.0.2.jar%23126!/:?]
	at MC-BOOTSTRAP/cpw.mods.modlauncher@11.0.2/cpw.mods.modlauncher.LaunchServiceHandler.launch(LaunchServiceHandler.java:53) [modlauncher-11.0.2.jar%23126!/:?]
	at MC-BOOTSTRAP/cpw.mods.modlauncher@11.0.2/cpw.mods.modlauncher.LaunchServiceHandler.launch(LaunchServiceHandler.java:71) [modlauncher-11.0.2.jar%23126!/:?]
	at MC-BOOTSTRAP/cpw.mods.modlauncher@11.0.2/cpw.mods.modlauncher.Launcher.run(Launcher.java:103) [modlauncher-11.0.2.jar%23126!/:?]
	at MC-BOOTSTRAP/cpw.mods.modlauncher@11.0.2/cpw.mods.modlauncher.Launcher.main(Launcher.java:74) [modlauncher-11.0.2.jar%23126!/:?]
	at MC-BOOTSTRAP/cpw.mods.modlauncher@11.0.2/cpw.mods.modlauncher.BootstrapLaunchConsumer.accept(BootstrapLaunchConsumer.java:26) [modlauncher-11.0.2.jar%23126!/:?]
	at MC-BOOTSTRAP/cpw.mods.modlauncher@11.0.2/cpw.mods.modlauncher.BootstrapLaunchConsumer.accept(BootstrapLaunchConsumer.java:23) [modlauncher-11.0.2.jar%23126!/:?]
	at cpw.mods.bootstraplauncher@2.0.2/cpw.mods.bootstraplauncher.BootstrapLauncher.run(BootstrapLauncher.java:210) [bootstraplauncher-2.0.2.jar:?]
	at cpw.mods.bootstraplauncher@2.0.2/cpw.mods.bootstraplauncher.BootstrapLauncher.main(BootstrapLauncher.java:69) [bootstraplauncher-2.0.2.jar:?]
[27июл.2024 20:32:13.140] [Render thread/ERROR] [net.minecraft.world.item.crafting.RecipeManager/]: Parsing error loading recipe truedarkness:swamp_salat_recipe
com.google.gson.JsonParseException: Unknown registry key in ResourceKey[minecraft:root / minecraft:item]: truedarkness:deleted_mod_element
	at MC-BOOTSTRAP/datafixerupper@7.0.14/com.mojang.serialization.DataResult$Error.getOrThrow(DataResult.java:275) ~[datafixerupper-7.0.14.jar%23119!/:?]
	at TRANSFORMER/minecraft@1.20.6/net.minecraft.world.item.crafting.RecipeManager.apply(RecipeManager.java:60) ~[neoforge-20.6.117.jar%23192!/:?]
	at TRANSFORMER/minecraft@1.20.6/net.minecraft.world.item.crafting.RecipeManager.apply(RecipeManager.java:36) ~[neoforge-20.6.117.jar%23192!/:?]
	at TRANSFORMER/minecraft@1.20.6/net.minecraft.server.packs.resources.SimplePreparableReloadListener.lambda$reload$1(SimplePreparableReloadListener.java:19) ~[neoforge-20.6.117.jar%23192!/:?]
	at java.base/java.util.concurrent.CompletableFuture$UniAccept.tryFire(CompletableFuture.java:718) ~[?:?]
	at java.base/java.util.concurrent.CompletableFuture$Completion.run(CompletableFuture.java:482) ~[?:?]
	at TRANSFORMER/minecraft@1.20.6/net.minecraft.server.packs.resources.SimpleReloadInstance.lambda$new$3(SimpleReloadInstance.java:86) ~[neoforge-20.6.117.jar%23192!/:?]
	at TRANSFORMER/minecraft@1.20.6/net.minecraft.util.thread.BlockableEventLoop.doRunTask(BlockableEventLoop.java:148) ~[neoforge-20.6.117.jar%23192!/:?]
	at TRANSFORMER/minecraft@1.20.6/net.minecraft.util.thread.ReentrantBlockableEventLoop.doRunTask(ReentrantBlockableEventLoop.java:24) ~[neoforge-20.6.117.jar%23192!/:?]
	at TRANSFORMER/minecraft@1.20.6/net.minecraft.util.thread.BlockableEventLoop.pollTask(BlockableEventLoop.java:122) ~[neoforge-20.6.117.jar%23192!/:?]
	at TRANSFORMER/minecraft@1.20.6/net.minecraft.util.thread.BlockableEventLoop.managedBlock(BlockableEventLoop.java:132) ~[neoforge-20.6.117.jar%23192!/:?]
	at TRANSFORMER/minecraft@1.20.6/net.minecraft.client.gui.screens.worldselection.CreateWorldScreen.openFresh(CreateWorldScreen.java:140) ~[neoforge-20.6.117.jar%23192!/:?]
	at TRANSFORMER/minecraft@1.20.6/net.minecraft.client.gui.screens.worldselection.WorldSelectionList.loadLevels(WorldSelectionList.java:192) ~[neoforge-20.6.117.jar%23192!/:?]
	at TRANSFORMER/minecraft@1.20.6/net.minecraft.client.gui.screens.worldselection.WorldSelectionList.reloadWorldList(WorldSelectionList.java:133) ~[neoforge-20.6.117.jar%23192!/:?]
	at TRANSFORMER/minecraft@1.20.6/net.minecraft.client.gui.screens.worldselection.WorldSelectionList$WorldListEntry.doDeleteWorld(WorldSelectionList.java:538) ~[neoforge-20.6.117.jar%23192!/:?]
	at TRANSFORMER/minecraft@1.20.6/net.minecraft.client.gui.screens.worldselection.WorldSelectionList$WorldListEntry.lambda$deleteWorld$2(WorldSelectionList.java:513) ~[neoforge-20.6.117.jar%23192!/:?]
	at TRANSFORMER/minecraft@1.20.6/net.minecraft.client.gui.screens.ConfirmScreen.lambda$addButtons$0(ConfirmScreen.java:53) ~[neoforge-20.6.117.jar%23192!/:?]
	at TRANSFORMER/minecraft@1.20.6/net.minecraft.client.gui.components.Button.onPress(Button.java:41) ~[neoforge-20.6.117.jar%23192!/:?]
	at TRANSFORMER/minecraft@1.20.6/net.minecraft.client.gui.components.AbstractButton.onClick(AbstractButton.java:45) ~[neoforge-20.6.117.jar%23192!/:?]
	at TRANSFORMER/neoforge@20.6.117/net.neoforged.neoforge.client.extensions.IAbstractWidgetExtension.onClick(IAbstractWidgetExtension.java:36) ~[neoforge-20.6.117.jar%23193!/:?]
	at TRANSFORMER/minecraft@1.20.6/net.minecraft.client.gui.components.AbstractWidget.mouseClicked(AbstractWidget.java:144) ~[neoforge-20.6.117.jar%23192!/:?]
	at TRANSFORMER/minecraft@1.20.6/net.minecraft.client.gui.components.events.ContainerEventHandler.mouseClicked(ContainerEventHandler.java:40) ~[neoforge-20.6.117.jar%23192!/:?]
	at TRANSFORMER/minecraft@1.20.6/net.minecraft.client.MouseHandler.lambda$onPress$0(MouseHandler.java:93) ~[neoforge-20.6.117.jar%23192!/:?]
	at TRANSFORMER/minecraft@1.20.6/net.minecraft.client.gui.screens.Screen.wrapScreenError(Screen.java:478) ~[neoforge-20.6.117.jar%23192!/:?]
	at TRANSFORMER/minecraft@1.20.6/net.minecraft.client.MouseHandler.onPress(MouseHandler.java:90) ~[neoforge-20.6.117.jar%23192!/:?]
	at TRANSFORMER/minecraft@1.20.6/net.minecraft.client.MouseHandler.lambda$setup$4(MouseHandler.java:193) ~[neoforge-20.6.117.jar%23192!/:?]
	at TRANSFORMER/minecraft@1.20.6/net.minecraft.util.thread.BlockableEventLoop.execute(BlockableEventLoop.java:98) ~[neoforge-20.6.117.jar%23192!/:?]
	at TRANSFORMER/minecraft@1.20.6/net.minecraft.client.MouseHandler.lambda$setup$5(MouseHandler.java:193) ~[neoforge-20.6.117.jar%23192!/:?]
	at MC-BOOTSTRAP/org.lwjgl.glfw@3.3.3+5/org.lwjgl.glfw.GLFWMouseButtonCallbackI.callback(GLFWMouseButtonCallbackI.java:43) ~[lwjgl-glfw-3.3.3.jar%23173!/:build 5]
	at MC-BOOTSTRAP/org.lwjgl@3.3.3+5/org.lwjgl.system.JNI.invokeV(Native Method) ~[lwjgl-3.3.3.jar%23184!/:build 5]
	at MC-BOOTSTRAP/org.lwjgl.glfw@3.3.3+5/org.lwjgl.glfw.GLFW.glfwWaitEventsTimeout(GLFW.java:3509) ~[lwjgl-glfw-3.3.3.jar%23173!/:build 5]
	at TRANSFORMER/minecraft@1.20.6/com.mojang.blaze3d.systems.RenderSystem.limitDisplayFPS(RenderSystem.java:205) ~[neoforge-20.6.117.jar%23192!/:?]
	at TRANSFORMER/minecraft@1.20.6/net.minecraft.client.Minecraft.runTick(Minecraft.java:1282) ~[neoforge-20.6.117.jar%23192!/:?]
	at TRANSFORMER/minecraft@1.20.6/net.minecraft.client.Minecraft.run(Minecraft.java:815) ~[neoforge-20.6.117.jar%23192!/:?]
	at TRANSFORMER/minecraft@1.20.6/net.minecraft.client.main.Main.main(Main.java:244) ~[neoforge-20.6.117.jar%23192!/:?]
	at java.base/jdk.internal.reflect.DirectMethodHandleAccessor.invoke(DirectMethodHandleAccessor.java:103) ~[?:?]
	at java.base/java.lang.reflect.Method.invoke(Method.java:580) ~[?:?]
	at MC-BOOTSTRAP/fml_loader@3.0.45/net.neoforged.fml.loading.targets.CommonLaunchHandler.runTarget(CommonLaunchHandler.java:136) ~[loader-3.0.45.jar%23145!/:3.0]
	at MC-BOOTSTRAP/fml_loader@3.0.45/net.neoforged.fml.loading.targets.CommonLaunchHandler.clientService(CommonLaunchHandler.java:124) ~[loader-3.0.45.jar%23145!/:3.0]
	at MC-BOOTSTRAP/fml_loader@3.0.45/net.neoforged.fml.loading.targets.NeoForgeClientUserdevLaunchHandler.runService(NeoForgeClientUserdevLaunchHandler.java:23) ~[loader-3.0.45.jar%23145!/:3.0]
	at MC-BOOTSTRAP/fml_loader@3.0.45/net.neoforged.fml.loading.targets.CommonLaunchHandler.lambda$launchService$4(CommonLaunchHandler.java:118) ~[loader-3.0.45.jar%23145!/:3.0]
	at MC-BOOTSTRAP/cpw.mods.modlauncher@11.0.2/cpw.mods.modlauncher.LaunchServiceHandlerDecorator.launch(LaunchServiceHandlerDecorator.java:30) [modlauncher-11.0.2.jar%23126!/:?]
	at MC-BOOTSTRAP/cpw.mods.modlauncher@11.0.2/cpw.mods.modlauncher.LaunchServiceHandler.launch(LaunchServiceHandler.java:53) [modlauncher-11.0.2.jar%23126!/:?]
	at MC-BOOTSTRAP/cpw.mods.modlauncher@11.0.2/cpw.mods.modlauncher.LaunchServiceHandler.launch(LaunchServiceHandler.java:71) [modlauncher-11.0.2.jar%23126!/:?]
	at MC-BOOTSTRAP/cpw.mods.modlauncher@11.0.2/cpw.mods.modlauncher.Launcher.run(Launcher.java:103) [modlauncher-11.0.2.jar%23126!/:?]
	at MC-BOOTSTRAP/cpw.mods.modlauncher@11.0.2/cpw.mods.modlauncher.Launcher.main(Launcher.java:74) [modlauncher-11.0.2.jar%23126!/:?]
	at MC-BOOTSTRAP/cpw.mods.modlauncher@11.0.2/cpw.mods.modlauncher.BootstrapLaunchConsumer.accept(BootstrapLaunchConsumer.java:26) [modlauncher-11.0.2.jar%23126!/:?]
	at MC-BOOTSTRAP/cpw.mods.modlauncher@11.0.2/cpw.mods.modlauncher.BootstrapLaunchConsumer.accept(BootstrapLaunchConsumer.java:23) [modlauncher-11.0.2.jar%23126!/:?]
	at cpw.mods.bootstraplauncher@2.0.2/cpw.mods.bootstraplauncher.BootstrapLauncher.run(BootstrapLauncher.java:210) [bootstraplauncher-2.0.2.jar:?]
	at cpw.mods.bootstraplauncher@2.0.2/cpw.mods.bootstraplauncher.BootstrapLauncher.main(BootstrapLauncher.java:69) [bootstraplauncher-2.0.2.jar:?]
[27июл.2024 20:32:13.149] [Render thread/ERROR] [net.minecraft.world.item.crafting.RecipeManager/]: Parsing error loading recipe truedarkness:mycelium_log_recipe
com.google.gson.JsonParseException: Unknown registry key in ResourceKey[minecraft:root / minecraft:item]: truedarkness:deleted_mod_element
	at MC-BOOTSTRAP/datafixerupper@7.0.14/com.mojang.serialization.DataResult$Error.getOrThrow(DataResult.java:275) ~[datafixerupper-7.0.14.jar%23119!/:?]
	at TRANSFORMER/minecraft@1.20.6/net.minecraft.world.item.crafting.RecipeManager.apply(RecipeManager.java:60) ~[neoforge-20.6.117.jar%23192!/:?]
	at TRANSFORMER/minecraft@1.20.6/net.minecraft.world.item.crafting.RecipeManager.apply(RecipeManager.java:36) ~[neoforge-20.6.117.jar%23192!/:?]
	at TRANSFORMER/minecraft@1.20.6/net.minecraft.server.packs.resources.SimplePreparableReloadListener.lambda$reload$1(SimplePreparableReloadListener.java:19) ~[neoforge-20.6.117.jar%23192!/:?]
	at java.base/java.util.concurrent.CompletableFuture$UniAccept.tryFire(CompletableFuture.java:718) ~[?:?]
	at java.base/java.util.concurrent.CompletableFuture$Completion.run(CompletableFuture.java:482) ~[?:?]
	at TRANSFORMER/minecraft@1.20.6/net.minecraft.server.packs.resources.SimpleReloadInstance.lambda$new$3(SimpleReloadInstance.java:86) ~[neoforge-20.6.117.jar%23192!/:?]
	at TRANSFORMER/minecraft@1.20.6/net.minecraft.util.thread.BlockableEventLoop.doRunTask(BlockableEventLoop.java:148) ~[neoforge-20.6.117.jar%23192!/:?]
	at TRANSFORMER/minecraft@1.20.6/net.minecraft.util.thread.ReentrantBlockableEventLoop.doRunTask(ReentrantBlockableEventLoop.java:24) ~[neoforge-20.6.117.jar%23192!/:?]
	at TRANSFORMER/minecraft@1.20.6/net.minecraft.util.thread.BlockableEventLoop.pollTask(BlockableEventLoop.java:122) ~[neoforge-20.6.117.jar%23192!/:?]
	at TRANSFORMER/minecraft@1.20.6/net.minecraft.util.thread.BlockableEventLoop.managedBlock(BlockableEventLoop.java:132) ~[neoforge-20.6.117.jar%23192!/:?]
	at TRANSFORMER/minecraft@1.20.6/net.minecraft.client.gui.screens.worldselection.CreateWorldScreen.openFresh(CreateWorldScreen.java:140) ~[neoforge-20.6.117.jar%23192!/:?]
	at TRANSFORMER/minecraft@1.20.6/net.minecraft.client.gui.screens.worldselection.WorldSelectionList.loadLevels(WorldSelectionList.java:192) ~[neoforge-20.6.117.jar%23192!/:?]
	at TRANSFORMER/minecraft@1.20.6/net.minecraft.client.gui.screens.worldselection.WorldSelectionList.reloadWorldList(WorldSelectionList.java:133) ~[neoforge-20.6.117.jar%23192!/:?]
	at TRANSFORMER/minecraft@1.20.6/net.minecraft.client.gui.screens.worldselection.WorldSelectionList$WorldListEntry.doDeleteWorld(WorldSelectionList.java:538) ~[neoforge-20.6.117.jar%23192!/:?]
	at TRANSFORMER/minecraft@1.20.6/net.minecraft.client.gui.screens.worldselection.WorldSelectionList$WorldListEntry.lambda$deleteWorld$2(WorldSelectionList.java:513) ~[neoforge-20.6.117.jar%23192!/:?]
	at TRANSFORMER/minecraft@1.20.6/net.minecraft.client.gui.screens.ConfirmScreen.lambda$addButtons$0(ConfirmScreen.java:53) ~[neoforge-20.6.117.jar%23192!/:?]
	at TRANSFORMER/minecraft@1.20.6/net.minecraft.client.gui.components.Button.onPress(Button.java:41) ~[neoforge-20.6.117.jar%23192!/:?]
	at TRANSFORMER/minecraft@1.20.6/net.minecraft.client.gui.components.AbstractButton.onClick(AbstractButton.java:45) ~[neoforge-20.6.117.jar%23192!/:?]
	at TRANSFORMER/neoforge@20.6.117/net.neoforged.neoforge.client.extensions.IAbstractWidgetExtension.onClick(IAbstractWidgetExtension.java:36) ~[neoforge-20.6.117.jar%23193!/:?]
	at TRANSFORMER/minecraft@1.20.6/net.minecraft.client.gui.components.AbstractWidget.mouseClicked(AbstractWidget.java:144) ~[neoforge-20.6.117.jar%23192!/:?]
	at TRANSFORMER/minecraft@1.20.6/net.minecraft.client.gui.components.events.ContainerEventHandler.mouseClicked(ContainerEventHandler.java:40) ~[neoforge-20.6.117.jar%23192!/:?]
	at TRANSFORMER/minecraft@1.20.6/net.minecraft.client.MouseHandler.lambda$onPress$0(MouseHandler.java:93) ~[neoforge-20.6.117.jar%23192!/:?]
	at TRANSFORMER/minecraft@1.20.6/net.minecraft.client.gui.screens.Screen.wrapScreenError(Screen.java:478) ~[neoforge-20.6.117.jar%23192!/:?]
	at TRANSFORMER/minecraft@1.20.6/net.minecraft.client.MouseHandler.onPress(MouseHandler.java:90) ~[neoforge-20.6.117.jar%23192!/:?]
	at TRANSFORMER/minecraft@1.20.6/net.minecraft.client.MouseHandler.lambda$setup$4(MouseHandler.java:193) ~[neoforge-20.6.117.jar%23192!/:?]
	at TRANSFORMER/minecraft@1.20.6/net.minecraft.util.thread.BlockableEventLoop.execute(BlockableEventLoop.java:98) ~[neoforge-20.6.117.jar%23192!/:?]
	at TRANSFORMER/minecraft@1.20.6/net.minecraft.client.MouseHandler.lambda$setup$5(MouseHandler.java:193) ~[neoforge-20.6.117.jar%23192!/:?]
	at MC-BOOTSTRAP/org.lwjgl.glfw@3.3.3+5/org.lwjgl.glfw.GLFWMouseButtonCallbackI.callback(GLFWMouseButtonCallbackI.java:43) ~[lwjgl-glfw-3.3.3.jar%23173!/:build 5]
	at MC-BOOTSTRAP/org.lwjgl@3.3.3+5/org.lwjgl.system.JNI.invokeV(Native Method) ~[lwjgl-3.3.3.jar%23184!/:build 5]
	at MC-BOOTSTRAP/org.lwjgl.glfw@3.3.3+5/org.lwjgl.glfw.GLFW.glfwWaitEventsTimeout(GLFW.java:3509) ~[lwjgl-glfw-3.3.3.jar%23173!/:build 5]
	at TRANSFORMER/minecraft@1.20.6/com.mojang.blaze3d.systems.RenderSystem.limitDisplayFPS(RenderSystem.java:205) ~[neoforge-20.6.117.jar%23192!/:?]
	at TRANSFORMER/minecraft@1.20.6/net.minecraft.client.Minecraft.runTick(Minecraft.java:1282) ~[neoforge-20.6.117.jar%23192!/:?]
	at TRANSFORMER/minecraft@1.20.6/net.minecraft.client.Minecraft.run(Minecraft.java:815) ~[neoforge-20.6.117.jar%23192!/:?]
	at TRANSFORMER/minecraft@1.20.6/net.minecraft.client.main.Main.main(Main.java:244) ~[neoforge-20.6.117.jar%23192!/:?]
	at java.base/jdk.internal.reflect.DirectMethodHandleAccessor.invoke(DirectMethodHandleAccessor.java:103) ~[?:?]
	at java.base/java.lang.reflect.Method.invoke(Method.java:580) ~[?:?]
	at MC-BOOTSTRAP/fml_loader@3.0.45/net.neoforged.fml.loading.targets.CommonLaunchHandler.runTarget(CommonLaunchHandler.java:136) ~[loader-3.0.45.jar%23145!/:3.0]
	at MC-BOOTSTRAP/fml_loader@3.0.45/net.neoforged.fml.loading.targets.CommonLaunchHandler.clientService(CommonLaunchHandler.java:124) ~[loader-3.0.45.jar%23145!/:3.0]
	at MC-BOOTSTRAP/fml_loader@3.0.45/net.neoforged.fml.loading.targets.NeoForgeClientUserdevLaunchHandler.runService(NeoForgeClientUserdevLaunchHandler.java:23) ~[loader-3.0.45.jar%23145!/:3.0]
	at MC-BOOTSTRAP/fml_loader@3.0.45/net.neoforged.fml.loading.targets.CommonLaunchHandler.lambda$launchService$4(CommonLaunchHandler.java:118) ~[loader-3.0.45.jar%23145!/:3.0]
	at MC-BOOTSTRAP/cpw.mods.modlauncher@11.0.2/cpw.mods.modlauncher.LaunchServiceHandlerDecorator.launch(LaunchServiceHandlerDecorator.java:30) [modlauncher-11.0.2.jar%23126!/:?]
	at MC-BOOTSTRAP/cpw.mods.modlauncher@11.0.2/cpw.mods.modlauncher.LaunchServiceHandler.launch(LaunchServiceHandler.java:53) [modlauncher-11.0.2.jar%23126!/:?]
	at MC-BOOTSTRAP/cpw.mods.modlauncher@11.0.2/cpw.mods.modlauncher.LaunchServiceHandler.launch(LaunchServiceHandler.java:71) [modlauncher-11.0.2.jar%23126!/:?]
	at MC-BOOTSTRAP/cpw.mods.modlauncher@11.0.2/cpw.mods.modlauncher.Launcher.run(Launcher.java:103) [modlauncher-11.0.2.jar%23126!/:?]
	at MC-BOOTSTRAP/cpw.mods.modlauncher@11.0.2/cpw.mods.modlauncher.Launcher.main(Launcher.java:74) [modlauncher-11.0.2.jar%23126!/:?]
	at MC-BOOTSTRAP/cpw.mods.modlauncher@11.0.2/cpw.mods.modlauncher.BootstrapLaunchConsumer.accept(BootstrapLaunchConsumer.java:26) [modlauncher-11.0.2.jar%23126!/:?]
	at MC-BOOTSTRAP/cpw.mods.modlauncher@11.0.2/cpw.mods.modlauncher.BootstrapLaunchConsumer.accept(BootstrapLaunchConsumer.java:23) [modlauncher-11.0.2.jar%23126!/:?]
	at cpw.mods.bootstraplauncher@2.0.2/cpw.mods.bootstraplauncher.BootstrapLauncher.run(BootstrapLauncher.java:210) [bootstraplauncher-2.0.2.jar:?]
	at cpw.mods.bootstraplauncher@2.0.2/cpw.mods.bootstraplauncher.BootstrapLauncher.main(BootstrapLauncher.java:69) [bootstraplauncher-2.0.2.jar:?]
[27июл.2024 20:32:13.152] [Render thread/INFO] [net.minecraft.world.item.crafting.RecipeManager/]: Loaded 1606 recipes
[27июл.2024 20:32:13.342] [Render thread/INFO] [net.minecraft.advancements.AdvancementTree/]: Loaded 1344 advancements
[27июл.2024 20:32:13.347] [Render thread/DEBUG] [Curios API/]: Skipping loading slot curiostest:test_slot as its conditions were not met
[27июл.2024 20:32:13.348] [Render thread/INFO] [Curios API/]: Loaded 10 curio slots
[27июл.2024 20:32:13.351] [Render thread/INFO] [Curios API/]: Loaded 2 curio entities
[27июл.2024 20:32:14.178] [Render thread/INFO] [mezz.jei.neoforge.startup.StartEventObserver/]: JEI StartEventObserver received class net.neoforged.neoforge.event.TagsUpdatedEvent too early, ignoring
[27июл.2024 20:32:17.061] [Render thread/DEBUG] [net.neoforged.neoforge.common.CommonHooks/WP]: Gathered mod list to write to world save Новый мир
[27июл.2024 20:32:17.127] [Server thread/INFO] [net.minecraft.client.server.IntegratedServer/]: Starting integrated minecraft server version 1.20.6
[27июл.2024 20:32:17.127] [Server thread/INFO] [net.minecraft.server.MinecraftServer/]: Generating keypair
[27июл.2024 20:32:17.201] [Server thread/DEBUG] [net.neoforged.fml.config.ConfigTracker/CONFIG]: Loading configs type SERVER
[27июл.2024 20:32:17.202] [Server thread/DEBUG] [net.neoforged.fml.config.ConfigFileTypeHandler/CONFIG]: Built TOML config for G:\P MCreator\Workspace\truedarkness — копия\runs\client\config\jei-server.toml
[27июл.2024 20:32:17.203] [Server thread/DEBUG] [net.neoforged.fml.config.ConfigFileTypeHandler/CONFIG]: Loaded TOML config file G:\P MCreator\Workspace\truedarkness — копия\runs\client\config\jei-server.toml
[27июл.2024 20:32:17.203] [Server thread/DEBUG] [net.neoforged.fml.config.ConfigFileTypeHandler/CONFIG]: Watching TOML config file G:\P MCreator\Workspace\truedarkness — копия\runs\client\config\jei-server.toml for changes
[27июл.2024 20:32:17.204] [Server thread/DEBUG] [net.neoforged.fml.config.ConfigFileTypeHandler/CONFIG]: Built TOML config for G:\P MCreator\Workspace\truedarkness — копия\runs\client\config\neoforge-server.toml
[27июл.2024 20:32:17.205] [Server thread/DEBUG] [net.neoforged.fml.config.ConfigFileTypeHandler/CONFIG]: Loaded TOML config file G:\P MCreator\Workspace\truedarkness — копия\runs\client\config\neoforge-server.toml
[27июл.2024 20:32:17.206] [Server thread/DEBUG] [net.neoforged.fml.config.ConfigFileTypeHandler/CONFIG]: Watching TOML config file G:\P MCreator\Workspace\truedarkness — копия\runs\client\config\neoforge-server.toml for changes
[27июл.2024 20:32:17.206] [Server thread/DEBUG] [net.neoforged.neoforge.common.NeoForgeConfig/FORGEMOD]: Loaded NeoForge config file neoforge-server.toml
[27июл.2024 20:32:17.207] [Server thread/DEBUG] [net.neoforged.fml.config.ConfigFileTypeHandler/CONFIG]: Built TOML config for G:\P MCreator\Workspace\truedarkness — копия\runs\client\config\curios-server.toml
[27июл.2024 20:32:17.212] [Server thread/DEBUG] [net.neoforged.fml.config.ConfigFileTypeHandler/CONFIG]: Loaded TOML config file G:\P MCreator\Workspace\truedarkness — копия\runs\client\config\curios-server.toml
[27июл.2024 20:32:17.212] [Server thread/DEBUG] [net.neoforged.fml.config.ConfigFileTypeHandler/CONFIG]: Watching TOML config file G:\P MCreator\Workspace\truedarkness — копия\runs\client\config\curios-server.toml for changes
[27июл.2024 20:32:17.326] [Server thread/DEBUG] [net.neoforged.coremod.transformer.CoreModBaseTransformer/COREMOD]: Transforming net/minecraft/world/level/levelgen/PhantomSpawner
[27июл.2024 20:32:17.330] [Server thread/DEBUG] [net.neoforged.coremod.transformer.CoreModBaseTransformer/COREMOD]: Transforming net/minecraft/world/level/levelgen/PatrolSpawner
[27июл.2024 20:32:17.334] [Server thread/DEBUG] [net.neoforged.coremod.transformer.CoreModBaseTransformer/COREMOD]: Transforming net/minecraft/world/entity/npc/CatSpawner
[27июл.2024 20:32:17.336] [Server thread/DEBUG] [net.neoforged.coremod.transformer.CoreModBaseTransformer/COREMOD]: Transforming net/minecraft/world/entity/ai/village/VillageSiege
[27июл.2024 20:32:18.545] [worldgen/DEBUG] [net.neoforged.coremod.transformer.CoreModBaseTransformer/COREMOD]: Transforming net/minecraft/world/level/levelgen/structure/templatesystem/StructureTemplate
[27июл.2024 20:32:20.322] [worldgen/DEBUG] [net.neoforged.coremod.transformer.CoreModBaseTransformer/COREMOD]: Transforming net/minecraft/world/level/NaturalSpawner
[27июл.2024 20:32:20.371] [Server thread/INFO] [net.minecraft.server.MinecraftServer/]: Preparing start region for dimension minecraft:overworld
[27июл.2024 20:32:20.462] [progressListener/INFO] [net.minecraft.server.level.progress.LoggerChunkProgressListener/]: Подготовка области возрождения: 2%
[27июл.2024 20:32:20.945] [progressListener/INFO] [net.minecraft.server.level.progress.LoggerChunkProgressListener/]: Подготовка области возрождения: 2%
[27июл.2024 20:32:21.378] [progressListener/INFO] [net.minecraft.server.level.progress.LoggerChunkProgressListener/]: Подготовка области возрождения: 8%
[27июл.2024 20:32:21.882] [progressListener/INFO] [net.minecraft.server.level.progress.LoggerChunkProgressListener/]: Подготовка области возрождения: 18%
[27июл.2024 20:32:22.406] [progressListener/INFO] [net.minecraft.server.level.progress.LoggerChunkProgressListener/]: Подготовка области возрождения: 26%
[27июл.2024 20:32:22.820] [worldgen/DEBUG] [io.netty.util.internal.ThreadLocalRandom/]: -Dio.netty.initialSeedUniquifier: 0xade244c974fce758
[27июл.2024 20:32:22.879] [progressListener/INFO] [net.minecraft.server.level.progress.LoggerChunkProgressListener/]: Подготовка области возрождения: 48%
[27июл.2024 20:32:23.387] [progressListener/INFO] [net.minecraft.server.level.progress.LoggerChunkProgressListener/]: Подготовка области возрождения: 57%
[27июл.2024 20:32:23.894] [progressListener/INFO] [net.minecraft.server.level.progress.LoggerChunkProgressListener/]: Подготовка области возрождения: 69%
[27июл.2024 20:32:24.291] [Server thread/INFO] [net.neoforged.neoforge.server.permission.PermissionAPI/]: Successfully initialized permission handler neoforge:default_handler
[27июл.2024 20:32:24.292] [Server thread/WARN] [net.neoforged.neoforge.common.TagConventionLogWarning/]: 
   Dev warning - Legacy Tags detected. Please migrate your 'forge' namespace tags to the 'c' namespace! See net.neoforged.neoforge.common.Tags.java for all tags.
   NOTE: Many tags have been moved around or renamed. Some new ones were added so please review the new tags.
    And make sure you follow tag conventions for new tags! The convention is `c` with nouns generally being plural and adjectives being singular.
   You can disable this message in NeoForge's common config by setting `logLegacyTagWarnings` to "SILENCED" or see individual tags with "DEV_VERBOSE".

[27июл.2024 20:32:24.299] [progressListener/INFO] [net.minecraft.server.level.progress.LoggerChunkProgressListener/]: Time elapsed: 3922 ms
[27июл.2024 20:32:24.312] [Server thread/INFO] [net.minecraft.client.server.IntegratedServer/]: Changing view distance to 5, from 10
[27июл.2024 20:32:24.313] [Server thread/INFO] [net.minecraft.client.server.IntegratedServer/]: Changing simulation distance to 12, from 0
[27июл.2024 20:32:24.357] [Render thread/DEBUG] [io.netty.channel.MultithreadEventLoopGroup/]: -Dio.netty.eventLoopThreads: 24
[27июл.2024 20:32:24.366] [Render thread/DEBUG] [io.netty.util.concurrent.GlobalEventExecutor/]: -Dio.netty.globalEventExecutor.quietPeriodSeconds: 1
[27июл.2024 20:32:24.374] [Render thread/DEBUG] [io.netty.channel.nio.NioEventLoop/]: -Dio.netty.noKeySetOptimization: false
[27июл.2024 20:32:24.374] [Render thread/DEBUG] [io.netty.channel.nio.NioEventLoop/]: -Dio.netty.selectorAutoRebuildThreshold: 512
[27июл.2024 20:32:24.379] [Render thread/DEBUG] [io.netty.util.internal.PlatformDependent/]: org.jctools-core.MpscChunkedArrayQueue: available
[27июл.2024 20:32:24.409] [Render thread/DEBUG] [io.netty.channel.DefaultChannelId/]: -Dio.netty.processId: 13400 (auto-detected)
[27июл.2024 20:32:24.410] [Render thread/DEBUG] [io.netty.util.NetUtil/]: -Djava.net.preferIPv4Stack: false
[27июл.2024 20:32:24.410] [Render thread/DEBUG] [io.netty.util.NetUtil/]: -Djava.net.preferIPv6Addresses: system
[27июл.2024 20:32:24.411] [Render thread/DEBUG] [io.netty.util.NetUtilInitializations/]: Loopback interface: loopback_0 (Software Loopback Interface 1, 0:0:0:0:0:0:0:1)
[27июл.2024 20:32:24.413] [Render thread/DEBUG] [io.netty.util.NetUtil/]: Failed to get SOMAXCONN from sysctl and file \proc\sys\net\core\somaxconn. Default: 200
[27июл.2024 20:32:24.414] [Render thread/DEBUG] [io.netty.channel.DefaultChannelId/]: -Dio.netty.machineId: 00:00:00:00:00:00:00:e0 (auto-detected)
[27июл.2024 20:32:24.466] [Render thread/DEBUG] [io.netty.util.Recycler/]: -Dio.netty.recycler.maxCapacityPerThread: 4096
[27июл.2024 20:32:24.466] [Render thread/DEBUG] [io.netty.util.Recycler/]: -Dio.netty.recycler.ratio: 8
[27июл.2024 20:32:24.466] [Render thread/DEBUG] [io.netty.util.Recycler/]: -Dio.netty.recycler.chunkSize: 32
[27июл.2024 20:32:24.466] [Render thread/DEBUG] [io.netty.util.Recycler/]: -Dio.netty.recycler.blocking: false
[27июл.2024 20:32:24.466] [Render thread/DEBUG] [io.netty.util.Recycler/]: -Dio.netty.recycler.batchFastThreadLocalOnly: true
[27июл.2024 20:32:24.538] [Netty Server IO #1/DEBUG] [net.neoforged.neoforge.network.filters.NetworkFilters/]: Injected net.neoforged.neoforge.network.filters.GenericPacketSplitter@361c4215 into net.minecraft.network.Connection@8dded6
[27июл.2024 20:32:24.545] [Netty Local Client IO #0/DEBUG] [net.neoforged.neoforge.network.filters.NetworkFilters/]: Injected net.neoforged.neoforge.network.filters.GenericPacketSplitter@6b9ed504 into net.minecraft.network.Connection@5ac73149
[27июл.2024 20:32:24.727] [Render thread/INFO] [mezz.jei.neoforge.startup.StartEventObserver/]: JEI StartEventObserver received class net.neoforged.neoforge.event.TagsUpdatedEvent
[27июл.2024 20:32:24.821] [Netty Server IO #1/DEBUG] [net.neoforged.neoforge.network.filters.NetworkFilters/]: Injected net.neoforged.neoforge.network.filters.GenericPacketSplitter@678697d5 into net.minecraft.network.Connection@8dded6
[27июл.2024 20:32:24.863] [Server thread/INFO] [net.minecraft.server.players.PlayerList/]: Dev[local:E:94879313] logged in with entity id 17 at (103.5, 75.0, 15.5)
[27июл.2024 20:32:24.905] [Netty Server IO #1/ERROR] [net.minecraft.network.Connection/]: Exception caught in connection
io.netty.handler.codec.EncoderException: Failed to encode packet 'clientbound/minecraft:update_recipes'
	at TRANSFORMER/minecraft@1.20.6/net.minecraft.network.codec.IdDispatchCodec.encode(IdDispatchCodec.java:53) ~[neoforge-20.6.117.jar%23192!/:?]
	at TRANSFORMER/minecraft@1.20.6/net.minecraft.network.codec.IdDispatchCodec.encode(IdDispatchCodec.java:13) ~[neoforge-20.6.117.jar%23192!/:?]
	at TRANSFORMER/neoforge@20.6.117/net.neoforged.neoforge.network.filters.GenericPacketSplitter.encode(GenericPacketSplitter.java:104) ~[neoforge-20.6.117.jar%23193!/:?]
	at TRANSFORMER/neoforge@20.6.117/net.neoforged.neoforge.network.filters.GenericPacketSplitter.encode(GenericPacketSplitter.java:39) ~[neoforge-20.6.117.jar%23193!/:?]
	at MC-BOOTSTRAP/io.netty.codec@4.1.97.Final/io.netty.handler.codec.MessageToMessageEncoder.write(MessageToMessageEncoder.java:90) ~[netty-codec-4.1.97.Final.jar%23128!/:4.1.97.Final]
	at MC-BOOTSTRAP/io.netty.transport@4.1.97.Final/io.netty.channel.AbstractChannelHandlerContext.invokeWrite0(AbstractChannelHandlerContext.java:881) ~[netty-transport-4.1.97.Final.jar%23134!/:4.1.97.Final]
	at MC-BOOTSTRAP/io.netty.transport@4.1.97.Final/io.netty.channel.AbstractChannelHandlerContext.invokeWrite(AbstractChannelHandlerContext.java:863) ~[netty-transport-4.1.97.Final.jar%23134!/:4.1.97.Final]
	at MC-BOOTSTRAP/io.netty.transport@4.1.97.Final/io.netty.channel.AbstractChannelHandlerContext.write(AbstractChannelHandlerContext.java:968) ~[netty-transport-4.1.97.Final.jar%23134!/:4.1.97.Final]
	at MC-BOOTSTRAP/io.netty.transport@4.1.97.Final/io.netty.channel.AbstractChannelHandlerContext.write(AbstractChannelHandlerContext.java:856) ~[netty-transport-4.1.97.Final.jar%23134!/:4.1.97.Final]
	at MC-BOOTSTRAP/io.netty.codec@4.1.97.Final/io.netty.handler.codec.MessageToMessageEncoder.write(MessageToMessageEncoder.java:113) ~[netty-codec-4.1.97.Final.jar%23128!/:4.1.97.Final]
	at MC-BOOTSTRAP/io.netty.transport@4.1.97.Final/io.netty.channel.AbstractChannelHandlerContext.invokeWrite0(AbstractChannelHandlerContext.java:881) ~[netty-transport-4.1.97.Final.jar%23134!/:4.1.97.Final]
	at MC-BOOTSTRAP/io.netty.transport@4.1.97.Final/io.netty.channel.AbstractChannelHandlerContext.invokeWrite(AbstractChannelHandlerContext.java:863) ~[netty-transport-4.1.97.Final.jar%23134!/:4.1.97.Final]
	at MC-BOOTSTRAP/io.netty.transport@4.1.97.Final/io.netty.channel.AbstractChannelHandlerContext.write(AbstractChannelHandlerContext.java:968) ~[netty-transport-4.1.97.Final.jar%23134!/:4.1.97.Final]
	at MC-BOOTSTRAP/io.netty.transport@4.1.97.Final/io.netty.channel.AbstractChannelHandlerContext.write(AbstractChannelHandlerContext.java:856) ~[netty-transport-4.1.97.Final.jar%23134!/:4.1.97.Final]
	at MC-BOOTSTRAP/io.netty.transport@4.1.97.Final/io.netty.channel.ChannelOutboundHandlerAdapter.write(ChannelOutboundHandlerAdapter.java:113) ~[netty-transport-4.1.97.Final.jar%23134!/:4.1.97.Final]
	at TRANSFORMER/minecraft@1.20.6/net.minecraft.network.Connection$2.write(Connection.java:517) ~[neoforge-20.6.117.jar%23192!/:?]
	at MC-BOOTSTRAP/io.netty.transport@4.1.97.Final/io.netty.channel.AbstractChannelHandlerContext.invokeWrite0(AbstractChannelHandlerContext.java:881) ~[netty-transport-4.1.97.Final.jar%23134!/:4.1.97.Final]
	at MC-BOOTSTRAP/io.netty.transport@4.1.97.Final/io.netty.channel.AbstractChannelHandlerContext.invokeWriteAndFlush(AbstractChannelHandlerContext.java:940) ~[netty-transport-4.1.97.Final.jar%23134!/:4.1.97.Final]
	at MC-BOOTSTRAP/io.netty.transport@4.1.97.Final/io.netty.channel.AbstractChannelHandlerContext.write(AbstractChannelHandlerContext.java:966) ~[netty-transport-4.1.97.Final.jar%23134!/:4.1.97.Final]
	at MC-BOOTSTRAP/io.netty.transport@4.1.97.Final/io.netty.channel.AbstractChannelHandlerContext.writeAndFlush(AbstractChannelHandlerContext.java:934) ~[netty-transport-4.1.97.Final.jar%23134!/:4.1.97.Final]
	at MC-BOOTSTRAP/io.netty.transport@4.1.97.Final/io.netty.channel.AbstractChannelHandlerContext.writeAndFlush(AbstractChannelHandlerContext.java:984) ~[netty-transport-4.1.97.Final.jar%23134!/:4.1.97.Final]
	at MC-BOOTSTRAP/io.netty.transport@4.1.97.Final/io.netty.channel.DefaultChannelPipeline.writeAndFlush(DefaultChannelPipeline.java:1025) ~[netty-transport-4.1.97.Final.jar%23134!/:4.1.97.Final]
	at MC-BOOTSTRAP/io.netty.transport@4.1.97.Final/io.netty.channel.AbstractChannel.writeAndFlush(AbstractChannel.java:306) ~[netty-transport-4.1.97.Final.jar%23134!/:4.1.97.Final]
	at TRANSFORMER/minecraft@1.20.6/net.minecraft.network.Connection.doSendPacket(Connection.java:357) ~[neoforge-20.6.117.jar%23192!/:?]
	at TRANSFORMER/minecraft@1.20.6/net.minecraft.network.Connection.lambda$sendPacket$12(Connection.java:352) ~[neoforge-20.6.117.jar%23192!/:?]
	at MC-BOOTSTRAP/io.netty.common@4.1.97.Final/io.netty.util.concurrent.AbstractEventExecutor.runTask(AbstractEventExecutor.java:174) ~[netty-common-4.1.97.Final.jar%23129!/:4.1.97.Final]
	at MC-BOOTSTRAP/io.netty.common@4.1.97.Final/io.netty.util.concurrent.AbstractEventExecutor.safeExecute(AbstractEventExecutor.java:167) ~[netty-common-4.1.97.Final.jar%23129!/:4.1.97.Final]
	at MC-BOOTSTRAP/io.netty.common@4.1.97.Final/io.netty.util.concurrent.SingleThreadEventExecutor.runAllTasks(SingleThreadEventExecutor.java:470) ~[netty-common-4.1.97.Final.jar%23129!/:4.1.97.Final]
	at MC-BOOTSTRAP/io.netty.transport@4.1.97.Final/io.netty.channel.nio.NioEventLoop.run(NioEventLoop.java:569) ~[netty-transport-4.1.97.Final.jar%23134!/:4.1.97.Final]
	at MC-BOOTSTRAP/io.netty.common@4.1.97.Final/io.netty.util.concurrent.SingleThreadEventExecutor$4.run(SingleThreadEventExecutor.java:997) ~[netty-common-4.1.97.Final.jar%23129!/:4.1.97.Final]
	at MC-BOOTSTRAP/io.netty.common@4.1.97.Final/io.netty.util.internal.ThreadExecutorMap$2.run(ThreadExecutorMap.java:74) ~[netty-common-4.1.97.Final.jar%23129!/:4.1.97.Final]
	at java.base/java.lang.Thread.run(Thread.java:1583) [?:?]
Caused by: io.netty.handler.codec.EncoderException: Empty ItemStack not allowed
	at TRANSFORMER/minecraft@1.20.6/net.minecraft.world.item.ItemStack$2.encode(ItemStack.java:167) ~[neoforge-20.6.117.jar%23192!/:?]
	at TRANSFORMER/minecraft@1.20.6/net.minecraft.world.item.ItemStack$2.encode(ItemStack.java:155) ~[neoforge-20.6.117.jar%23192!/:?]
	at TRANSFORMER/minecraft@1.20.6/net.minecraft.network.codec.ByteBufCodecs$21.encode(ByteBufCodecs.java:374) ~[neoforge-20.6.117.jar%23192!/:?]
	at TRANSFORMER/minecraft@1.20.6/net.minecraft.network.codec.ByteBufCodecs$21.encode(ByteBufCodecs.java:358) ~[neoforge-20.6.117.jar%23192!/:?]
	at TRANSFORMER/minecraft@1.20.6/net.minecraft.world.item.crafting.Ingredient$1.encode(Ingredient.java:39) ~[neoforge-20.6.117.jar%23192!/:?]
	at TRANSFORMER/minecraft@1.20.6/net.minecraft.world.item.crafting.Ingredient$1.encode(Ingredient.java:32) ~[neoforge-20.6.117.jar%23192!/:?]
	at TRANSFORMER/truedarkness@2.3/exp.fluffynuar.truedarkness.jei_recipes.SamovarRecipeTypeRecipe$Serializer.toNetwork(SamovarRecipeTypeRecipe.java:106) ~[%23194!/:?]
	at TRANSFORMER/minecraft@1.20.6/net.minecraft.network.codec.StreamCodec$1.encode(StreamCodec.java:24) ~[neoforge-20.6.117.jar%23192!/:?]
	at TRANSFORMER/minecraft@1.20.6/net.minecraft.network.codec.StreamCodec$6.encode(StreamCodec.java:107) ~[neoforge-20.6.117.jar%23192!/:?]
	at TRANSFORMER/minecraft@1.20.6/net.minecraft.network.codec.StreamCodec$8.encode(StreamCodec.java:145) ~[neoforge-20.6.117.jar%23192!/:?]
	at TRANSFORMER/minecraft@1.20.6/net.minecraft.network.codec.ByteBufCodecs$21.encode(ByteBufCodecs.java:374) ~[neoforge-20.6.117.jar%23192!/:?]
	at TRANSFORMER/minecraft@1.20.6/net.minecraft.network.codec.ByteBufCodecs$21.encode(ByteBufCodecs.java:358) ~[neoforge-20.6.117.jar%23192!/:?]
	at TRANSFORMER/minecraft@1.20.6/net.minecraft.network.codec.StreamCodec$7.encode(StreamCodec.java:122) ~[neoforge-20.6.117.jar%23192!/:?]
	at TRANSFORMER/minecraft@1.20.6/net.minecraft.network.codec.StreamCodec$5.encode(StreamCodec.java:86) ~[neoforge-20.6.117.jar%23192!/:?]
	at TRANSFORMER/minecraft@1.20.6/net.minecraft.network.codec.StreamCodec$5.encode(StreamCodec.java:78) ~[neoforge-20.6.117.jar%23192!/:?]
	at TRANSFORMER/minecraft@1.20.6/net.minecraft.network.codec.IdDispatchCodec.encode(IdDispatchCodec.java:51) ~[neoforge-20.6.117.jar%23192!/:?]
	... 31 more
[27июл.2024 20:32:24.924] [Server thread/INFO] [net.minecraft.server.MinecraftServer/]: Dev присоединился к игре
[27июл.2024 20:32:24.960] [Server thread/INFO] [net.minecraft.server.network.ServerGamePacketListenerImpl/]: Dev lost connection: Internal Exception: io.netty.handler.codec.EncoderException: Failed to encode packet 'clientbound/minecraft:update_recipes'
[27июл.2024 20:32:24.960] [Server thread/INFO] [net.minecraft.server.MinecraftServer/]: Dev покинул игру
[27июл.2024 20:32:24.972] [Render thread/INFO] [mezz.jei.neoforge.startup.StartEventObserver/]: JEI StartEventObserver received class net.neoforged.neoforge.client.event.ClientPlayerNetworkEvent$LoggingOut
[27июл.2024 20:32:24.973] [Render thread/INFO] [mezz.jei.neoforge.startup.StartEventObserver/]: JEI StartEventObserver transitioning state from LISTENING to LISTENING
[27июл.2024 20:32:25.283] [Server thread/INFO] [net.minecraft.server.network.ServerCommonPacketListenerImpl/]: Stopping singleplayer server as player logged out
[27июл.2024 20:32:25.323] [Server thread/INFO] [net.minecraft.server.MinecraftServer/]: Stopping server
[27июл.2024 20:32:25.323] [Server thread/INFO] [net.minecraft.server.MinecraftServer/]: Saving players
[27июл.2024 20:32:25.323] [Server thread/INFO] [net.minecraft.server.MinecraftServer/]: Saving worlds
[27июл.2024 20:32:27.633] [Server thread/INFO] [net.minecraft.server.MinecraftServer/]: Saving chunks for level 'ServerLevel[Новый мир]'/minecraft:overworld
[27июл.2024 20:32:28.107] [Server thread/INFO] [net.minecraft.server.MinecraftServer/]: Saving chunks for level 'ServerLevel[Новый мир]'/truedarkness:yteria
[27июл.2024 20:32:28.177] [Server thread/INFO] [net.minecraft.server.MinecraftServer/]: Saving chunks for level 'ServerLevel[Новый мир]'/minecraft:the_nether
[27июл.2024 20:32:28.244] [Server thread/INFO] [net.minecraft.server.MinecraftServer/]: Saving chunks for level 'ServerLevel[Новый мир]'/minecraft:the_end
[27июл.2024 20:32:28.405] [Server thread/DEBUG] [net.neoforged.neoforge.common.CommonHooks/WP]: Gathered mod list to write to world save Новый мир
[27июл.2024 20:32:28.456] [Server thread/INFO] [net.minecraft.server.MinecraftServer/]: ThreadedAnvilChunkStorage (Новый мир): All chunks are saved
[27июл.2024 20:32:28.456] [Server thread/INFO] [net.minecraft.server.MinecraftServer/]: ThreadedAnvilChunkStorage (yteria): All chunks are saved
[27июл.2024 20:32:28.456] [Server thread/INFO] [net.minecraft.server.MinecraftServer/]: ThreadedAnvilChunkStorage (DIM-1): All chunks are saved
[27июл.2024 20:32:28.456] [Server thread/INFO] [net.minecraft.server.MinecraftServer/]: ThreadedAnvilChunkStorage (DIM1): All chunks are saved
[27июл.2024 20:32:28.456] [Server thread/INFO] [net.minecraft.server.MinecraftServer/]: ThreadedAnvilChunkStorage: All dimensions are saved
[27июл.2024 20:32:28.630] [Server thread/DEBUG] [net.neoforged.fml.config.ConfigTracker/CONFIG]: Unloading configs type SERVER
[27июл.2024 20:32:28.651] [Render thread/WARN] [net.minecraft.client.multiplayer.ClientCommonPacketListenerImpl/]: Client disconnected with reason: Internal Exception: io.netty.handler.codec.EncoderException: Failed to encode packet 'clientbound/minecraft:update_recipes'
[27июл.2024 20:33:23.725] [Render thread/DEBUG] [net.neoforged.neoforge.network.DualStackUtils/]: Detected IPv6 address: "0:0:0:0:0:0:0:0"
[27июл.2024 20:33:25.488] [Render thread/INFO] [net.minecraft.client.Minecraft/]: Stopping!
