[27июл.2024 20:31:52.493] [main/INFO] [cpw.mods.modlauncher.Launcher/MODLAUNCHER]: ModLauncher running: args [--launchTarget, forgeclientuserdev, --version, 20.6.117, --assetIndex, asset-index, --assetsDir, C:\Users\nikda\.mcreator\gradle\caches\minecraft\assets\1.20.6, --gameDir, ., --fml.neoForgeVersion, 20.6.117, --fml.fmlVersion, 3.0.45, --fml.mcVersion, 1.20.6, --fml.neoFormVersion, 20240429.153634]
[27июл.2024 20:31:52.496] [main/INFO] [cpw.mods.modlauncher.Launcher/MODLAUNCHER]: JVM identified as Eclipse Adoptium OpenJDK 64-Bit Server VM 21.0.3+9-LTS
[27июл.2024 20:31:52.498] [main/INFO] [cpw.mods.modlauncher.Launcher/MODLAUNCHER]: ModLauncher 11.0.2+main.4612c65f starting: java version 21.0.3 by Eclipse Adoptium; OS Windows 10 arch amd64 version 10.0
[27июл.2024 20:31:52.597] [main/INFO] [net.neoforged.fml.loading.ImmediateWindowHandler/]: Loading ImmediateWindowProvider fmlearlywindow
[27июл.2024 20:31:52.679] [main/INFO] [EARLYDISPLAY/]: Trying GL version 4.6
[27июл.2024 20:31:52.743] [main/INFO] [EARLYDISPLAY/]: Requested GL version 4.6 got version 4.6
[27июл.2024 20:31:52.829] [main/INFO] [mixin/]: SpongePowered MIXIN Subsystem Version=0.8.5 Source=union:/C:/Users/nikda/.mcreator/gradle/caches/modules-2/files-2.1/net.fabricmc/sponge-mixin/0.13.4+mixin.0.8.5/8adf0cff1795a169141b9e16ad7b9f6e2527a990/sponge-mixin-0.13.4+mixin.0.8.5.jar%23136!/ Service=ModLauncher Env=CLIENT
[27июл.2024 20:31:53.021] [pool-2-thread-1/INFO] [EARLYDISPLAY/]: GL info: Radeon RX550/550 Series GL version 4.6.0 Core Profile Context 23.11.1.231017, ATI Technologies Inc.
[27июл.2024 20:31:53.104] [main/INFO] [net.neoforged.fml.loading.moddiscovery.ModDiscoverer/SCAN]: Found mod file "neoforge-20.6.117.jar" [locator: neoforge devenv provider ([G:\P MCreator\Workspace\truedarkness — копия\.gradle\repositories\ng_dummy_ng\net\neoforged\neoforge\20.6.117\neoforge-20.6.117.jar])]
[27июл.2024 20:31:53.117] [main/INFO] [net.neoforged.fml.loading.moddiscovery.ModDiscoverer/SCAN]: Found mod file "neoforge-20.6.117.jar" [locator: neoforge devenv provider ([G:\P MCreator\Workspace\truedarkness — копия\.gradle\repositories\ng_dummy_ng\net\neoforged\neoforge\20.6.117\neoforge-20.6.117.jar])]
[27июл.2024 20:31:53.126] [main/INFO] [net.neoforged.fml.loading.moddiscovery.ModDiscoverer/SCAN]: Found mod file "main" [locator: userdev mods and services, reader: mod manifest]
[27июл.2024 20:31:53.138] [main/INFO] [net.neoforged.fml.loading.moddiscovery.ModDiscoverer/SCAN]: Found mod file "neoforge-20.6.117.jar" [locator: userdev mods and services, reader: mod manifest]
[27июл.2024 20:31:53.143] [main/INFO] [net.neoforged.fml.loading.moddiscovery.ModDiscoverer/SCAN]: Found mod file "curios-neoforge-8.0.1+1.20.6.jar" [locator: userdev mods and services, reader: mod manifest]
[27июл.2024 20:31:53.147] [main/INFO] [net.neoforged.fml.loading.moddiscovery.ModDiscoverer/SCAN]: Found mod file "jei-1.20.6-neoforge-18.0.0.65.jar" [locator: userdev mods and services, reader: mod manifest]
[27июл.2024 20:31:53.174] [main/INFO] [net.neoforged.fml.loading.moddiscovery.ModDiscoverer/SCAN]: Found gamelibrary file "mixinextras-neoforge-0.3.5.jar" [locator: userdev mods and services, reader: mod manifest]
[27июл.2024 20:31:53.326] [main/WARN] [net.neoforged.jarjar.selection.JarSelector/]: Attempted to select a dependency jar for JarJar which was passed in as source: mixinextras-neoforge-0.3.5.jar. Using Mod File: C:\Users\nikda\.mcreator\gradle\caches\modules-2\files-2.1\io.github.llamalad7\mixinextras-neoforge\0.3.5\ef3ffcf309dae656517b2f120189b1c9b21737dd\mixinextras-neoforge-0.3.5.jar
[27июл.2024 20:31:53.326] [main/INFO] [net.neoforged.fml.loading.moddiscovery.locators.JarInJarDependencyLocator/]: No dependencies to load found. Skipping!
[27июл.2024 20:31:53.491] [main/INFO] [net.neoforged.fml.loading.FMLServiceProvider/CORE]: Loading coremod script-engine for [neoforge]
[27июл.2024 20:31:54.175] [main/INFO] [mixin/]: Compatibility level set to JAVA_17
[27июл.2024 20:31:54.183] [main/INFO] [cpw.mods.modlauncher.LaunchServiceHandler/MODLAUNCHER]: Launching target 'forgeclientuserdev' with arguments [--version, 20.6.117, --gameDir, ., --assetsDir, C:\Users\nikda\.mcreator\gradle\caches\minecraft\assets\1.20.6, --assetIndex, asset-index]
[27июл.2024 20:31:54.222] [main/WARN] [mixin/]: Reference map 'curios.refmap.json' for curios.neoforge.mixins.json could not be read. If this is a development environment you can ignore this message
[27июл.2024 20:31:54.222] [main/WARN] [mixin/]: Reference map 'curios.refmap.json' for curios.mixins.json could not be read. If this is a development environment you can ignore this message
[27июл.2024 20:31:55.069] [main/WARN] [oshi.driver.windows.perfmon.PerfmonDisabled/]: Invalid registry value type detected for PerfOS counters. Should be REG_DWORD. Ignoring: HKEY_LOCAL_MACHINE\SYSTEM\CurrentControlSet\Services\PerfOS\Performance\Disable Performance Counters.
[27июл.2024 20:31:55.196] [pool-8-thread-1/INFO] [MixinExtras|Service/]: Initializing MixinExtras via com.llamalad7.mixinextras.service.MixinExtrasServiceImpl(version=0.3.5).
[27июл.2024 20:31:58.041] [Datafixer Bootstrap/INFO] [com.mojang.datafixers.DataFixerBuilder/]: 225 Datafixer optimizations took 194 milliseconds
[27июл.2024 20:31:59.894] [main/WARN] [net.minecraft.commands.Commands/]: Ambiguity between arguments [teleport, location] and [teleport, destination] with inputs: [0.1 -0.5 .9, 0 0 0]
[27июл.2024 20:31:59.895] [main/WARN] [net.minecraft.commands.Commands/]: Ambiguity between arguments [teleport, location] and [teleport, targets] with inputs: [0.1 -0.5 .9, 0 0 0]
[27июл.2024 20:31:59.898] [main/WARN] [net.minecraft.commands.Commands/]: Ambiguity between arguments [teleport, destination] and [teleport, targets] with inputs: [Player, 0123, @e, dd12be42-52a9-4a91-a8a1-11c01849e498]
[27июл.2024 20:31:59.900] [main/WARN] [net.minecraft.commands.Commands/]: Ambiguity between arguments [teleport, targets] and [teleport, destination] with inputs: [Player, 0123, dd12be42-52a9-4a91-a8a1-11c01849e498]
[27июл.2024 20:31:59.901] [main/WARN] [net.minecraft.commands.Commands/]: Ambiguity between arguments [teleport, targets, location] and [teleport, targets, destination] with inputs: [0.1 -0.5 .9, 0 0 0]
[27июл.2024 20:31:59.999] [Render thread/WARN] [net.minecraft.server.packs.VanillaPackResourcesBuilder/]: Assets URL 'union:/G:/P%20MCreator/Workspace/truedarkness%20—%20копия/.gradle/repositories/ng_dummy_ng/net/neoforged/neoforge/20.6.117/neoforge-20.6.117.jar%23192!/assets/.mcassetsroot' uses unexpected schema
[27июл.2024 20:31:59.999] [Render thread/WARN] [net.minecraft.server.packs.VanillaPackResourcesBuilder/]: Assets URL 'union:/G:/P%20MCreator/Workspace/truedarkness%20—%20копия/.gradle/repositories/ng_dummy_ng/net/neoforged/neoforge/20.6.117/neoforge-20.6.117.jar%23192!/data/.mcassetsroot' uses unexpected schema
[27июл.2024 20:32:00.019] [Render thread/INFO] [com.mojang.authlib.yggdrasil.YggdrasilAuthenticationService/]: Environment: Environment[sessionHost=https://sessionserver.mojang.com, servicesHost=https://api.minecraftservices.com, name=PROD]
[27июл.2024 20:32:00.028] [Render thread/INFO] [net.minecraft.client.Minecraft/]: Setting user: Dev
[27июл.2024 20:32:00.095] [Render thread/INFO] [net.minecraft.client.Minecraft/]: Backend library: LWJGL version 3.3.3+5
[27июл.2024 20:32:00.254] [modloading-worker-0/INFO] [net.neoforged.neoforge.common.NeoForgeMod/NEOFORGE-MOD]: NeoForge mod loading, version 20.6.117, for MC 1.20.6
[27июл.2024 20:32:00.331] [modloading-worker-0/INFO] [mezz.jei.library.load.PluginCaller/]: Sending ConfigManager...
[27июл.2024 20:32:00.334] [modloading-worker-0/INFO] [mezz.jei.library.load.PluginCaller/]: Sending ConfigManager took 2.328 ms
[27июл.2024 20:32:01.948] [Render thread/INFO] [net.minecraft.server.packs.repository.FolderRepositorySource/]: Found non-pack entry '.\resourcepacks\Elemination.rar', ignoring
[27июл.2024 20:32:02.285] [Render thread/INFO] [net.neoforged.neoforge.gametest.GameTestHooks/]: Enabled Gametest Namespaces: []
[27июл.2024 20:32:02.506] [Render thread/INFO] [net.minecraft.server.packs.resources.ReloadableResourceManager/]: Reloading ResourceManager: vanilla, mod_resources, mod/curios, mod/neoforge, mod/truedarkness, mod/jei
[27июл.2024 20:32:02.573] [Worker-Main-11/INFO] [net.minecraft.client.gui.font.providers.UnihexProvider/]: Found unifont_all_no_pua-15.1.04.hex, loading
[27июл.2024 20:32:02.785] [Worker-Main-5/WARN] [net.minecraft.client.renderer.texture.SpriteContents/]: Invalid frame index on sprite truedarkness:echo_bubble frame 1: 1
[27июл.2024 20:32:02.786] [Worker-Main-5/WARN] [net.minecraft.client.renderer.texture.SpriteContents/]: Invalid frame index on sprite truedarkness:echo_bubble frame 2: 2
[27июл.2024 20:32:02.786] [Worker-Main-5/WARN] [net.minecraft.client.renderer.texture.SpriteContents/]: Invalid frame index on sprite truedarkness:echo_bubble frame 3: 3
[27июл.2024 20:32:02.786] [Worker-Main-5/WARN] [net.minecraft.client.renderer.texture.SpriteContents/]: Invalid frame index on sprite truedarkness:echo_bubble frame 4: 4
[27июл.2024 20:32:02.861] [Worker-Main-5/INFO] [net.minecraft.client.gui.font.providers.UnihexProvider/]: Found unifont_jp_patch-15.1.04.hex, loading
[27июл.2024 20:32:03.030] [Worker-Main-2/WARN] [net.minecraft.client.renderer.texture.SpriteLoader/]: Texture truedarkness:item/phantom_protection with size 18x18 limits mip level from 2 to 1
[27июл.2024 20:32:03.658] [Worker-Main-1/WARN] [net.minecraft.client.resources.model.ModelBakery/]: Unable to load model: 'minecraft:samovar' referenced from: truedarkness:samovar#facing=north,waterlogged=true: java.io.FileNotFoundException: minecraft:models/samovar.json
[27июл.2024 20:32:03.720] [Worker-Main-1/WARN] [net.minecraft.client.resources.model.ModelBakery/]: Unable to load model: 'minecraft:underwater_bubble' referenced from: truedarkness:bubble#waterlogged=true: java.io.FileNotFoundException: minecraft:models/underwater_bubble.json
[27июл.2024 20:32:03.720] [Worker-Main-1/WARN] [net.minecraft.client.resources.model.ModelBakery/]: Unable to load model: 'minecraft:cvetaliy_cluster' referenced from: truedarkness:cvetaliy_cluster#waterlogged=true: java.io.FileNotFoundException: minecraft:models/cvetaliy_cluster.json
[27июл.2024 20:32:04.231] [Worker-Main-1/WARN] [net.minecraft.client.resources.model.ModelManager/]: Missing textures in model truedarkness:swamp_blacksoil_cover#waterlogged=true:
    minecraft:textures/atlas/blocks.png:truedarkness:block/swamp_grass_block_top
[27июл.2024 20:32:04.231] [Worker-Main-1/WARN] [net.minecraft.client.resources.model.ModelManager/]: Missing textures in model truedarkness:shandarah#inventory:
    minecraft:textures/atlas/blocks.png:truedarkness:item/corrupt_rune_1
[27июл.2024 20:32:04.506] [Render thread/ERROR] [net.minecraft.client.sounds.SoundManager/]: Missing subtitle translation{key='subtitles.player.guitar', args=[]} for sound event: truedarkness:player.guitar
[27июл.2024 20:32:04.507] [Render thread/ERROR] [net.minecraft.client.sounds.SoundManager/]: Missing subtitle translation{key='subtitles.entity.last_soul_death', args=[]} for sound event: truedarkness:entity.last_soul_death
[27июл.2024 20:32:04.507] [Render thread/ERROR] [net.minecraft.client.sounds.SoundManager/]: Missing subtitle translation{key='subtitles.entity.miner.death', args=[]} for sound event: truedarkness:entity.miner.death
[27июл.2024 20:32:04.508] [Render thread/ERROR] [net.minecraft.client.sounds.SoundManager/]: Missing subtitle translation{key='subtitles.ambient.strange_gorn', args=[]} for sound event: truedarkness:ambient.strange_gorn
[27июл.2024 20:32:04.508] [Render thread/ERROR] [net.minecraft.client.sounds.SoundManager/]: Missing subtitle translation{key='subtitles.entity.miner.traid.fail', args=[]} for sound event: truedarkness:entity.miner.traid.fail
[27июл.2024 20:32:04.508] [Render thread/ERROR] [net.minecraft.client.sounds.SoundManager/]: Missing subtitle translation{key='subtitles.entity.corrupted_knight_hurt', args=[]} for sound event: truedarkness:entity.corrupted_knight_hurt
[27июл.2024 20:32:04.508] [Render thread/ERROR] [net.minecraft.client.sounds.SoundManager/]: Missing subtitle translation{key='subtitles.ambient.gorn', args=[]} for sound event: truedarkness:ambient.gorn
[27июл.2024 20:32:04.508] [Render thread/ERROR] [net.minecraft.client.sounds.SoundManager/]: Missing subtitle translation{key='subtitles.entity.miner.trade.succes', args=[]} for sound event: truedarkness:entity.miner.trade.succes
[27июл.2024 20:32:04.508] [Render thread/ERROR] [net.minecraft.client.sounds.SoundManager/]: Missing subtitle translation{key='subtitles.entity.general.death_new', args=[]} for sound event: truedarkness:entity.general.death_new
[27июл.2024 20:32:04.508] [Render thread/ERROR] [net.minecraft.client.sounds.SoundManager/]: Missing subtitle translation{key='subtitles.player.ring-dont-work', args=[]} for sound event: truedarkness:player.ring-dont-work
[27июл.2024 20:32:04.509] [Render thread/ERROR] [net.minecraft.client.sounds.SoundManager/]: Missing subtitle translation{key='subtitles.entity.grim_golem_hurt', args=[]} for sound event: truedarkness:entity.grim_golem_hurt
[27июл.2024 20:32:04.509] [Render thread/ERROR] [net.minecraft.client.sounds.SoundManager/]: Missing subtitle translation{key='subtitles.entity.grim_golem_ambient', args=[]} for sound event: truedarkness:entity.grim_golem_ambient
[27июл.2024 20:32:04.509] [Render thread/ERROR] [net.minecraft.client.sounds.SoundManager/]: Missing subtitle translation{key='subtitles.entity.grim_golem_death', args=[]} for sound event: truedarkness:entity.grim_golem_death
[27июл.2024 20:32:04.509] [Render thread/ERROR] [net.minecraft.client.sounds.SoundManager/]: Missing subtitle translation{key='subtitles.player.echo_harp', args=[]} for sound event: truedarkness:player.echo_harp
[27июл.2024 20:32:04.509] [Render thread/ERROR] [net.minecraft.client.sounds.SoundManager/]: Missing subtitle translation{key='subtitles.block.proector', args=[]} for sound event: truedarkness:block.proector
[27июл.2024 20:32:04.509] [Render thread/ERROR] [net.minecraft.client.sounds.SoundManager/]: Missing subtitle translation{key='subtitles.entity.miner.ambient', args=[]} for sound event: truedarkness:entity.miner.ambient
[27июл.2024 20:32:04.509] [Render thread/ERROR] [net.minecraft.client.sounds.SoundManager/]: Missing subtitle translation{key='subtitles.player.soul_wings.use', args=[]} for sound event: truedarkness:player.soul_wings.use
[27июл.2024 20:32:04.510] [Render thread/WARN] [net.minecraft.client.sounds.SoundEngine/]: Missing sound for event: minecraft:item.goat_horn.play
[27июл.2024 20:32:04.510] [Render thread/WARN] [net.minecraft.client.sounds.SoundEngine/]: Missing sound for event: minecraft:entity.goat.screaming.horn_break
[27июл.2024 20:32:04.547] [Render thread/INFO] [com.mojang.blaze3d.audio.Library/]: OpenAL initialized on device OpenAL Soft on Динамики (High Definition Audio Device)
[27июл.2024 20:32:04.547] [Render thread/INFO] [net.minecraft.client.sounds.SoundEngine/SOUNDS]: Sound engine started
[27июл.2024 20:32:04.682] [Render thread/INFO] [net.minecraft.client.renderer.texture.TextureAtlas/]: Created: 1024x1024x2 minecraft:textures/atlas/blocks.png-atlas
[27июл.2024 20:32:04.690] [Render thread/INFO] [net.minecraft.client.renderer.texture.TextureAtlas/]: Created: 256x256x2 minecraft:textures/atlas/signs.png-atlas
[27июл.2024 20:32:04.691] [Render thread/INFO] [net.minecraft.client.renderer.texture.TextureAtlas/]: Created: 512x512x2 minecraft:textures/atlas/shield_patterns.png-atlas
[27июл.2024 20:32:04.691] [Render thread/INFO] [net.minecraft.client.renderer.texture.TextureAtlas/]: Created: 512x512x2 minecraft:textures/atlas/banner_patterns.png-atlas
[27июл.2024 20:32:04.692] [Render thread/INFO] [net.minecraft.client.renderer.texture.TextureAtlas/]: Created: 1024x1024x2 minecraft:textures/atlas/armor_trims.png-atlas
[27июл.2024 20:32:04.699] [Render thread/INFO] [net.minecraft.client.renderer.texture.TextureAtlas/]: Created: 128x64x2 minecraft:textures/atlas/decorated_pot.png-atlas
[27июл.2024 20:32:04.699] [Render thread/INFO] [net.minecraft.client.renderer.texture.TextureAtlas/]: Created: 256x256x2 minecraft:textures/atlas/chest.png-atlas
[27июл.2024 20:32:04.700] [Render thread/INFO] [net.minecraft.client.renderer.texture.TextureAtlas/]: Created: 512x256x2 minecraft:textures/atlas/shulker_boxes.png-atlas
[27июл.2024 20:32:04.700] [Render thread/INFO] [net.minecraft.client.renderer.texture.TextureAtlas/]: Created: 512x256x2 minecraft:textures/atlas/beds.png-atlas
[27июл.2024 20:32:04.777] [Render thread/INFO] [net.minecraft.client.renderer.texture.TextureAtlas/]: Created: 1024x512x0 minecraft:textures/atlas/particles.png-atlas
[27июл.2024 20:32:04.778] [Render thread/INFO] [net.minecraft.client.renderer.texture.TextureAtlas/]: Created: 256x256x0 minecraft:textures/atlas/paintings.png-atlas
[27июл.2024 20:32:04.779] [Render thread/INFO] [net.minecraft.client.renderer.texture.TextureAtlas/]: Created: 256x128x0 minecraft:textures/atlas/mob_effects.png-atlas
[27июл.2024 20:32:04.779] [Render thread/INFO] [net.minecraft.client.renderer.texture.TextureAtlas/]: Created: 64x64x0 minecraft:textures/atlas/map_decorations.png-atlas
[27июл.2024 20:32:04.779] [Render thread/INFO] [net.minecraft.client.renderer.texture.TextureAtlas/]: Created: 1024x512x0 minecraft:textures/atlas/gui.png-atlas
[27июл.2024 20:32:04.832] [Render thread/WARN] [net.minecraft.client.renderer.ShaderInstance/]: Shader rendertype_entity_translucent_emissive could not find sampler named Sampler2 in the specified shader program.
[27июл.2024 20:32:04.892] [Render thread/INFO] [net.minecraft.client.renderer.texture.TextureAtlas/]: Created: 256x128x0 jei:textures/atlas/gui.png-atlas
[27июл.2024 20:32:12.195] [Render thread/INFO] [net.minecraft.world.level.storage.LevelStorageSource/]: Deleting level Новый мир
[27июл.2024 20:32:12.195] [Render thread/INFO] [net.minecraft.world.level.storage.LevelStorageSource/]: Attempt 1...
[27июл.2024 20:32:12.820] [Worker-Main-1/ERROR] [net.minecraft.world.level.storage.loot.LootDataType/]: Couldn't parse element loot_tables:truedarkness:blocks/swamp_terracota - Unknown registry key in ResourceKey[minecraft:root / minecraft:item]: truedarkness:deleted_mod_element
[27июл.2024 20:32:12.862] [Worker-Main-1/ERROR] [net.minecraft.world.level.storage.loot.LootDataType/]: Couldn't parse element loot_tables:truedarkness:entities/forgeet - Unknown registry key in ResourceKey[minecraft:root / minecraft:item]: truedarkness:deleted_mod_element; Unknown registry key in ResourceKey[minecraft:root / minecraft:item]: truedarkness:deleted_mod_element
[27июл.2024 20:32:12.902] [Worker-Main-1/WARN] [net.minecraft.server.ReloadableServerRegistries/]: Found loot table element validation problem in {minecraft:loot_table/truedarkness:entities/waste_runner}.pools[0].entries[1].functions[1]: Parameters [<parameter minecraft:tool>] are not provided in this context
[27июл.2024 20:32:12.902] [Worker-Main-1/WARN] [net.minecraft.server.ReloadableServerRegistries/]: Found loot table element validation problem in {minecraft:loot_table/truedarkness:entities/waste_runner}.pools[1].entries[0].functions[1]: Parameters [<parameter minecraft:tool>] are not provided in this context
[27июл.2024 20:32:12.902] [Worker-Main-1/WARN] [net.minecraft.server.ReloadableServerRegistries/]: Found loot table element validation problem in {minecraft:loot_table/truedarkness:entities/waste_runner}.pools[0].entries[0].functions[1]: Parameters [<parameter minecraft:tool>] are not provided in this context
[27июл.2024 20:32:12.902] [Worker-Main-1/WARN] [net.minecraft.server.ReloadableServerRegistries/]: Found loot table element validation problem in {minecraft:loot_table/truedarkness:entities/waste_runner}.pools[2].entries[1].functions[1]: Parameters [<parameter minecraft:tool>] are not provided in this context
[27июл.2024 20:32:12.902] [Worker-Main-1/WARN] [net.minecraft.server.ReloadableServerRegistries/]: Found loot table element validation problem in {minecraft:loot_table/truedarkness:entities/waste_runner}.pools[2].entries[0].functions[1]: Parameters [<parameter minecraft:tool>] are not provided in this context
[27июл.2024 20:32:12.940] [Worker-Main-7/ERROR] [net.minecraft.tags.TagLoader/]: Couldn't read tag list curios:belt from curios:tags/items/belt.json in data pack mod/truedarkness
java.lang.IllegalStateException: Not a JSON object: null; Not a string: null
	at MC-BOOTSTRAP/datafixerupper@7.0.14/com.mojang.serialization.DataResult$Error.getOrThrow(DataResult.java:275) ~[datafixerupper-7.0.14.jar%23119!/:?]
	at MC-BOOTSTRAP/datafixerupper@7.0.14/com.mojang.serialization.DataResult.getOrThrow(DataResult.java:79) ~[datafixerupper-7.0.14.jar%23119!/:?]
	at TRANSFORMER/minecraft@1.20.6/net.minecraft.tags.TagLoader.load(TagLoader.java:53) ~[neoforge-20.6.117.jar%23192!/:?]
	at TRANSFORMER/minecraft@1.20.6/net.minecraft.tags.TagLoader.loadAndBuild(TagLoader.java:118) ~[neoforge-20.6.117.jar%23192!/:?]
	at TRANSFORMER/minecraft@1.20.6/net.minecraft.tags.TagManager.lambda$createLoader$3(TagManager.java:72) ~[neoforge-20.6.117.jar%23192!/:?]
	at java.base/java.util.concurrent.CompletableFuture$AsyncSupply.run(CompletableFuture.java:1768) [?:?]
	at java.base/java.util.concurrent.CompletableFuture$AsyncSupply.exec(CompletableFuture.java:1760) [?:?]
	at java.base/java.util.concurrent.ForkJoinTask.doExec(ForkJoinTask.java:387) [?:?]
	at java.base/java.util.concurrent.ForkJoinPool$WorkQueue.topLevelExec(ForkJoinPool.java:1312) [?:?]
	at java.base/java.util.concurrent.ForkJoinPool.scan(ForkJoinPool.java:1843) [?:?]
	at java.base/java.util.concurrent.ForkJoinPool.runWorker(ForkJoinPool.java:1808) [?:?]
	at java.base/java.util.concurrent.ForkJoinWorkerThread.run(ForkJoinWorkerThread.java:188) [?:?]
[27июл.2024 20:32:12.954] [Worker-Main-7/ERROR] [net.minecraft.tags.TagLoader/]: Couldn't read tag list curios:hands from curios:tags/items/hands.json in data pack mod/truedarkness
java.lang.IllegalStateException: Not a JSON object: null; Not a string: null
	at MC-BOOTSTRAP/datafixerupper@7.0.14/com.mojang.serialization.DataResult$Error.getOrThrow(DataResult.java:275) ~[datafixerupper-7.0.14.jar%23119!/:?]
	at MC-BOOTSTRAP/datafixerupper@7.0.14/com.mojang.serialization.DataResult.getOrThrow(DataResult.java:79) ~[datafixerupper-7.0.14.jar%23119!/:?]
	at TRANSFORMER/minecraft@1.20.6/net.minecraft.tags.TagLoader.load(TagLoader.java:53) ~[neoforge-20.6.117.jar%23192!/:?]
	at TRANSFORMER/minecraft@1.20.6/net.minecraft.tags.TagLoader.loadAndBuild(TagLoader.java:118) ~[neoforge-20.6.117.jar%23192!/:?]
	at TRANSFORMER/minecraft@1.20.6/net.minecraft.tags.TagManager.lambda$createLoader$3(TagManager.java:72) ~[neoforge-20.6.117.jar%23192!/:?]
	at java.base/java.util.concurrent.CompletableFuture$AsyncSupply.run(CompletableFuture.java:1768) [?:?]
	at java.base/java.util.concurrent.CompletableFuture$AsyncSupply.exec(CompletableFuture.java:1760) [?:?]
	at java.base/java.util.concurrent.ForkJoinTask.doExec(ForkJoinTask.java:387) [?:?]
	at java.base/java.util.concurrent.ForkJoinPool$WorkQueue.topLevelExec(ForkJoinPool.java:1312) [?:?]
	at java.base/java.util.concurrent.ForkJoinPool.scan(ForkJoinPool.java:1843) [?:?]
	at java.base/java.util.concurrent.ForkJoinPool.runWorker(ForkJoinPool.java:1808) [?:?]
	at java.base/java.util.concurrent.ForkJoinWorkerThread.run(ForkJoinWorkerThread.java:188) [?:?]
[27июл.2024 20:32:12.955] [Worker-Main-7/ERROR] [net.minecraft.tags.TagLoader/]: Couldn't read tag list curios:head from curios:tags/items/head.json in data pack mod/truedarkness
java.lang.IllegalStateException: Not a JSON object: null; Not a string: null
	at MC-BOOTSTRAP/datafixerupper@7.0.14/com.mojang.serialization.DataResult$Error.getOrThrow(DataResult.java:275) ~[datafixerupper-7.0.14.jar%23119!/:?]
	at MC-BOOTSTRAP/datafixerupper@7.0.14/com.mojang.serialization.DataResult.getOrThrow(DataResult.java:79) ~[datafixerupper-7.0.14.jar%23119!/:?]
	at TRANSFORMER/minecraft@1.20.6/net.minecraft.tags.TagLoader.load(TagLoader.java:53) ~[neoforge-20.6.117.jar%23192!/:?]
	at TRANSFORMER/minecraft@1.20.6/net.minecraft.tags.TagLoader.loadAndBuild(TagLoader.java:118) ~[neoforge-20.6.117.jar%23192!/:?]
	at TRANSFORMER/minecraft@1.20.6/net.minecraft.tags.TagManager.lambda$createLoader$3(TagManager.java:72) ~[neoforge-20.6.117.jar%23192!/:?]
	at java.base/java.util.concurrent.CompletableFuture$AsyncSupply.run(CompletableFuture.java:1768) [?:?]
	at java.base/java.util.concurrent.CompletableFuture$AsyncSupply.exec(CompletableFuture.java:1760) [?:?]
	at java.base/java.util.concurrent.ForkJoinTask.doExec(ForkJoinTask.java:387) [?:?]
	at java.base/java.util.concurrent.ForkJoinPool$WorkQueue.topLevelExec(ForkJoinPool.java:1312) [?:?]
	at java.base/java.util.concurrent.ForkJoinPool.scan(ForkJoinPool.java:1843) [?:?]
	at java.base/java.util.concurrent.ForkJoinPool.runWorker(ForkJoinPool.java:1808) [?:?]
	at java.base/java.util.concurrent.ForkJoinWorkerThread.run(ForkJoinWorkerThread.java:188) [?:?]
[27июл.2024 20:32:12.962] [Worker-Main-7/ERROR] [net.minecraft.tags.TagLoader/]: Couldn't read tag list curios:ring from curios:tags/items/ring.json in data pack mod/truedarkness
java.lang.IllegalStateException: Not a JSON object: null; Not a string: null
	at MC-BOOTSTRAP/datafixerupper@7.0.14/com.mojang.serialization.DataResult$Error.getOrThrow(DataResult.java:275) ~[datafixerupper-7.0.14.jar%23119!/:?]
	at MC-BOOTSTRAP/datafixerupper@7.0.14/com.mojang.serialization.DataResult.getOrThrow(DataResult.java:79) ~[datafixerupper-7.0.14.jar%23119!/:?]
	at TRANSFORMER/minecraft@1.20.6/net.minecraft.tags.TagLoader.load(TagLoader.java:53) ~[neoforge-20.6.117.jar%23192!/:?]
	at TRANSFORMER/minecraft@1.20.6/net.minecraft.tags.TagLoader.loadAndBuild(TagLoader.java:118) ~[neoforge-20.6.117.jar%23192!/:?]
	at TRANSFORMER/minecraft@1.20.6/net.minecraft.tags.TagManager.lambda$createLoader$3(TagManager.java:72) ~[neoforge-20.6.117.jar%23192!/:?]
	at java.base/java.util.concurrent.CompletableFuture$AsyncSupply.run(CompletableFuture.java:1768) [?:?]
	at java.base/java.util.concurrent.CompletableFuture$AsyncSupply.exec(CompletableFuture.java:1760) [?:?]
	at java.base/java.util.concurrent.ForkJoinTask.doExec(ForkJoinTask.java:387) [?:?]
	at java.base/java.util.concurrent.ForkJoinPool$WorkQueue.topLevelExec(ForkJoinPool.java:1312) [?:?]
	at java.base/java.util.concurrent.ForkJoinPool.scan(ForkJoinPool.java:1843) [?:?]
	at java.base/java.util.concurrent.ForkJoinPool.runWorker(ForkJoinPool.java:1808) [?:?]
	at java.base/java.util.concurrent.ForkJoinWorkerThread.run(ForkJoinWorkerThread.java:188) [?:?]
[27июл.2024 20:32:13.078] [Render thread/ERROR] [net.minecraft.world.item.crafting.RecipeManager/]: Parsing error loading recipe truedarkness:raw_ladore_recipe
com.google.gson.JsonParseException: Unknown registry key in ResourceKey[minecraft:root / minecraft:item]: truedarkness:deleted_mod_element
	at MC-BOOTSTRAP/datafixerupper@7.0.14/com.mojang.serialization.DataResult$Error.getOrThrow(DataResult.java:275) ~[datafixerupper-7.0.14.jar%23119!/:?]
	at TRANSFORMER/minecraft@1.20.6/net.minecraft.world.item.crafting.RecipeManager.apply(RecipeManager.java:60) ~[neoforge-20.6.117.jar%23192!/:?]
	at TRANSFORMER/minecraft@1.20.6/net.minecraft.world.item.crafting.RecipeManager.apply(RecipeManager.java:36) ~[neoforge-20.6.117.jar%23192!/:?]
	at TRANSFORMER/minecraft@1.20.6/net.minecraft.server.packs.resources.SimplePreparableReloadListener.lambda$reload$1(SimplePreparableReloadListener.java:19) ~[neoforge-20.6.117.jar%23192!/:?]
	at java.base/java.util.concurrent.CompletableFuture$UniAccept.tryFire(CompletableFuture.java:718) ~[?:?]
	at java.base/java.util.concurrent.CompletableFuture$Completion.run(CompletableFuture.java:482) ~[?:?]
	at TRANSFORMER/minecraft@1.20.6/net.minecraft.server.packs.resources.SimpleReloadInstance.lambda$new$3(SimpleReloadInstance.java:86) ~[neoforge-20.6.117.jar%23192!/:?]
	at TRANSFORMER/minecraft@1.20.6/net.minecraft.util.thread.BlockableEventLoop.doRunTask(BlockableEventLoop.java:148) ~[neoforge-20.6.117.jar%23192!/:?]
	at TRANSFORMER/minecraft@1.20.6/net.minecraft.util.thread.ReentrantBlockableEventLoop.doRunTask(ReentrantBlockableEventLoop.java:24) ~[neoforge-20.6.117.jar%23192!/:?]
	at TRANSFORMER/minecraft@1.20.6/net.minecraft.util.thread.BlockableEventLoop.pollTask(BlockableEventLoop.java:122) ~[neoforge-20.6.117.jar%23192!/:?]
	at TRANSFORMER/minecraft@1.20.6/net.minecraft.util.thread.BlockableEventLoop.managedBlock(BlockableEventLoop.java:132) ~[neoforge-20.6.117.jar%23192!/:?]
	at TRANSFORMER/minecraft@1.20.6/net.minecraft.client.gui.screens.worldselection.CreateWorldScreen.openFresh(CreateWorldScreen.java:140) ~[neoforge-20.6.117.jar%23192!/:?]
	at TRANSFORMER/minecraft@1.20.6/net.minecraft.client.gui.screens.worldselection.WorldSelectionList.loadLevels(WorldSelectionList.java:192) ~[neoforge-20.6.117.jar%23192!/:?]
	at TRANSFORMER/minecraft@1.20.6/net.minecraft.client.gui.screens.worldselection.WorldSelectionList.reloadWorldList(WorldSelectionList.java:133) ~[neoforge-20.6.117.jar%23192!/:?]
	at TRANSFORMER/minecraft@1.20.6/net.minecraft.client.gui.screens.worldselection.WorldSelectionList$WorldListEntry.doDeleteWorld(WorldSelectionList.java:538) ~[neoforge-20.6.117.jar%23192!/:?]
	at TRANSFORMER/minecraft@1.20.6/net.minecraft.client.gui.screens.worldselection.WorldSelectionList$WorldListEntry.lambda$deleteWorld$2(WorldSelectionList.java:513) ~[neoforge-20.6.117.jar%23192!/:?]
	at TRANSFORMER/minecraft@1.20.6/net.minecraft.client.gui.screens.ConfirmScreen.lambda$addButtons$0(ConfirmScreen.java:53) ~[neoforge-20.6.117.jar%23192!/:?]
	at TRANSFORMER/minecraft@1.20.6/net.minecraft.client.gui.components.Button.onPress(Button.java:41) ~[neoforge-20.6.117.jar%23192!/:?]
	at TRANSFORMER/minecraft@1.20.6/net.minecraft.client.gui.components.AbstractButton.onClick(AbstractButton.java:45) ~[neoforge-20.6.117.jar%23192!/:?]
	at TRANSFORMER/neoforge@20.6.117/net.neoforged.neoforge.client.extensions.IAbstractWidgetExtension.onClick(IAbstractWidgetExtension.java:36) ~[neoforge-20.6.117.jar%23193!/:?]
	at TRANSFORMER/minecraft@1.20.6/net.minecraft.client.gui.components.AbstractWidget.mouseClicked(AbstractWidget.java:144) ~[neoforge-20.6.117.jar%23192!/:?]
	at TRANSFORMER/minecraft@1.20.6/net.minecraft.client.gui.components.events.ContainerEventHandler.mouseClicked(ContainerEventHandler.java:40) ~[neoforge-20.6.117.jar%23192!/:?]
	at TRANSFORMER/minecraft@1.20.6/net.minecraft.client.MouseHandler.lambda$onPress$0(MouseHandler.java:93) ~[neoforge-20.6.117.jar%23192!/:?]
	at TRANSFORMER/minecraft@1.20.6/net.minecraft.client.gui.screens.Screen.wrapScreenError(Screen.java:478) ~[neoforge-20.6.117.jar%23192!/:?]
	at TRANSFORMER/minecraft@1.20.6/net.minecraft.client.MouseHandler.onPress(MouseHandler.java:90) ~[neoforge-20.6.117.jar%23192!/:?]
	at TRANSFORMER/minecraft@1.20.6/net.minecraft.client.MouseHandler.lambda$setup$4(MouseHandler.java:193) ~[neoforge-20.6.117.jar%23192!/:?]
	at TRANSFORMER/minecraft@1.20.6/net.minecraft.util.thread.BlockableEventLoop.execute(BlockableEventLoop.java:98) ~[neoforge-20.6.117.jar%23192!/:?]
	at TRANSFORMER/minecraft@1.20.6/net.minecraft.client.MouseHandler.lambda$setup$5(MouseHandler.java:193) ~[neoforge-20.6.117.jar%23192!/:?]
	at MC-BOOTSTRAP/org.lwjgl.glfw@3.3.3+5/org.lwjgl.glfw.GLFWMouseButtonCallbackI.callback(GLFWMouseButtonCallbackI.java:43) ~[lwjgl-glfw-3.3.3.jar%23173!/:build 5]
	at MC-BOOTSTRAP/org.lwjgl@3.3.3+5/org.lwjgl.system.JNI.invokeV(Native Method) ~[lwjgl-3.3.3.jar%23184!/:build 5]
	at MC-BOOTSTRAP/org.lwjgl.glfw@3.3.3+5/org.lwjgl.glfw.GLFW.glfwWaitEventsTimeout(GLFW.java:3509) ~[lwjgl-glfw-3.3.3.jar%23173!/:build 5]
	at TRANSFORMER/minecraft@1.20.6/com.mojang.blaze3d.systems.RenderSystem.limitDisplayFPS(RenderSystem.java:205) ~[neoforge-20.6.117.jar%23192!/:?]
	at TRANSFORMER/minecraft@1.20.6/net.minecraft.client.Minecraft.runTick(Minecraft.java:1282) ~[neoforge-20.6.117.jar%23192!/:?]
	at TRANSFORMER/minecraft@1.20.6/net.minecraft.client.Minecraft.run(Minecraft.java:815) ~[neoforge-20.6.117.jar%23192!/:?]
	at TRANSFORMER/minecraft@1.20.6/net.minecraft.client.main.Main.main(Main.java:244) ~[neoforge-20.6.117.jar%23192!/:?]
	at java.base/jdk.internal.reflect.DirectMethodHandleAccessor.invoke(DirectMethodHandleAccessor.java:103) ~[?:?]
	at java.base/java.lang.reflect.Method.invoke(Method.java:580) ~[?:?]
	at MC-BOOTSTRAP/fml_loader@3.0.45/net.neoforged.fml.loading.targets.CommonLaunchHandler.runTarget(CommonLaunchHandler.java:136) ~[loader-3.0.45.jar%23145!/:3.0]
	at MC-BOOTSTRAP/fml_loader@3.0.45/net.neoforged.fml.loading.targets.CommonLaunchHandler.clientService(CommonLaunchHandler.java:124) ~[loader-3.0.45.jar%23145!/:3.0]
	at MC-BOOTSTRAP/fml_loader@3.0.45/net.neoforged.fml.loading.targets.NeoForgeClientUserdevLaunchHandler.runService(NeoForgeClientUserdevLaunchHandler.java:23) ~[loader-3.0.45.jar%23145!/:3.0]
	at MC-BOOTSTRAP/fml_loader@3.0.45/net.neoforged.fml.loading.targets.CommonLaunchHandler.lambda$launchService$4(CommonLaunchHandler.java:118) ~[loader-3.0.45.jar%23145!/:3.0]
	at MC-BOOTSTRAP/cpw.mods.modlauncher@11.0.2/cpw.mods.modlauncher.LaunchServiceHandlerDecorator.launch(LaunchServiceHandlerDecorator.java:30) [modlauncher-11.0.2.jar%23126!/:?]
	at MC-BOOTSTRAP/cpw.mods.modlauncher@11.0.2/cpw.mods.modlauncher.LaunchServiceHandler.launch(LaunchServiceHandler.java:53) [modlauncher-11.0.2.jar%23126!/:?]
	at MC-BOOTSTRAP/cpw.mods.modlauncher@11.0.2/cpw.mods.modlauncher.LaunchServiceHandler.launch(LaunchServiceHandler.java:71) [modlauncher-11.0.2.jar%23126!/:?]
	at MC-BOOTSTRAP/cpw.mods.modlauncher@11.0.2/cpw.mods.modlauncher.Launcher.run(Launcher.java:103) [modlauncher-11.0.2.jar%23126!/:?]
	at MC-BOOTSTRAP/cpw.mods.modlauncher@11.0.2/cpw.mods.modlauncher.Launcher.main(Launcher.java:74) [modlauncher-11.0.2.jar%23126!/:?]
	at MC-BOOTSTRAP/cpw.mods.modlauncher@11.0.2/cpw.mods.modlauncher.BootstrapLaunchConsumer.accept(BootstrapLaunchConsumer.java:26) [modlauncher-11.0.2.jar%23126!/:?]
	at MC-BOOTSTRAP/cpw.mods.modlauncher@11.0.2/cpw.mods.modlauncher.BootstrapLaunchConsumer.accept(BootstrapLaunchConsumer.java:23) [modlauncher-11.0.2.jar%23126!/:?]
	at cpw.mods.bootstraplauncher@2.0.2/cpw.mods.bootstraplauncher.BootstrapLauncher.run(BootstrapLauncher.java:210) [bootstraplauncher-2.0.2.jar:?]
	at cpw.mods.bootstraplauncher@2.0.2/cpw.mods.bootstraplauncher.BootstrapLauncher.main(BootstrapLauncher.java:69) [bootstraplauncher-2.0.2.jar:?]
[27июл.2024 20:32:13.085] [Render thread/ERROR] [net.minecraft.world.item.crafting.RecipeManager/]: Parsing error loading recipe truedarkness:gramite_block_recipe_1
com.google.gson.JsonParseException: Unknown registry key in ResourceKey[minecraft:root / minecraft:item]: truedarkness:deleted_mod_element
	at MC-BOOTSTRAP/datafixerupper@7.0.14/com.mojang.serialization.DataResult$Error.getOrThrow(DataResult.java:275) ~[datafixerupper-7.0.14.jar%23119!/:?]
	at TRANSFORMER/minecraft@1.20.6/net.minecraft.world.item.crafting.RecipeManager.apply(RecipeManager.java:60) ~[neoforge-20.6.117.jar%23192!/:?]
	at TRANSFORMER/minecraft@1.20.6/net.minecraft.world.item.crafting.RecipeManager.apply(RecipeManager.java:36) ~[neoforge-20.6.117.jar%23192!/:?]
	at TRANSFORMER/minecraft@1.20.6/net.minecraft.server.packs.resources.SimplePreparableReloadListener.lambda$reload$1(SimplePreparableReloadListener.java:19) ~[neoforge-20.6.117.jar%23192!/:?]
	at java.base/java.util.concurrent.CompletableFuture$UniAccept.tryFire(CompletableFuture.java:718) ~[?:?]
	at java.base/java.util.concurrent.CompletableFuture$Completion.run(CompletableFuture.java:482) ~[?:?]
	at TRANSFORMER/minecraft@1.20.6/net.minecraft.server.packs.resources.SimpleReloadInstance.lambda$new$3(SimpleReloadInstance.java:86) ~[neoforge-20.6.117.jar%23192!/:?]
	at TRANSFORMER/minecraft@1.20.6/net.minecraft.util.thread.BlockableEventLoop.doRunTask(BlockableEventLoop.java:148) ~[neoforge-20.6.117.jar%23192!/:?]
	at TRANSFORMER/minecraft@1.20.6/net.minecraft.util.thread.ReentrantBlockableEventLoop.doRunTask(ReentrantBlockableEventLoop.java:24) ~[neoforge-20.6.117.jar%23192!/:?]
	at TRANSFORMER/minecraft@1.20.6/net.minecraft.util.thread.BlockableEventLoop.pollTask(BlockableEventLoop.java:122) ~[neoforge-20.6.117.jar%23192!/:?]
	at TRANSFORMER/minecraft@1.20.6/net.minecraft.util.thread.BlockableEventLoop.managedBlock(BlockableEventLoop.java:132) ~[neoforge-20.6.117.jar%23192!/:?]
	at TRANSFORMER/minecraft@1.20.6/net.minecraft.client.gui.screens.worldselection.CreateWorldScreen.openFresh(CreateWorldScreen.java:140) ~[neoforge-20.6.117.jar%23192!/:?]
	at TRANSFORMER/minecraft@1.20.6/net.minecraft.client.gui.screens.worldselection.WorldSelectionList.loadLevels(WorldSelectionList.java:192) ~[neoforge-20.6.117.jar%23192!/:?]
	at TRANSFORMER/minecraft@1.20.6/net.minecraft.client.gui.screens.worldselection.WorldSelectionList.reloadWorldList(WorldSelectionList.java:133) ~[neoforge-20.6.117.jar%23192!/:?]
	at TRANSFORMER/minecraft@1.20.6/net.minecraft.client.gui.screens.worldselection.WorldSelectionList$WorldListEntry.doDeleteWorld(WorldSelectionList.java:538) ~[neoforge-20.6.117.jar%23192!/:?]
	at TRANSFORMER/minecraft@1.20.6/net.minecraft.client.gui.screens.worldselection.WorldSelectionList$WorldListEntry.lambda$deleteWorld$2(WorldSelectionList.java:513) ~[neoforge-20.6.117.jar%23192!/:?]
	at TRANSFORMER/minecraft@1.20.6/net.minecraft.client.gui.screens.ConfirmScreen.lambda$addButtons$0(ConfirmScreen.java:53) ~[neoforge-20.6.117.jar%23192!/:?]
	at TRANSFORMER/minecraft@1.20.6/net.minecraft.client.gui.components.Button.onPress(Button.java:41) ~[neoforge-20.6.117.jar%23192!/:?]
	at TRANSFORMER/minecraft@1.20.6/net.minecraft.client.gui.components.AbstractButton.onClick(AbstractButton.java:45) ~[neoforge-20.6.117.jar%23192!/:?]
	at TRANSFORMER/neoforge@20.6.117/net.neoforged.neoforge.client.extensions.IAbstractWidgetExtension.onClick(IAbstractWidgetExtension.java:36) ~[neoforge-20.6.117.jar%23193!/:?]
	at TRANSFORMER/minecraft@1.20.6/net.minecraft.client.gui.components.AbstractWidget.mouseClicked(AbstractWidget.java:144) ~[neoforge-20.6.117.jar%23192!/:?]
	at TRANSFORMER/minecraft@1.20.6/net.minecraft.client.gui.components.events.ContainerEventHandler.mouseClicked(ContainerEventHandler.java:40) ~[neoforge-20.6.117.jar%23192!/:?]
	at TRANSFORMER/minecraft@1.20.6/net.minecraft.client.MouseHandler.lambda$onPress$0(MouseHandler.java:93) ~[neoforge-20.6.117.jar%23192!/:?]
	at TRANSFORMER/minecraft@1.20.6/net.minecraft.client.gui.screens.Screen.wrapScreenError(Screen.java:478) ~[neoforge-20.6.117.jar%23192!/:?]
	at TRANSFORMER/minecraft@1.20.6/net.minecraft.client.MouseHandler.onPress(MouseHandler.java:90) ~[neoforge-20.6.117.jar%23192!/:?]
	at TRANSFORMER/minecraft@1.20.6/net.minecraft.client.MouseHandler.lambda$setup$4(MouseHandler.java:193) ~[neoforge-20.6.117.jar%23192!/:?]
	at TRANSFORMER/minecraft@1.20.6/net.minecraft.util.thread.BlockableEventLoop.execute(BlockableEventLoop.java:98) ~[neoforge-20.6.117.jar%23192!/:?]
	at TRANSFORMER/minecraft@1.20.6/net.minecraft.client.MouseHandler.lambda$setup$5(MouseHandler.java:193) ~[neoforge-20.6.117.jar%23192!/:?]
	at MC-BOOTSTRAP/org.lwjgl.glfw@3.3.3+5/org.lwjgl.glfw.GLFWMouseButtonCallbackI.callback(GLFWMouseButtonCallbackI.java:43) ~[lwjgl-glfw-3.3.3.jar%23173!/:build 5]
	at MC-BOOTSTRAP/org.lwjgl@3.3.3+5/org.lwjgl.system.JNI.invokeV(Native Method) ~[lwjgl-3.3.3.jar%23184!/:build 5]
	at MC-BOOTSTRAP/org.lwjgl.glfw@3.3.3+5/org.lwjgl.glfw.GLFW.glfwWaitEventsTimeout(GLFW.java:3509) ~[lwjgl-glfw-3.3.3.jar%23173!/:build 5]
	at TRANSFORMER/minecraft@1.20.6/com.mojang.blaze3d.systems.RenderSystem.limitDisplayFPS(RenderSystem.java:205) ~[neoforge-20.6.117.jar%23192!/:?]
	at TRANSFORMER/minecraft@1.20.6/net.minecraft.client.Minecraft.runTick(Minecraft.java:1282) ~[neoforge-20.6.117.jar%23192!/:?]
	at TRANSFORMER/minecraft@1.20.6/net.minecraft.client.Minecraft.run(Minecraft.java:815) ~[neoforge-20.6.117.jar%23192!/:?]
	at TRANSFORMER/minecraft@1.20.6/net.minecraft.client.main.Main.main(Main.java:244) ~[neoforge-20.6.117.jar%23192!/:?]
	at java.base/jdk.internal.reflect.DirectMethodHandleAccessor.invoke(DirectMethodHandleAccessor.java:103) ~[?:?]
	at java.base/java.lang.reflect.Method.invoke(Method.java:580) ~[?:?]
	at MC-BOOTSTRAP/fml_loader@3.0.45/net.neoforged.fml.loading.targets.CommonLaunchHandler.runTarget(CommonLaunchHandler.java:136) ~[loader-3.0.45.jar%23145!/:3.0]
	at MC-BOOTSTRAP/fml_loader@3.0.45/net.neoforged.fml.loading.targets.CommonLaunchHandler.clientService(CommonLaunchHandler.java:124) ~[loader-3.0.45.jar%23145!/:3.0]
	at MC-BOOTSTRAP/fml_loader@3.0.45/net.neoforged.fml.loading.targets.NeoForgeClientUserdevLaunchHandler.runService(NeoForgeClientUserdevLaunchHandler.java:23) ~[loader-3.0.45.jar%23145!/:3.0]
	at MC-BOOTSTRAP/fml_loader@3.0.45/net.neoforged.fml.loading.targets.CommonLaunchHandler.lambda$launchService$4(CommonLaunchHandler.java:118) ~[loader-3.0.45.jar%23145!/:3.0]
	at MC-BOOTSTRAP/cpw.mods.modlauncher@11.0.2/cpw.mods.modlauncher.LaunchServiceHandlerDecorator.launch(LaunchServiceHandlerDecorator.java:30) [modlauncher-11.0.2.jar%23126!/:?]
	at MC-BOOTSTRAP/cpw.mods.modlauncher@11.0.2/cpw.mods.modlauncher.LaunchServiceHandler.launch(LaunchServiceHandler.java:53) [modlauncher-11.0.2.jar%23126!/:?]
	at MC-BOOTSTRAP/cpw.mods.modlauncher@11.0.2/cpw.mods.modlauncher.LaunchServiceHandler.launch(LaunchServiceHandler.java:71) [modlauncher-11.0.2.jar%23126!/:?]
	at MC-BOOTSTRAP/cpw.mods.modlauncher@11.0.2/cpw.mods.modlauncher.Launcher.run(Launcher.java:103) [modlauncher-11.0.2.jar%23126!/:?]
	at MC-BOOTSTRAP/cpw.mods.modlauncher@11.0.2/cpw.mods.modlauncher.Launcher.main(Launcher.java:74) [modlauncher-11.0.2.jar%23126!/:?]
	at MC-BOOTSTRAP/cpw.mods.modlauncher@11.0.2/cpw.mods.modlauncher.BootstrapLaunchConsumer.accept(BootstrapLaunchConsumer.java:26) [modlauncher-11.0.2.jar%23126!/:?]
	at MC-BOOTSTRAP/cpw.mods.modlauncher@11.0.2/cpw.mods.modlauncher.BootstrapLaunchConsumer.accept(BootstrapLaunchConsumer.java:23) [modlauncher-11.0.2.jar%23126!/:?]
	at cpw.mods.bootstraplauncher@2.0.2/cpw.mods.bootstraplauncher.BootstrapLauncher.run(BootstrapLauncher.java:210) [bootstraplauncher-2.0.2.jar:?]
	at cpw.mods.bootstraplauncher@2.0.2/cpw.mods.bootstraplauncher.BootstrapLauncher.main(BootstrapLauncher.java:69) [bootstraplauncher-2.0.2.jar:?]
[27июл.2024 20:32:13.098] [Render thread/ERROR] [net.minecraft.world.item.crafting.RecipeManager/]: Parsing error loading recipe truedarkness:metenite_glass_recipe
com.google.gson.JsonParseException: No key tag in MapLike[{"item":"truedarkness:deleted_mod_element"}]; Unknown registry key in ResourceKey[minecraft:root / minecraft:item]: truedarkness:deleted_mod_element; Not a json array: {"item":"truedarkness:deleted_mod_element"}
	at MC-BOOTSTRAP/datafixerupper@7.0.14/com.mojang.serialization.DataResult$Error.getOrThrow(DataResult.java:275) ~[datafixerupper-7.0.14.jar%23119!/:?]
	at TRANSFORMER/minecraft@1.20.6/net.minecraft.world.item.crafting.RecipeManager.apply(RecipeManager.java:60) ~[neoforge-20.6.117.jar%23192!/:?]
	at TRANSFORMER/minecraft@1.20.6/net.minecraft.world.item.crafting.RecipeManager.apply(RecipeManager.java:36) ~[neoforge-20.6.117.jar%23192!/:?]
	at TRANSFORMER/minecraft@1.20.6/net.minecraft.server.packs.resources.SimplePreparableReloadListener.lambda$reload$1(SimplePreparableReloadListener.java:19) ~[neoforge-20.6.117.jar%23192!/:?]
	at java.base/java.util.concurrent.CompletableFuture$UniAccept.tryFire(CompletableFuture.java:718) ~[?:?]
	at java.base/java.util.concurrent.CompletableFuture$Completion.run(CompletableFuture.java:482) ~[?:?]
	at TRANSFORMER/minecraft@1.20.6/net.minecraft.server.packs.resources.SimpleReloadInstance.lambda$new$3(SimpleReloadInstance.java:86) ~[neoforge-20.6.117.jar%23192!/:?]
	at TRANSFORMER/minecraft@1.20.6/net.minecraft.util.thread.BlockableEventLoop.doRunTask(BlockableEventLoop.java:148) ~[neoforge-20.6.117.jar%23192!/:?]
	at TRANSFORMER/minecraft@1.20.6/net.minecraft.util.thread.ReentrantBlockableEventLoop.doRunTask(ReentrantBlockableEventLoop.java:24) ~[neoforge-20.6.117.jar%23192!/:?]
	at TRANSFORMER/minecraft@1.20.6/net.minecraft.util.thread.BlockableEventLoop.pollTask(BlockableEventLoop.java:122) ~[neoforge-20.6.117.jar%23192!/:?]
	at TRANSFORMER/minecraft@1.20.6/net.minecraft.util.thread.BlockableEventLoop.managedBlock(BlockableEventLoop.java:132) ~[neoforge-20.6.117.jar%23192!/:?]
	at TRANSFORMER/minecraft@1.20.6/net.minecraft.client.gui.screens.worldselection.CreateWorldScreen.openFresh(CreateWorldScreen.java:140) ~[neoforge-20.6.117.jar%23192!/:?]
	at TRANSFORMER/minecraft@1.20.6/net.minecraft.client.gui.screens.worldselection.WorldSelectionList.loadLevels(WorldSelectionList.java:192) ~[neoforge-20.6.117.jar%23192!/:?]
	at TRANSFORMER/minecraft@1.20.6/net.minecraft.client.gui.screens.worldselection.WorldSelectionList.reloadWorldList(WorldSelectionList.java:133) ~[neoforge-20.6.117.jar%23192!/:?]
	at TRANSFORMER/minecraft@1.20.6/net.minecraft.client.gui.screens.worldselection.WorldSelectionList$WorldListEntry.doDeleteWorld(WorldSelectionList.java:538) ~[neoforge-20.6.117.jar%23192!/:?]
	at TRANSFORMER/minecraft@1.20.6/net.minecraft.client.gui.screens.worldselection.WorldSelectionList$WorldListEntry.lambda$deleteWorld$2(WorldSelectionList.java:513) ~[neoforge-20.6.117.jar%23192!/:?]
	at TRANSFORMER/minecraft@1.20.6/net.minecraft.client.gui.screens.ConfirmScreen.lambda$addButtons$0(ConfirmScreen.java:53) ~[neoforge-20.6.117.jar%23192!/:?]
	at TRANSFORMER/minecraft@1.20.6/net.minecraft.client.gui.components.Button.onPress(Button.java:41) ~[neoforge-20.6.117.jar%23192!/:?]
	at TRANSFORMER/minecraft@1.20.6/net.minecraft.client.gui.components.AbstractButton.onClick(AbstractButton.java:45) ~[neoforge-20.6.117.jar%23192!/:?]
	at TRANSFORMER/neoforge@20.6.117/net.neoforged.neoforge.client.extensions.IAbstractWidgetExtension.onClick(IAbstractWidgetExtension.java:36) ~[neoforge-20.6.117.jar%23193!/:?]
	at TRANSFORMER/minecraft@1.20.6/net.minecraft.client.gui.components.AbstractWidget.mouseClicked(AbstractWidget.java:144) ~[neoforge-20.6.117.jar%23192!/:?]
	at TRANSFORMER/minecraft@1.20.6/net.minecraft.client.gui.components.events.ContainerEventHandler.mouseClicked(ContainerEventHandler.java:40) ~[neoforge-20.6.117.jar%23192!/:?]
	at TRANSFORMER/minecraft@1.20.6/net.minecraft.client.MouseHandler.lambda$onPress$0(MouseHandler.java:93) ~[neoforge-20.6.117.jar%23192!/:?]
	at TRANSFORMER/minecraft@1.20.6/net.minecraft.client.gui.screens.Screen.wrapScreenError(Screen.java:478) ~[neoforge-20.6.117.jar%23192!/:?]
	at TRANSFORMER/minecraft@1.20.6/net.minecraft.client.MouseHandler.onPress(MouseHandler.java:90) ~[neoforge-20.6.117.jar%23192!/:?]
	at TRANSFORMER/minecraft@1.20.6/net.minecraft.client.MouseHandler.lambda$setup$4(MouseHandler.java:193) ~[neoforge-20.6.117.jar%23192!/:?]
	at TRANSFORMER/minecraft@1.20.6/net.minecraft.util.thread.BlockableEventLoop.execute(BlockableEventLoop.java:98) ~[neoforge-20.6.117.jar%23192!/:?]
	at TRANSFORMER/minecraft@1.20.6/net.minecraft.client.MouseHandler.lambda$setup$5(MouseHandler.java:193) ~[neoforge-20.6.117.jar%23192!/:?]
	at MC-BOOTSTRAP/org.lwjgl.glfw@3.3.3+5/org.lwjgl.glfw.GLFWMouseButtonCallbackI.callback(GLFWMouseButtonCallbackI.java:43) ~[lwjgl-glfw-3.3.3.jar%23173!/:build 5]
	at MC-BOOTSTRAP/org.lwjgl@3.3.3+5/org.lwjgl.system.JNI.invokeV(Native Method) ~[lwjgl-3.3.3.jar%23184!/:build 5]
	at MC-BOOTSTRAP/org.lwjgl.glfw@3.3.3+5/org.lwjgl.glfw.GLFW.glfwWaitEventsTimeout(GLFW.java:3509) ~[lwjgl-glfw-3.3.3.jar%23173!/:build 5]
	at TRANSFORMER/minecraft@1.20.6/com.mojang.blaze3d.systems.RenderSystem.limitDisplayFPS(RenderSystem.java:205) ~[neoforge-20.6.117.jar%23192!/:?]
	at TRANSFORMER/minecraft@1.20.6/net.minecraft.client.Minecraft.runTick(Minecraft.java:1282) ~[neoforge-20.6.117.jar%23192!/:?]
	at TRANSFORMER/minecraft@1.20.6/net.minecraft.client.Minecraft.run(Minecraft.java:815) ~[neoforge-20.6.117.jar%23192!/:?]
	at TRANSFORMER/minecraft@1.20.6/net.minecraft.client.main.Main.main(Main.java:244) ~[neoforge-20.6.117.jar%23192!/:?]
	at java.base/jdk.internal.reflect.DirectMethodHandleAccessor.invoke(DirectMethodHandleAccessor.java:103) ~[?:?]
	at java.base/java.lang.reflect.Method.invoke(Method.java:580) ~[?:?]
	at MC-BOOTSTRAP/fml_loader@3.0.45/net.neoforged.fml.loading.targets.CommonLaunchHandler.runTarget(CommonLaunchHandler.java:136) ~[loader-3.0.45.jar%23145!/:3.0]
	at MC-BOOTSTRAP/fml_loader@3.0.45/net.neoforged.fml.loading.targets.CommonLaunchHandler.clientService(CommonLaunchHandler.java:124) ~[loader-3.0.45.jar%23145!/:3.0]
	at MC-BOOTSTRAP/fml_loader@3.0.45/net.neoforged.fml.loading.targets.NeoForgeClientUserdevLaunchHandler.runService(NeoForgeClientUserdevLaunchHandler.java:23) ~[loader-3.0.45.jar%23145!/:3.0]
	at MC-BOOTSTRAP/fml_loader@3.0.45/net.neoforged.fml.loading.targets.CommonLaunchHandler.lambda$launchService$4(CommonLaunchHandler.java:118) ~[loader-3.0.45.jar%23145!/:3.0]
	at MC-BOOTSTRAP/cpw.mods.modlauncher@11.0.2/cpw.mods.modlauncher.LaunchServiceHandlerDecorator.launch(LaunchServiceHandlerDecorator.java:30) [modlauncher-11.0.2.jar%23126!/:?]
	at MC-BOOTSTRAP/cpw.mods.modlauncher@11.0.2/cpw.mods.modlauncher.LaunchServiceHandler.launch(LaunchServiceHandler.java:53) [modlauncher-11.0.2.jar%23126!/:?]
	at MC-BOOTSTRAP/cpw.mods.modlauncher@11.0.2/cpw.mods.modlauncher.LaunchServiceHandler.launch(LaunchServiceHandler.java:71) [modlauncher-11.0.2.jar%23126!/:?]
	at MC-BOOTSTRAP/cpw.mods.modlauncher@11.0.2/cpw.mods.modlauncher.Launcher.run(Launcher.java:103) [modlauncher-11.0.2.jar%23126!/:?]
	at MC-BOOTSTRAP/cpw.mods.modlauncher@11.0.2/cpw.mods.modlauncher.Launcher.main(Launcher.java:74) [modlauncher-11.0.2.jar%23126!/:?]
	at MC-BOOTSTRAP/cpw.mods.modlauncher@11.0.2/cpw.mods.modlauncher.BootstrapLaunchConsumer.accept(BootstrapLaunchConsumer.java:26) [modlauncher-11.0.2.jar%23126!/:?]
	at MC-BOOTSTRAP/cpw.mods.modlauncher@11.0.2/cpw.mods.modlauncher.BootstrapLaunchConsumer.accept(BootstrapLaunchConsumer.java:23) [modlauncher-11.0.2.jar%23126!/:?]
	at cpw.mods.bootstraplauncher@2.0.2/cpw.mods.bootstraplauncher.BootstrapLauncher.run(BootstrapLauncher.java:210) [bootstraplauncher-2.0.2.jar:?]
	at cpw.mods.bootstraplauncher@2.0.2/cpw.mods.bootstraplauncher.BootstrapLauncher.main(BootstrapLauncher.java:69) [bootstraplauncher-2.0.2.jar:?]
[27июл.2024 20:32:13.102] [Render thread/ERROR] [net.minecraft.world.item.crafting.RecipeManager/]: Parsing error loading recipe truedarkness:ludore_block_recipe_0
com.google.gson.JsonParseException: Unknown registry key in ResourceKey[minecraft:root / minecraft:item]: truedarkness:deleted_mod_element; Map entry 'a' : No key tag in MapLike[{"item":"truedarkness:deleted_mod_element"}]; Unknown registry key in ResourceKey[minecraft:root / minecraft:item]: truedarkness:deleted_mod_element; Not a json array: {"item":"truedarkness:deleted_mod_element"}
	at MC-BOOTSTRAP/datafixerupper@7.0.14/com.mojang.serialization.DataResult$Error.getOrThrow(DataResult.java:275) ~[datafixerupper-7.0.14.jar%23119!/:?]
	at TRANSFORMER/minecraft@1.20.6/net.minecraft.world.item.crafting.RecipeManager.apply(RecipeManager.java:60) ~[neoforge-20.6.117.jar%23192!/:?]
	at TRANSFORMER/minecraft@1.20.6/net.minecraft.world.item.crafting.RecipeManager.apply(RecipeManager.java:36) ~[neoforge-20.6.117.jar%23192!/:?]
	at TRANSFORMER/minecraft@1.20.6/net.minecraft.server.packs.resources.SimplePreparableReloadListener.lambda$reload$1(SimplePreparableReloadListener.java:19) ~[neoforge-20.6.117.jar%23192!/:?]
	at java.base/java.util.concurrent.CompletableFuture$UniAccept.tryFire(CompletableFuture.java:718) ~[?:?]
	at java.base/java.util.concurrent.CompletableFuture$Completion.run(CompletableFuture.java:482) ~[?:?]
	at TRANSFORMER/minecraft@1.20.6/net.minecraft.server.packs.resources.SimpleReloadInstance.lambda$new$3(SimpleReloadInstance.java:86) ~[neoforge-20.6.117.jar%23192!/:?]
	at TRANSFORMER/minecraft@1.20.6/net.minecraft.util.thread.BlockableEventLoop.doRunTask(BlockableEventLoop.java:148) ~[neoforge-20.6.117.jar%23192!/:?]
	at TRANSFORMER/minecraft@1.20.6/net.minecraft.util.thread.ReentrantBlockableEventLoop.doRunTask(ReentrantBlockableEventLoop.java:24) ~[neoforge-20.6.117.jar%23192!/:?]
	at TRANSFORMER/minecraft@1.20.6/net.minecraft.util.thread.BlockableEventLoop.pollTask(BlockableEventLoop.java:122) ~[neoforge-20.6.117.jar%23192!/:?]
	at TRANSFORMER/minecraft@1.20.6/net.minecraft.util.thread.BlockableEventLoop.managedBlock(BlockableEventLoop.java:132) ~[neoforge-20.6.117.jar%23192!/:?]
	at TRANSFORMER/minecraft@1.20.6/net.minecraft.client.gui.screens.worldselection.CreateWorldScreen.openFresh(CreateWorldScreen.java:140) ~[neoforge-20.6.117.jar%23192!/:?]
	at TRANSFORMER/minecraft@1.20.6/net.minecraft.client.gui.screens.worldselection.WorldSelectionList.loadLevels(WorldSelectionList.java:192) ~[neoforge-20.6.117.jar%23192!/:?]
	at TRANSFORMER/minecraft@1.20.6/net.minecraft.client.gui.screens.worldselection.WorldSelectionList.reloadWorldList(WorldSelectionList.java:133) ~[neoforge-20.6.117.jar%23192!/:?]
	at TRANSFORMER/minecraft@1.20.6/net.minecraft.client.gui.screens.worldselection.WorldSelectionList$WorldListEntry.doDeleteWorld(WorldSelectionList.java:538) ~[neoforge-20.6.117.jar%23192!/:?]
	at TRANSFORMER/minecraft@1.20.6/net.minecraft.client.gui.screens.worldselection.WorldSelectionList$WorldListEntry.lambda$deleteWorld$2(WorldSelectionList.java:513) ~[neoforge-20.6.117.jar%23192!/:?]
	at TRANSFORMER/minecraft@1.20.6/net.minecraft.client.gui.screens.ConfirmScreen.lambda$addButtons$0(ConfirmScreen.java:53) ~[neoforge-20.6.117.jar%23192!/:?]
	at TRANSFORMER/minecraft@1.20.6/net.minecraft.client.gui.components.Button.onPress(Button.java:41) ~[neoforge-20.6.117.jar%23192!/:?]
	at TRANSFORMER/minecraft@1.20.6/net.minecraft.client.gui.components.AbstractButton.onClick(AbstractButton.java:45) ~[neoforge-20.6.117.jar%23192!/:?]
	at TRANSFORMER/neoforge@20.6.117/net.neoforged.neoforge.client.extensions.IAbstractWidgetExtension.onClick(IAbstractWidgetExtension.java:36) ~[neoforge-20.6.117.jar%23193!/:?]
	at TRANSFORMER/minecraft@1.20.6/net.minecraft.client.gui.components.AbstractWidget.mouseClicked(AbstractWidget.java:144) ~[neoforge-20.6.117.jar%23192!/:?]
	at TRANSFORMER/minecraft@1.20.6/net.minecraft.client.gui.components.events.ContainerEventHandler.mouseClicked(ContainerEventHandler.java:40) ~[neoforge-20.6.117.jar%23192!/:?]
	at TRANSFORMER/minecraft@1.20.6/net.minecraft.client.MouseHandler.lambda$onPress$0(MouseHandler.java:93) ~[neoforge-20.6.117.jar%23192!/:?]
	at TRANSFORMER/minecraft@1.20.6/net.minecraft.client.gui.screens.Screen.wrapScreenError(Screen.java:478) ~[neoforge-20.6.117.jar%23192!/:?]
	at TRANSFORMER/minecraft@1.20.6/net.minecraft.client.MouseHandler.onPress(MouseHandler.java:90) ~[neoforge-20.6.117.jar%23192!/:?]
	at TRANSFORMER/minecraft@1.20.6/net.minecraft.client.MouseHandler.lambda$setup$4(MouseHandler.java:193) ~[neoforge-20.6.117.jar%23192!/:?]
	at TRANSFORMER/minecraft@1.20.6/net.minecraft.util.thread.BlockableEventLoop.execute(BlockableEventLoop.java:98) ~[neoforge-20.6.117.jar%23192!/:?]
	at TRANSFORMER/minecraft@1.20.6/net.minecraft.client.MouseHandler.lambda$setup$5(MouseHandler.java:193) ~[neoforge-20.6.117.jar%23192!/:?]
	at MC-BOOTSTRAP/org.lwjgl.glfw@3.3.3+5/org.lwjgl.glfw.GLFWMouseButtonCallbackI.callback(GLFWMouseButtonCallbackI.java:43) ~[lwjgl-glfw-3.3.3.jar%23173!/:build 5]
	at MC-BOOTSTRAP/org.lwjgl@3.3.3+5/org.lwjgl.system.JNI.invokeV(Native Method) ~[lwjgl-3.3.3.jar%23184!/:build 5]
	at MC-BOOTSTRAP/org.lwjgl.glfw@3.3.3+5/org.lwjgl.glfw.GLFW.glfwWaitEventsTimeout(GLFW.java:3509) ~[lwjgl-glfw-3.3.3.jar%23173!/:build 5]
	at TRANSFORMER/minecraft@1.20.6/com.mojang.blaze3d.systems.RenderSystem.limitDisplayFPS(RenderSystem.java:205) ~[neoforge-20.6.117.jar%23192!/:?]
	at TRANSFORMER/minecraft@1.20.6/net.minecraft.client.Minecraft.runTick(Minecraft.java:1282) ~[neoforge-20.6.117.jar%23192!/:?]
	at TRANSFORMER/minecraft@1.20.6/net.minecraft.client.Minecraft.run(Minecraft.java:815) ~[neoforge-20.6.117.jar%23192!/:?]
	at TRANSFORMER/minecraft@1.20.6/net.minecraft.client.main.Main.main(Main.java:244) ~[neoforge-20.6.117.jar%23192!/:?]
	at java.base/jdk.internal.reflect.DirectMethodHandleAccessor.invoke(DirectMethodHandleAccessor.java:103) ~[?:?]
	at java.base/java.lang.reflect.Method.invoke(Method.java:580) ~[?:?]
	at MC-BOOTSTRAP/fml_loader@3.0.45/net.neoforged.fml.loading.targets.CommonLaunchHandler.runTarget(CommonLaunchHandler.java:136) ~[loader-3.0.45.jar%23145!/:3.0]
	at MC-BOOTSTRAP/fml_loader@3.0.45/net.neoforged.fml.loading.targets.CommonLaunchHandler.clientService(CommonLaunchHandler.java:124) ~[loader-3.0.45.jar%23145!/:3.0]
	at MC-BOOTSTRAP/fml_loader@3.0.45/net.neoforged.fml.loading.targets.NeoForgeClientUserdevLaunchHandler.runService(NeoForgeClientUserdevLaunchHandler.java:23) ~[loader-3.0.45.jar%23145!/:3.0]
	at MC-BOOTSTRAP/fml_loader@3.0.45/net.neoforged.fml.loading.targets.CommonLaunchHandler.lambda$launchService$4(CommonLaunchHandler.java:118) ~[loader-3.0.45.jar%23145!/:3.0]
	at MC-BOOTSTRAP/cpw.mods.modlauncher@11.0.2/cpw.mods.modlauncher.LaunchServiceHandlerDecorator.launch(LaunchServiceHandlerDecorator.java:30) [modlauncher-11.0.2.jar%23126!/:?]
	at MC-BOOTSTRAP/cpw.mods.modlauncher@11.0.2/cpw.mods.modlauncher.LaunchServiceHandler.launch(LaunchServiceHandler.java:53) [modlauncher-11.0.2.jar%23126!/:?]
	at MC-BOOTSTRAP/cpw.mods.modlauncher@11.0.2/cpw.mods.modlauncher.LaunchServiceHandler.launch(LaunchServiceHandler.java:71) [modlauncher-11.0.2.jar%23126!/:?]
	at MC-BOOTSTRAP/cpw.mods.modlauncher@11.0.2/cpw.mods.modlauncher.Launcher.run(Launcher.java:103) [modlauncher-11.0.2.jar%23126!/:?]
	at MC-BOOTSTRAP/cpw.mods.modlauncher@11.0.2/cpw.mods.modlauncher.Launcher.main(Launcher.java:74) [modlauncher-11.0.2.jar%23126!/:?]
	at MC-BOOTSTRAP/cpw.mods.modlauncher@11.0.2/cpw.mods.modlauncher.BootstrapLaunchConsumer.accept(BootstrapLaunchConsumer.java:26) [modlauncher-11.0.2.jar%23126!/:?]
	at MC-BOOTSTRAP/cpw.mods.modlauncher@11.0.2/cpw.mods.modlauncher.BootstrapLaunchConsumer.accept(BootstrapLaunchConsumer.java:23) [modlauncher-11.0.2.jar%23126!/:?]
	at cpw.mods.bootstraplauncher@2.0.2/cpw.mods.bootstraplauncher.BootstrapLauncher.run(BootstrapLauncher.java:210) [bootstraplauncher-2.0.2.jar:?]
	at cpw.mods.bootstraplauncher@2.0.2/cpw.mods.bootstraplauncher.BootstrapLauncher.main(BootstrapLauncher.java:69) [bootstraplauncher-2.0.2.jar:?]
[27июл.2024 20:32:13.105] [Render thread/ERROR] [net.minecraft.world.item.crafting.RecipeManager/]: Parsing error loading recipe truedarkness:cleaning_dust_recipe
com.google.gson.JsonParseException: Unknown registry key in ResourceKey[minecraft:root / minecraft:item]: truedarkness:deleted_mod_element
	at MC-BOOTSTRAP/datafixerupper@7.0.14/com.mojang.serialization.DataResult$Error.getOrThrow(DataResult.java:275) ~[datafixerupper-7.0.14.jar%23119!/:?]
	at TRANSFORMER/minecraft@1.20.6/net.minecraft.world.item.crafting.RecipeManager.apply(RecipeManager.java:60) ~[neoforge-20.6.117.jar%23192!/:?]
	at TRANSFORMER/minecraft@1.20.6/net.minecraft.world.item.crafting.RecipeManager.apply(RecipeManager.java:36) ~[neoforge-20.6.117.jar%23192!/:?]
	at TRANSFORMER/minecraft@1.20.6/net.minecraft.server.packs.resources.SimplePreparableReloadListener.lambda$reload$1(SimplePreparableReloadListener.java:19) ~[neoforge-20.6.117.jar%23192!/:?]
	at java.base/java.util.concurrent.CompletableFuture$UniAccept.tryFire(CompletableFuture.java:718) ~[?:?]
	at java.base/java.util.concurrent.CompletableFuture$Completion.run(CompletableFuture.java:482) ~[?:?]
	at TRANSFORMER/minecraft@1.20.6/net.minecraft.server.packs.resources.SimpleReloadInstance.lambda$new$3(SimpleReloadInstance.java:86) ~[neoforge-20.6.117.jar%23192!/:?]
	at TRANSFORMER/minecraft@1.20.6/net.minecraft.util.thread.BlockableEventLoop.doRunTask(BlockableEventLoop.java:148) ~[neoforge-20.6.117.jar%23192!/:?]
	at TRANSFORMER/minecraft@1.20.6/net.minecraft.util.thread.ReentrantBlockableEventLoop.doRunTask(ReentrantBlockableEventLoop.java:24) ~[neoforge-20.6.117.jar%23192!/:?]
	at TRANSFORMER/minecraft@1.20.6/net.minecraft.util.thread.BlockableEventLoop.pollTask(BlockableEventLoop.java:122) ~[neoforge-20.6.117.jar%23192!/:?]
	at TRANSFORMER/minecraft@1.20.6/net.minecraft.util.thread.BlockableEventLoop.managedBlock(BlockableEventLoop.java:132) ~[neoforge-20.6.117.jar%23192!/:?]
	at TRANSFORMER/minecraft@1.20.6/net.minecraft.client.gui.screens.worldselection.CreateWorldScreen.openFresh(CreateWorldScreen.java:140) ~[neoforge-20.6.117.jar%23192!/:?]
	at TRANSFORMER/minecraft@1.20.6/net.minecraft.client.gui.screens.worldselection.WorldSelectionList.loadLevels(WorldSelectionList.java:192) ~[neoforge-20.6.117.jar%23192!/:?]
	at TRANSFORMER/minecraft@1.20.6/net.minecraft.client.gui.screens.worldselection.WorldSelectionList.reloadWorldList(WorldSelectionList.java:133) ~[neoforge-20.6.117.jar%23192!/:?]
	at TRANSFORMER/minecraft@1.20.6/net.minecraft.client.gui.screens.worldselection.WorldSelectionList$WorldListEntry.doDeleteWorld(WorldSelectionList.java:538) ~[neoforge-20.6.117.jar%23192!/:?]
	at TRANSFORMER/minecraft@1.20.6/net.minecraft.client.gui.screens.worldselection.WorldSelectionList$WorldListEntry.lambda$deleteWorld$2(WorldSelectionList.java:513) ~[neoforge-20.6.117.jar%23192!/:?]
	at TRANSFORMER/minecraft@1.20.6/net.minecraft.client.gui.screens.ConfirmScreen.lambda$addButtons$0(ConfirmScreen.java:53) ~[neoforge-20.6.117.jar%23192!/:?]
	at TRANSFORMER/minecraft@1.20.6/net.minecraft.client.gui.components.Button.onPress(Button.java:41) ~[neoforge-20.6.117.jar%23192!/:?]
	at TRANSFORMER/minecraft@1.20.6/net.minecraft.client.gui.components.AbstractButton.onClick(AbstractButton.java:45) ~[neoforge-20.6.117.jar%23192!/:?]
	at TRANSFORMER/neoforge@20.6.117/net.neoforged.neoforge.client.extensions.IAbstractWidgetExtension.onClick(IAbstractWidgetExtension.java:36) ~[neoforge-20.6.117.jar%23193!/:?]
	at TRANSFORMER/minecraft@1.20.6/net.minecraft.client.gui.components.AbstractWidget.mouseClicked(AbstractWidget.java:144) ~[neoforge-20.6.117.jar%23192!/:?]
	at TRANSFORMER/minecraft@1.20.6/net.minecraft.client.gui.components.events.ContainerEventHandler.mouseClicked(ContainerEventHandler.java:40) ~[neoforge-20.6.117.jar%23192!/:?]
	at TRANSFORMER/minecraft@1.20.6/net.minecraft.client.MouseHandler.lambda$onPress$0(MouseHandler.java:93) ~[neoforge-20.6.117.jar%23192!/:?]
	at TRANSFORMER/minecraft@1.20.6/net.minecraft.client.gui.screens.Screen.wrapScreenError(Screen.java:478) ~[neoforge-20.6.117.jar%23192!/:?]
	at TRANSFORMER/minecraft@1.20.6/net.minecraft.client.MouseHandler.onPress(MouseHandler.java:90) ~[neoforge-20.6.117.jar%23192!/:?]
	at TRANSFORMER/minecraft@1.20.6/net.minecraft.client.MouseHandler.lambda$setup$4(MouseHandler.java:193) ~[neoforge-20.6.117.jar%23192!/:?]
	at TRANSFORMER/minecraft@1.20.6/net.minecraft.util.thread.BlockableEventLoop.execute(BlockableEventLoop.java:98) ~[neoforge-20.6.117.jar%23192!/:?]
	at TRANSFORMER/minecraft@1.20.6/net.minecraft.client.MouseHandler.lambda$setup$5(MouseHandler.java:193) ~[neoforge-20.6.117.jar%23192!/:?]
	at MC-BOOTSTRAP/org.lwjgl.glfw@3.3.3+5/org.lwjgl.glfw.GLFWMouseButtonCallbackI.callback(GLFWMouseButtonCallbackI.java:43) ~[lwjgl-glfw-3.3.3.jar%23173!/:build 5]
	at MC-BOOTSTRAP/org.lwjgl@3.3.3+5/org.lwjgl.system.JNI.invokeV(Native Method) ~[lwjgl-3.3.3.jar%23184!/:build 5]
	at MC-BOOTSTRAP/org.lwjgl.glfw@3.3.3+5/org.lwjgl.glfw.GLFW.glfwWaitEventsTimeout(GLFW.java:3509) ~[lwjgl-glfw-3.3.3.jar%23173!/:build 5]
	at TRANSFORMER/minecraft@1.20.6/com.mojang.blaze3d.systems.RenderSystem.limitDisplayFPS(RenderSystem.java:205) ~[neoforge-20.6.117.jar%23192!/:?]
	at TRANSFORMER/minecraft@1.20.6/net.minecraft.client.Minecraft.runTick(Minecraft.java:1282) ~[neoforge-20.6.117.jar%23192!/:?]
	at TRANSFORMER/minecraft@1.20.6/net.minecraft.client.Minecraft.run(Minecraft.java:815) ~[neoforge-20.6.117.jar%23192!/:?]
	at TRANSFORMER/minecraft@1.20.6/net.minecraft.client.main.Main.main(Main.java:244) ~[neoforge-20.6.117.jar%23192!/:?]
	at java.base/jdk.internal.reflect.DirectMethodHandleAccessor.invoke(DirectMethodHandleAccessor.java:103) ~[?:?]
	at java.base/java.lang.reflect.Method.invoke(Method.java:580) ~[?:?]
	at MC-BOOTSTRAP/fml_loader@3.0.45/net.neoforged.fml.loading.targets.CommonLaunchHandler.runTarget(CommonLaunchHandler.java:136) ~[loader-3.0.45.jar%23145!/:3.0]
	at MC-BOOTSTRAP/fml_loader@3.0.45/net.neoforged.fml.loading.targets.CommonLaunchHandler.clientService(CommonLaunchHandler.java:124) ~[loader-3.0.45.jar%23145!/:3.0]
	at MC-BOOTSTRAP/fml_loader@3.0.45/net.neoforged.fml.loading.targets.NeoForgeClientUserdevLaunchHandler.runService(NeoForgeClientUserdevLaunchHandler.java:23) ~[loader-3.0.45.jar%23145!/:3.0]
	at MC-BOOTSTRAP/fml_loader@3.0.45/net.neoforged.fml.loading.targets.CommonLaunchHandler.lambda$launchService$4(CommonLaunchHandler.java:118) ~[loader-3.0.45.jar%23145!/:3.0]
	at MC-BOOTSTRAP/cpw.mods.modlauncher@11.0.2/cpw.mods.modlauncher.LaunchServiceHandlerDecorator.launch(LaunchServiceHandlerDecorator.java:30) [modlauncher-11.0.2.jar%23126!/:?]
	at MC-BOOTSTRAP/cpw.mods.modlauncher@11.0.2/cpw.mods.modlauncher.LaunchServiceHandler.launch(LaunchServiceHandler.java:53) [modlauncher-11.0.2.jar%23126!/:?]
	at MC-BOOTSTRAP/cpw.mods.modlauncher@11.0.2/cpw.mods.modlauncher.LaunchServiceHandler.launch(LaunchServiceHandler.java:71) [modlauncher-11.0.2.jar%23126!/:?]
	at MC-BOOTSTRAP/cpw.mods.modlauncher@11.0.2/cpw.mods.modlauncher.Launcher.run(Launcher.java:103) [modlauncher-11.0.2.jar%23126!/:?]
	at MC-BOOTSTRAP/cpw.mods.modlauncher@11.0.2/cpw.mods.modlauncher.Launcher.main(Launcher.java:74) [modlauncher-11.0.2.jar%23126!/:?]
	at MC-BOOTSTRAP/cpw.mods.modlauncher@11.0.2/cpw.mods.modlauncher.BootstrapLaunchConsumer.accept(BootstrapLaunchConsumer.java:26) [modlauncher-11.0.2.jar%23126!/:?]
	at MC-BOOTSTRAP/cpw.mods.modlauncher@11.0.2/cpw.mods.modlauncher.BootstrapLaunchConsumer.accept(BootstrapLaunchConsumer.java:23) [modlauncher-11.0.2.jar%23126!/:?]
	at cpw.mods.bootstraplauncher@2.0.2/cpw.mods.bootstraplauncher.BootstrapLauncher.run(BootstrapLauncher.java:210) [bootstraplauncher-2.0.2.jar:?]
	at cpw.mods.bootstraplauncher@2.0.2/cpw.mods.bootstraplauncher.BootstrapLauncher.main(BootstrapLauncher.java:69) [bootstraplauncher-2.0.2.jar:?]
[27июл.2024 20:32:13.111] [Render thread/ERROR] [net.minecraft.world.item.crafting.RecipeManager/]: Parsing error loading recipe truedarkness:ludore_block_recipe
com.google.gson.JsonParseException: Unknown registry key in ResourceKey[minecraft:root / minecraft:item]: truedarkness:deleted_mod_element; Map entry 'a' : No key tag in MapLike[{"item":"truedarkness:deleted_mod_element"}]; Unknown registry key in ResourceKey[minecraft:root / minecraft:item]: truedarkness:deleted_mod_element; Not a json array: {"item":"truedarkness:deleted_mod_element"}
	at MC-BOOTSTRAP/datafixerupper@7.0.14/com.mojang.serialization.DataResult$Error.getOrThrow(DataResult.java:275) ~[datafixerupper-7.0.14.jar%23119!/:?]
	at TRANSFORMER/minecraft@1.20.6/net.minecraft.world.item.crafting.RecipeManager.apply(RecipeManager.java:60) ~[neoforge-20.6.117.jar%23192!/:?]
	at TRANSFORMER/minecraft@1.20.6/net.minecraft.world.item.crafting.RecipeManager.apply(RecipeManager.java:36) ~[neoforge-20.6.117.jar%23192!/:?]
	at TRANSFORMER/minecraft@1.20.6/net.minecraft.server.packs.resources.SimplePreparableReloadListener.lambda$reload$1(SimplePreparableReloadListener.java:19) ~[neoforge-20.6.117.jar%23192!/:?]
	at java.base/java.util.concurrent.CompletableFuture$UniAccept.tryFire(CompletableFuture.java:718) ~[?:?]
	at java.base/java.util.concurrent.CompletableFuture$Completion.run(CompletableFuture.java:482) ~[?:?]
	at TRANSFORMER/minecraft@1.20.6/net.minecraft.server.packs.resources.SimpleReloadInstance.lambda$new$3(SimpleReloadInstance.java:86) ~[neoforge-20.6.117.jar%23192!/:?]
	at TRANSFORMER/minecraft@1.20.6/net.minecraft.util.thread.BlockableEventLoop.doRunTask(BlockableEventLoop.java:148) ~[neoforge-20.6.117.jar%23192!/:?]
	at TRANSFORMER/minecraft@1.20.6/net.minecraft.util.thread.ReentrantBlockableEventLoop.doRunTask(ReentrantBlockableEventLoop.java:24) ~[neoforge-20.6.117.jar%23192!/:?]
	at TRANSFORMER/minecraft@1.20.6/net.minecraft.util.thread.BlockableEventLoop.pollTask(BlockableEventLoop.java:122) ~[neoforge-20.6.117.jar%23192!/:?]
	at TRANSFORMER/minecraft@1.20.6/net.minecraft.util.thread.BlockableEventLoop.managedBlock(BlockableEventLoop.java:132) ~[neoforge-20.6.117.jar%23192!/:?]
	at TRANSFORMER/minecraft@1.20.6/net.minecraft.client.gui.screens.worldselection.CreateWorldScreen.openFresh(CreateWorldScreen.java:140) ~[neoforge-20.6.117.jar%23192!/:?]
	at TRANSFORMER/minecraft@1.20.6/net.minecraft.client.gui.screens.worldselection.WorldSelectionList.loadLevels(WorldSelectionList.java:192) ~[neoforge-20.6.117.jar%23192!/:?]
	at TRANSFORMER/minecraft@1.20.6/net.minecraft.client.gui.screens.worldselection.WorldSelectionList.reloadWorldList(WorldSelectionList.java:133) ~[neoforge-20.6.117.jar%23192!/:?]
	at TRANSFORMER/minecraft@1.20.6/net.minecraft.client.gui.screens.worldselection.WorldSelectionList$WorldListEntry.doDeleteWorld(WorldSelectionList.java:538) ~[neoforge-20.6.117.jar%23192!/:?]
	at TRANSFORMER/minecraft@1.20.6/net.minecraft.client.gui.screens.worldselection.WorldSelectionList$WorldListEntry.lambda$deleteWorld$2(WorldSelectionList.java:513) ~[neoforge-20.6.117.jar%23192!/:?]
	at TRANSFORMER/minecraft@1.20.6/net.minecraft.client.gui.screens.ConfirmScreen.lambda$addButtons$0(ConfirmScreen.java:53) ~[neoforge-20.6.117.jar%23192!/:?]
	at TRANSFORMER/minecraft@1.20.6/net.minecraft.client.gui.components.Button.onPress(Button.java:41) ~[neoforge-20.6.117.jar%23192!/:?]
	at TRANSFORMER/minecraft@1.20.6/net.minecraft.client.gui.components.AbstractButton.onClick(AbstractButton.java:45) ~[neoforge-20.6.117.jar%23192!/:?]
	at TRANSFORMER/neoforge@20.6.117/net.neoforged.neoforge.client.extensions.IAbstractWidgetExtension.onClick(IAbstractWidgetExtension.java:36) ~[neoforge-20.6.117.jar%23193!/:?]
	at TRANSFORMER/minecraft@1.20.6/net.minecraft.client.gui.components.AbstractWidget.mouseClicked(AbstractWidget.java:144) ~[neoforge-20.6.117.jar%23192!/:?]
	at TRANSFORMER/minecraft@1.20.6/net.minecraft.client.gui.components.events.ContainerEventHandler.mouseClicked(ContainerEventHandler.java:40) ~[neoforge-20.6.117.jar%23192!/:?]
	at TRANSFORMER/minecraft@1.20.6/net.minecraft.client.MouseHandler.lambda$onPress$0(MouseHandler.java:93) ~[neoforge-20.6.117.jar%23192!/:?]
	at TRANSFORMER/minecraft@1.20.6/net.minecraft.client.gui.screens.Screen.wrapScreenError(Screen.java:478) ~[neoforge-20.6.117.jar%23192!/:?]
	at TRANSFORMER/minecraft@1.20.6/net.minecraft.client.MouseHandler.onPress(MouseHandler.java:90) ~[neoforge-20.6.117.jar%23192!/:?]
	at TRANSFORMER/minecraft@1.20.6/net.minecraft.client.MouseHandler.lambda$setup$4(MouseHandler.java:193) ~[neoforge-20.6.117.jar%23192!/:?]
	at TRANSFORMER/minecraft@1.20.6/net.minecraft.util.thread.BlockableEventLoop.execute(BlockableEventLoop.java:98) ~[neoforge-20.6.117.jar%23192!/:?]
	at TRANSFORMER/minecraft@1.20.6/net.minecraft.client.MouseHandler.lambda$setup$5(MouseHandler.java:193) ~[neoforge-20.6.117.jar%23192!/:?]
	at MC-BOOTSTRAP/org.lwjgl.glfw@3.3.3+5/org.lwjgl.glfw.GLFWMouseButtonCallbackI.callback(GLFWMouseButtonCallbackI.java:43) ~[lwjgl-glfw-3.3.3.jar%23173!/:build 5]
	at MC-BOOTSTRAP/org.lwjgl@3.3.3+5/org.lwjgl.system.JNI.invokeV(Native Method) ~[lwjgl-3.3.3.jar%23184!/:build 5]
	at MC-BOOTSTRAP/org.lwjgl.glfw@3.3.3+5/org.lwjgl.glfw.GLFW.glfwWaitEventsTimeout(GLFW.java:3509) ~[lwjgl-glfw-3.3.3.jar%23173!/:build 5]
	at TRANSFORMER/minecraft@1.20.6/com.mojang.blaze3d.systems.RenderSystem.limitDisplayFPS(RenderSystem.java:205) ~[neoforge-20.6.117.jar%23192!/:?]
	at TRANSFORMER/minecraft@1.20.6/net.minecraft.client.Minecraft.runTick(Minecraft.java:1282) ~[neoforge-20.6.117.jar%23192!/:?]
	at TRANSFORMER/minecraft@1.20.6/net.minecraft.client.Minecraft.run(Minecraft.java:815) ~[neoforge-20.6.117.jar%23192!/:?]
	at TRANSFORMER/minecraft@1.20.6/net.minecraft.client.main.Main.main(Main.java:244) ~[neoforge-20.6.117.jar%23192!/:?]
	at java.base/jdk.internal.reflect.DirectMethodHandleAccessor.invoke(DirectMethodHandleAccessor.java:103) ~[?:?]
	at java.base/java.lang.reflect.Method.invoke(Method.java:580) ~[?:?]
	at MC-BOOTSTRAP/fml_loader@3.0.45/net.neoforged.fml.loading.targets.CommonLaunchHandler.runTarget(CommonLaunchHandler.java:136) ~[loader-3.0.45.jar%23145!/:3.0]
	at MC-BOOTSTRAP/fml_loader@3.0.45/net.neoforged.fml.loading.targets.CommonLaunchHandler.clientService(CommonLaunchHandler.java:124) ~[loader-3.0.45.jar%23145!/:3.0]
	at MC-BOOTSTRAP/fml_loader@3.0.45/net.neoforged.fml.loading.targets.NeoForgeClientUserdevLaunchHandler.runService(NeoForgeClientUserdevLaunchHandler.java:23) ~[loader-3.0.45.jar%23145!/:3.0]
	at MC-BOOTSTRAP/fml_loader@3.0.45/net.neoforged.fml.loading.targets.CommonLaunchHandler.lambda$launchService$4(CommonLaunchHandler.java:118) ~[loader-3.0.45.jar%23145!/:3.0]
	at MC-BOOTSTRAP/cpw.mods.modlauncher@11.0.2/cpw.mods.modlauncher.LaunchServiceHandlerDecorator.launch(LaunchServiceHandlerDecorator.java:30) [modlauncher-11.0.2.jar%23126!/:?]
	at MC-BOOTSTRAP/cpw.mods.modlauncher@11.0.2/cpw.mods.modlauncher.LaunchServiceHandler.launch(LaunchServiceHandler.java:53) [modlauncher-11.0.2.jar%23126!/:?]
	at MC-BOOTSTRAP/cpw.mods.modlauncher@11.0.2/cpw.mods.modlauncher.LaunchServiceHandler.launch(LaunchServiceHandler.java:71) [modlauncher-11.0.2.jar%23126!/:?]
	at MC-BOOTSTRAP/cpw.mods.modlauncher@11.0.2/cpw.mods.modlauncher.Launcher.run(Launcher.java:103) [modlauncher-11.0.2.jar%23126!/:?]
	at MC-BOOTSTRAP/cpw.mods.modlauncher@11.0.2/cpw.mods.modlauncher.Launcher.main(Launcher.java:74) [modlauncher-11.0.2.jar%23126!/:?]
	at MC-BOOTSTRAP/cpw.mods.modlauncher@11.0.2/cpw.mods.modlauncher.BootstrapLaunchConsumer.accept(BootstrapLaunchConsumer.java:26) [modlauncher-11.0.2.jar%23126!/:?]
	at MC-BOOTSTRAP/cpw.mods.modlauncher@11.0.2/cpw.mods.modlauncher.BootstrapLaunchConsumer.accept(BootstrapLaunchConsumer.java:23) [modlauncher-11.0.2.jar%23126!/:?]
	at cpw.mods.bootstraplauncher@2.0.2/cpw.mods.bootstraplauncher.BootstrapLauncher.run(BootstrapLauncher.java:210) [bootstraplauncher-2.0.2.jar:?]
	at cpw.mods.bootstraplauncher@2.0.2/cpw.mods.bootstraplauncher.BootstrapLauncher.main(BootstrapLauncher.java:69) [bootstraplauncher-2.0.2.jar:?]
[27июл.2024 20:32:13.120] [Render thread/ERROR] [net.minecraft.world.item.crafting.RecipeManager/]: Parsing error loading recipe truedarkness:eridium_glass_recipe
com.google.gson.JsonParseException: No key tag in MapLike[{"item":"truedarkness:deleted_mod_element"}]; Unknown registry key in ResourceKey[minecraft:root / minecraft:item]: truedarkness:deleted_mod_element; Not a json array: {"item":"truedarkness:deleted_mod_element"}
	at MC-BOOTSTRAP/datafixerupper@7.0.14/com.mojang.serialization.DataResult$Error.getOrThrow(DataResult.java:275) ~[datafixerupper-7.0.14.jar%23119!/:?]
	at TRANSFORMER/minecraft@1.20.6/net.minecraft.world.item.crafting.RecipeManager.apply(RecipeManager.java:60) ~[neoforge-20.6.117.jar%23192!/:?]
	at TRANSFORMER/minecraft@1.20.6/net.minecraft.world.item.crafting.RecipeManager.apply(RecipeManager.java:36) ~[neoforge-20.6.117.jar%23192!/:?]
	at TRANSFORMER/minecraft@1.20.6/net.minecraft.server.packs.resources.SimplePreparableReloadListener.lambda$reload$1(SimplePreparableReloadListener.java:19) ~[neoforge-20.6.117.jar%23192!/:?]
	at java.base/java.util.concurrent.CompletableFuture$UniAccept.tryFire(CompletableFuture.java:718) ~[?:?]
	at java.base/java.util.concurrent.CompletableFuture$Completion.run(CompletableFuture.java:482) ~[?:?]
	at TRANSFORMER/minecraft@1.20.6/net.minecraft.server.packs.resources.SimpleReloadInstance.lambda$new$3(SimpleReloadInstance.java:86) ~[neoforge-20.6.117.jar%23192!/:?]
	at TRANSFORMER/minecraft@1.20.6/net.minecraft.util.thread.BlockableEventLoop.doRunTask(BlockableEventLoop.java:148) ~[neoforge-20.6.117.jar%23192!/:?]
	at TRANSFORMER/minecraft@1.20.6/net.minecraft.util.thread.ReentrantBlockableEventLoop.doRunTask(ReentrantBlockableEventLoop.java:24) ~[neoforge-20.6.117.jar%23192!/:?]
	at TRANSFORMER/minecraft@1.20.6/net.minecraft.util.thread.BlockableEventLoop.pollTask(BlockableEventLoop.java:122) ~[neoforge-20.6.117.jar%23192!/:?]
	at TRANSFORMER/minecraft@1.20.6/net.minecraft.util.thread.BlockableEventLoop.managedBlock(BlockableEventLoop.java:132) ~[neoforge-20.6.117.jar%23192!/:?]
	at TRANSFORMER/minecraft@1.20.6/net.minecraft.client.gui.screens.worldselection.CreateWorldScreen.openFresh(CreateWorldScreen.java:140) ~[neoforge-20.6.117.jar%23192!/:?]
	at TRANSFORMER/minecraft@1.20.6/net.minecraft.client.gui.screens.worldselection.WorldSelectionList.loadLevels(WorldSelectionList.java:192) ~[neoforge-20.6.117.jar%23192!/:?]
	at TRANSFORMER/minecraft@1.20.6/net.minecraft.client.gui.screens.worldselection.WorldSelectionList.reloadWorldList(WorldSelectionList.java:133) ~[neoforge-20.6.117.jar%23192!/:?]
	at TRANSFORMER/minecraft@1.20.6/net.minecraft.client.gui.screens.worldselection.WorldSelectionList$WorldListEntry.doDeleteWorld(WorldSelectionList.java:538) ~[neoforge-20.6.117.jar%23192!/:?]
	at TRANSFORMER/minecraft@1.20.6/net.minecraft.client.gui.screens.worldselection.WorldSelectionList$WorldListEntry.lambda$deleteWorld$2(WorldSelectionList.java:513) ~[neoforge-20.6.117.jar%23192!/:?]
	at TRANSFORMER/minecraft@1.20.6/net.minecraft.client.gui.screens.ConfirmScreen.lambda$addButtons$0(ConfirmScreen.java:53) ~[neoforge-20.6.117.jar%23192!/:?]
	at TRANSFORMER/minecraft@1.20.6/net.minecraft.client.gui.components.Button.onPress(Button.java:41) ~[neoforge-20.6.117.jar%23192!/:?]
	at TRANSFORMER/minecraft@1.20.6/net.minecraft.client.gui.components.AbstractButton.onClick(AbstractButton.java:45) ~[neoforge-20.6.117.jar%23192!/:?]
	at TRANSFORMER/neoforge@20.6.117/net.neoforged.neoforge.client.extensions.IAbstractWidgetExtension.onClick(IAbstractWidgetExtension.java:36) ~[neoforge-20.6.117.jar%23193!/:?]
	at TRANSFORMER/minecraft@1.20.6/net.minecraft.client.gui.components.AbstractWidget.mouseClicked(AbstractWidget.java:144) ~[neoforge-20.6.117.jar%23192!/:?]
	at TRANSFORMER/minecraft@1.20.6/net.minecraft.client.gui.components.events.ContainerEventHandler.mouseClicked(ContainerEventHandler.java:40) ~[neoforge-20.6.117.jar%23192!/:?]
	at TRANSFORMER/minecraft@1.20.6/net.minecraft.client.MouseHandler.lambda$onPress$0(MouseHandler.java:93) ~[neoforge-20.6.117.jar%23192!/:?]
	at TRANSFORMER/minecraft@1.20.6/net.minecraft.client.gui.screens.Screen.wrapScreenError(Screen.java:478) ~[neoforge-20.6.117.jar%23192!/:?]
	at TRANSFORMER/minecraft@1.20.6/net.minecraft.client.MouseHandler.onPress(MouseHandler.java:90) ~[neoforge-20.6.117.jar%23192!/:?]
	at TRANSFORMER/minecraft@1.20.6/net.minecraft.client.MouseHandler.lambda$setup$4(MouseHandler.java:193) ~[neoforge-20.6.117.jar%23192!/:?]
	at TRANSFORMER/minecraft@1.20.6/net.minecraft.util.thread.BlockableEventLoop.execute(BlockableEventLoop.java:98) ~[neoforge-20.6.117.jar%23192!/:?]
	at TRANSFORMER/minecraft@1.20.6/net.minecraft.client.MouseHandler.lambda$setup$5(MouseHandler.java:193) ~[neoforge-20.6.117.jar%23192!/:?]
	at MC-BOOTSTRAP/org.lwjgl.glfw@3.3.3+5/org.lwjgl.glfw.GLFWMouseButtonCallbackI.callback(GLFWMouseButtonCallbackI.java:43) ~[lwjgl-glfw-3.3.3.jar%23173!/:build 5]
	at MC-BOOTSTRAP/org.lwjgl@3.3.3+5/org.lwjgl.system.JNI.invokeV(Native Method) ~[lwjgl-3.3.3.jar%23184!/:build 5]
	at MC-BOOTSTRAP/org.lwjgl.glfw@3.3.3+5/org.lwjgl.glfw.GLFW.glfwWaitEventsTimeout(GLFW.java:3509) ~[lwjgl-glfw-3.3.3.jar%23173!/:build 5]
	at TRANSFORMER/minecraft@1.20.6/com.mojang.blaze3d.systems.RenderSystem.limitDisplayFPS(RenderSystem.java:205) ~[neoforge-20.6.117.jar%23192!/:?]
	at TRANSFORMER/minecraft@1.20.6/net.minecraft.client.Minecraft.runTick(Minecraft.java:1282) ~[neoforge-20.6.117.jar%23192!/:?]
	at TRANSFORMER/minecraft@1.20.6/net.minecraft.client.Minecraft.run(Minecraft.java:815) ~[neoforge-20.6.117.jar%23192!/:?]
	at TRANSFORMER/minecraft@1.20.6/net.minecraft.client.main.Main.main(Main.java:244) ~[neoforge-20.6.117.jar%23192!/:?]
	at java.base/jdk.internal.reflect.DirectMethodHandleAccessor.invoke(DirectMethodHandleAccessor.java:103) ~[?:?]
	at java.base/java.lang.reflect.Method.invoke(Method.java:580) ~[?:?]
	at MC-BOOTSTRAP/fml_loader@3.0.45/net.neoforged.fml.loading.targets.CommonLaunchHandler.runTarget(CommonLaunchHandler.java:136) ~[loader-3.0.45.jar%23145!/:3.0]
	at MC-BOOTSTRAP/fml_loader@3.0.45/net.neoforged.fml.loading.targets.CommonLaunchHandler.clientService(CommonLaunchHandler.java:124) ~[loader-3.0.45.jar%23145!/:3.0]
	at MC-BOOTSTRAP/fml_loader@3.0.45/net.neoforged.fml.loading.targets.NeoForgeClientUserdevLaunchHandler.runService(NeoForgeClientUserdevLaunchHandler.java:23) ~[loader-3.0.45.jar%23145!/:3.0]
	at MC-BOOTSTRAP/fml_loader@3.0.45/net.neoforged.fml.loading.targets.CommonLaunchHandler.lambda$launchService$4(CommonLaunchHandler.java:118) ~[loader-3.0.45.jar%23145!/:3.0]
	at MC-BOOTSTRAP/cpw.mods.modlauncher@11.0.2/cpw.mods.modlauncher.LaunchServiceHandlerDecorator.launch(LaunchServiceHandlerDecorator.java:30) [modlauncher-11.0.2.jar%23126!/:?]
	at MC-BOOTSTRAP/cpw.mods.modlauncher@11.0.2/cpw.mods.modlauncher.LaunchServiceHandler.launch(LaunchServiceHandler.java:53) [modlauncher-11.0.2.jar%23126!/:?]
	at MC-BOOTSTRAP/cpw.mods.modlauncher@11.0.2/cpw.mods.modlauncher.LaunchServiceHandler.launch(LaunchServiceHandler.java:71) [modlauncher-11.0.2.jar%23126!/:?]
	at MC-BOOTSTRAP/cpw.mods.modlauncher@11.0.2/cpw.mods.modlauncher.Launcher.run(Launcher.java:103) [modlauncher-11.0.2.jar%23126!/:?]
	at MC-BOOTSTRAP/cpw.mods.modlauncher@11.0.2/cpw.mods.modlauncher.Launcher.main(Launcher.java:74) [modlauncher-11.0.2.jar%23126!/:?]
	at MC-BOOTSTRAP/cpw.mods.modlauncher@11.0.2/cpw.mods.modlauncher.BootstrapLaunchConsumer.accept(BootstrapLaunchConsumer.java:26) [modlauncher-11.0.2.jar%23126!/:?]
	at MC-BOOTSTRAP/cpw.mods.modlauncher@11.0.2/cpw.mods.modlauncher.BootstrapLaunchConsumer.accept(BootstrapLaunchConsumer.java:23) [modlauncher-11.0.2.jar%23126!/:?]
	at cpw.mods.bootstraplauncher@2.0.2/cpw.mods.bootstraplauncher.BootstrapLauncher.run(BootstrapLauncher.java:210) [bootstraplauncher-2.0.2.jar:?]
	at cpw.mods.bootstraplauncher@2.0.2/cpw.mods.bootstraplauncher.BootstrapLauncher.main(BootstrapLauncher.java:69) [bootstraplauncher-2.0.2.jar:?]
[27июл.2024 20:32:13.130] [Render thread/ERROR] [net.minecraft.world.item.crafting.RecipeManager/]: Parsing error loading recipe truedarkness:aquamarine_mirror_recipe
com.google.gson.JsonParseException: Unknown registry key in ResourceKey[minecraft:root / minecraft:item]: truedarkness:deleted_mod_element
	at MC-BOOTSTRAP/datafixerupper@7.0.14/com.mojang.serialization.DataResult$Error.getOrThrow(DataResult.java:275) ~[datafixerupper-7.0.14.jar%23119!/:?]
	at TRANSFORMER/minecraft@1.20.6/net.minecraft.world.item.crafting.RecipeManager.apply(RecipeManager.java:60) ~[neoforge-20.6.117.jar%23192!/:?]
	at TRANSFORMER/minecraft@1.20.6/net.minecraft.world.item.crafting.RecipeManager.apply(RecipeManager.java:36) ~[neoforge-20.6.117.jar%23192!/:?]
	at TRANSFORMER/minecraft@1.20.6/net.minecraft.server.packs.resources.SimplePreparableReloadListener.lambda$reload$1(SimplePreparableReloadListener.java:19) ~[neoforge-20.6.117.jar%23192!/:?]
	at java.base/java.util.concurrent.CompletableFuture$UniAccept.tryFire(CompletableFuture.java:718) ~[?:?]
	at java.base/java.util.concurrent.CompletableFuture$Completion.run(CompletableFuture.java:482) ~[?:?]
	at TRANSFORMER/minecraft@1.20.6/net.minecraft.server.packs.resources.SimpleReloadInstance.lambda$new$3(SimpleReloadInstance.java:86) ~[neoforge-20.6.117.jar%23192!/:?]
	at TRANSFORMER/minecraft@1.20.6/net.minecraft.util.thread.BlockableEventLoop.doRunTask(BlockableEventLoop.java:148) ~[neoforge-20.6.117.jar%23192!/:?]
	at TRANSFORMER/minecraft@1.20.6/net.minecraft.util.thread.ReentrantBlockableEventLoop.doRunTask(ReentrantBlockableEventLoop.java:24) ~[neoforge-20.6.117.jar%23192!/:?]
	at TRANSFORMER/minecraft@1.20.6/net.minecraft.util.thread.BlockableEventLoop.pollTask(BlockableEventLoop.java:122) ~[neoforge-20.6.117.jar%23192!/:?]
	at TRANSFORMER/minecraft@1.20.6/net.minecraft.util.thread.BlockableEventLoop.managedBlock(BlockableEventLoop.java:132) ~[neoforge-20.6.117.jar%23192!/:?]
	at TRANSFORMER/minecraft@1.20.6/net.minecraft.client.gui.screens.worldselection.CreateWorldScreen.openFresh(CreateWorldScreen.java:140) ~[neoforge-20.6.117.jar%23192!/:?]
	at TRANSFORMER/minecraft@1.20.6/net.minecraft.client.gui.screens.worldselection.WorldSelectionList.loadLevels(WorldSelectionList.java:192) ~[neoforge-20.6.117.jar%23192!/:?]
	at TRANSFORMER/minecraft@1.20.6/net.minecraft.client.gui.screens.worldselection.WorldSelectionList.reloadWorldList(WorldSelectionList.java:133) ~[neoforge-20.6.117.jar%23192!/:?]
	at TRANSFORMER/minecraft@1.20.6/net.minecraft.client.gui.screens.worldselection.WorldSelectionList$WorldListEntry.doDeleteWorld(WorldSelectionList.java:538) ~[neoforge-20.6.117.jar%23192!/:?]
	at TRANSFORMER/minecraft@1.20.6/net.minecraft.client.gui.screens.worldselection.WorldSelectionList$WorldListEntry.lambda$deleteWorld$2(WorldSelectionList.java:513) ~[neoforge-20.6.117.jar%23192!/:?]
	at TRANSFORMER/minecraft@1.20.6/net.minecraft.client.gui.screens.ConfirmScreen.lambda$addButtons$0(ConfirmScreen.java:53) ~[neoforge-20.6.117.jar%23192!/:?]
	at TRANSFORMER/minecraft@1.20.6/net.minecraft.client.gui.components.Button.onPress(Button.java:41) ~[neoforge-20.6.117.jar%23192!/:?]
	at TRANSFORMER/minecraft@1.20.6/net.minecraft.client.gui.components.AbstractButton.onClick(AbstractButton.java:45) ~[neoforge-20.6.117.jar%23192!/:?]
	at TRANSFORMER/neoforge@20.6.117/net.neoforged.neoforge.client.extensions.IAbstractWidgetExtension.onClick(IAbstractWidgetExtension.java:36) ~[neoforge-20.6.117.jar%23193!/:?]
	at TRANSFORMER/minecraft@1.20.6/net.minecraft.client.gui.components.AbstractWidget.mouseClicked(AbstractWidget.java:144) ~[neoforge-20.6.117.jar%23192!/:?]
	at TRANSFORMER/minecraft@1.20.6/net.minecraft.client.gui.components.events.ContainerEventHandler.mouseClicked(ContainerEventHandler.java:40) ~[neoforge-20.6.117.jar%23192!/:?]
	at TRANSFORMER/minecraft@1.20.6/net.minecraft.client.MouseHandler.lambda$onPress$0(MouseHandler.java:93) ~[neoforge-20.6.117.jar%23192!/:?]
	at TRANSFORMER/minecraft@1.20.6/net.minecraft.client.gui.screens.Screen.wrapScreenError(Screen.java:478) ~[neoforge-20.6.117.jar%23192!/:?]
	at TRANSFORMER/minecraft@1.20.6/net.minecraft.client.MouseHandler.onPress(MouseHandler.java:90) ~[neoforge-20.6.117.jar%23192!/:?]
	at TRANSFORMER/minecraft@1.20.6/net.minecraft.client.MouseHandler.lambda$setup$4(MouseHandler.java:193) ~[neoforge-20.6.117.jar%23192!/:?]
	at TRANSFORMER/minecraft@1.20.6/net.minecraft.util.thread.BlockableEventLoop.execute(BlockableEventLoop.java:98) ~[neoforge-20.6.117.jar%23192!/:?]
	at TRANSFORMER/minecraft@1.20.6/net.minecraft.client.MouseHandler.lambda$setup$5(MouseHandler.java:193) ~[neoforge-20.6.117.jar%23192!/:?]
	at MC-BOOTSTRAP/org.lwjgl.glfw@3.3.3+5/org.lwjgl.glfw.GLFWMouseButtonCallbackI.callback(GLFWMouseButtonCallbackI.java:43) ~[lwjgl-glfw-3.3.3.jar%23173!/:build 5]
	at MC-BOOTSTRAP/org.lwjgl@3.3.3+5/org.lwjgl.system.JNI.invokeV(Native Method) ~[lwjgl-3.3.3.jar%23184!/:build 5]
	at MC-BOOTSTRAP/org.lwjgl.glfw@3.3.3+5/org.lwjgl.glfw.GLFW.glfwWaitEventsTimeout(GLFW.java:3509) ~[lwjgl-glfw-3.3.3.jar%23173!/:build 5]
	at TRANSFORMER/minecraft@1.20.6/com.mojang.blaze3d.systems.RenderSystem.limitDisplayFPS(RenderSystem.java:205) ~[neoforge-20.6.117.jar%23192!/:?]
	at TRANSFORMER/minecraft@1.20.6/net.minecraft.client.Minecraft.runTick(Minecraft.java:1282) ~[neoforge-20.6.117.jar%23192!/:?]
	at TRANSFORMER/minecraft@1.20.6/net.minecraft.client.Minecraft.run(Minecraft.java:815) ~[neoforge-20.6.117.jar%23192!/:?]
	at TRANSFORMER/minecraft@1.20.6/net.minecraft.client.main.Main.main(Main.java:244) ~[neoforge-20.6.117.jar%23192!/:?]
	at java.base/jdk.internal.reflect.DirectMethodHandleAccessor.invoke(DirectMethodHandleAccessor.java:103) ~[?:?]
	at java.base/java.lang.reflect.Method.invoke(Method.java:580) ~[?:?]
	at MC-BOOTSTRAP/fml_loader@3.0.45/net.neoforged.fml.loading.targets.CommonLaunchHandler.runTarget(CommonLaunchHandler.java:136) ~[loader-3.0.45.jar%23145!/:3.0]
	at MC-BOOTSTRAP/fml_loader@3.0.45/net.neoforged.fml.loading.targets.CommonLaunchHandler.clientService(CommonLaunchHandler.java:124) ~[loader-3.0.45.jar%23145!/:3.0]
	at MC-BOOTSTRAP/fml_loader@3.0.45/net.neoforged.fml.loading.targets.NeoForgeClientUserdevLaunchHandler.runService(NeoForgeClientUserdevLaunchHandler.java:23) ~[loader-3.0.45.jar%23145!/:3.0]
	at MC-BOOTSTRAP/fml_loader@3.0.45/net.neoforged.fml.loading.targets.CommonLaunchHandler.lambda$launchService$4(CommonLaunchHandler.java:118) ~[loader-3.0.45.jar%23145!/:3.0]
	at MC-BOOTSTRAP/cpw.mods.modlauncher@11.0.2/cpw.mods.modlauncher.LaunchServiceHandlerDecorator.launch(LaunchServiceHandlerDecorator.java:30) [modlauncher-11.0.2.jar%23126!/:?]
	at MC-BOOTSTRAP/cpw.mods.modlauncher@11.0.2/cpw.mods.modlauncher.LaunchServiceHandler.launch(LaunchServiceHandler.java:53) [modlauncher-11.0.2.jar%23126!/:?]
	at MC-BOOTSTRAP/cpw.mods.modlauncher@11.0.2/cpw.mods.modlauncher.LaunchServiceHandler.launch(LaunchServiceHandler.java:71) [modlauncher-11.0.2.jar%23126!/:?]
	at MC-BOOTSTRAP/cpw.mods.modlauncher@11.0.2/cpw.mods.modlauncher.Launcher.run(Launcher.java:103) [modlauncher-11.0.2.jar%23126!/:?]
	at MC-BOOTSTRAP/cpw.mods.modlauncher@11.0.2/cpw.mods.modlauncher.Launcher.main(Launcher.java:74) [modlauncher-11.0.2.jar%23126!/:?]
	at MC-BOOTSTRAP/cpw.mods.modlauncher@11.0.2/cpw.mods.modlauncher.BootstrapLaunchConsumer.accept(BootstrapLaunchConsumer.java:26) [modlauncher-11.0.2.jar%23126!/:?]
	at MC-BOOTSTRAP/cpw.mods.modlauncher@11.0.2/cpw.mods.modlauncher.BootstrapLaunchConsumer.accept(BootstrapLaunchConsumer.java:23) [modlauncher-11.0.2.jar%23126!/:?]
	at cpw.mods.bootstraplauncher@2.0.2/cpw.mods.bootstraplauncher.BootstrapLauncher.run(BootstrapLauncher.java:210) [bootstraplauncher-2.0.2.jar:?]
	at cpw.mods.bootstraplauncher@2.0.2/cpw.mods.bootstraplauncher.BootstrapLauncher.main(BootstrapLauncher.java:69) [bootstraplauncher-2.0.2.jar:?]
[27июл.2024 20:32:13.140] [Render thread/ERROR] [net.minecraft.world.item.crafting.RecipeManager/]: Parsing error loading recipe truedarkness:swamp_salat_recipe
com.google.gson.JsonParseException: Unknown registry key in ResourceKey[minecraft:root / minecraft:item]: truedarkness:deleted_mod_element
	at MC-BOOTSTRAP/datafixerupper@7.0.14/com.mojang.serialization.DataResult$Error.getOrThrow(DataResult.java:275) ~[datafixerupper-7.0.14.jar%23119!/:?]
	at TRANSFORMER/minecraft@1.20.6/net.minecraft.world.item.crafting.RecipeManager.apply(RecipeManager.java:60) ~[neoforge-20.6.117.jar%23192!/:?]
	at TRANSFORMER/minecraft@1.20.6/net.minecraft.world.item.crafting.RecipeManager.apply(RecipeManager.java:36) ~[neoforge-20.6.117.jar%23192!/:?]
	at TRANSFORMER/minecraft@1.20.6/net.minecraft.server.packs.resources.SimplePreparableReloadListener.lambda$reload$1(SimplePreparableReloadListener.java:19) ~[neoforge-20.6.117.jar%23192!/:?]
	at java.base/java.util.concurrent.CompletableFuture$UniAccept.tryFire(CompletableFuture.java:718) ~[?:?]
	at java.base/java.util.concurrent.CompletableFuture$Completion.run(CompletableFuture.java:482) ~[?:?]
	at TRANSFORMER/minecraft@1.20.6/net.minecraft.server.packs.resources.SimpleReloadInstance.lambda$new$3(SimpleReloadInstance.java:86) ~[neoforge-20.6.117.jar%23192!/:?]
	at TRANSFORMER/minecraft@1.20.6/net.minecraft.util.thread.BlockableEventLoop.doRunTask(BlockableEventLoop.java:148) ~[neoforge-20.6.117.jar%23192!/:?]
	at TRANSFORMER/minecraft@1.20.6/net.minecraft.util.thread.ReentrantBlockableEventLoop.doRunTask(ReentrantBlockableEventLoop.java:24) ~[neoforge-20.6.117.jar%23192!/:?]
	at TRANSFORMER/minecraft@1.20.6/net.minecraft.util.thread.BlockableEventLoop.pollTask(BlockableEventLoop.java:122) ~[neoforge-20.6.117.jar%23192!/:?]
	at TRANSFORMER/minecraft@1.20.6/net.minecraft.util.thread.BlockableEventLoop.managedBlock(BlockableEventLoop.java:132) ~[neoforge-20.6.117.jar%23192!/:?]
	at TRANSFORMER/minecraft@1.20.6/net.minecraft.client.gui.screens.worldselection.CreateWorldScreen.openFresh(CreateWorldScreen.java:140) ~[neoforge-20.6.117.jar%23192!/:?]
	at TRANSFORMER/minecraft@1.20.6/net.minecraft.client.gui.screens.worldselection.WorldSelectionList.loadLevels(WorldSelectionList.java:192) ~[neoforge-20.6.117.jar%23192!/:?]
	at TRANSFORMER/minecraft@1.20.6/net.minecraft.client.gui.screens.worldselection.WorldSelectionList.reloadWorldList(WorldSelectionList.java:133) ~[neoforge-20.6.117.jar%23192!/:?]
	at TRANSFORMER/minecraft@1.20.6/net.minecraft.client.gui.screens.worldselection.WorldSelectionList$WorldListEntry.doDeleteWorld(WorldSelectionList.java:538) ~[neoforge-20.6.117.jar%23192!/:?]
	at TRANSFORMER/minecraft@1.20.6/net.minecraft.client.gui.screens.worldselection.WorldSelectionList$WorldListEntry.lambda$deleteWorld$2(WorldSelectionList.java:513) ~[neoforge-20.6.117.jar%23192!/:?]
	at TRANSFORMER/minecraft@1.20.6/net.minecraft.client.gui.screens.ConfirmScreen.lambda$addButtons$0(ConfirmScreen.java:53) ~[neoforge-20.6.117.jar%23192!/:?]
	at TRANSFORMER/minecraft@1.20.6/net.minecraft.client.gui.components.Button.onPress(Button.java:41) ~[neoforge-20.6.117.jar%23192!/:?]
	at TRANSFORMER/minecraft@1.20.6/net.minecraft.client.gui.components.AbstractButton.onClick(AbstractButton.java:45) ~[neoforge-20.6.117.jar%23192!/:?]
	at TRANSFORMER/neoforge@20.6.117/net.neoforged.neoforge.client.extensions.IAbstractWidgetExtension.onClick(IAbstractWidgetExtension.java:36) ~[neoforge-20.6.117.jar%23193!/:?]
	at TRANSFORMER/minecraft@1.20.6/net.minecraft.client.gui.components.AbstractWidget.mouseClicked(AbstractWidget.java:144) ~[neoforge-20.6.117.jar%23192!/:?]
	at TRANSFORMER/minecraft@1.20.6/net.minecraft.client.gui.components.events.ContainerEventHandler.mouseClicked(ContainerEventHandler.java:40) ~[neoforge-20.6.117.jar%23192!/:?]
	at TRANSFORMER/minecraft@1.20.6/net.minecraft.client.MouseHandler.lambda$onPress$0(MouseHandler.java:93) ~[neoforge-20.6.117.jar%23192!/:?]
	at TRANSFORMER/minecraft@1.20.6/net.minecraft.client.gui.screens.Screen.wrapScreenError(Screen.java:478) ~[neoforge-20.6.117.jar%23192!/:?]
	at TRANSFORMER/minecraft@1.20.6/net.minecraft.client.MouseHandler.onPress(MouseHandler.java:90) ~[neoforge-20.6.117.jar%23192!/:?]
	at TRANSFORMER/minecraft@1.20.6/net.minecraft.client.MouseHandler.lambda$setup$4(MouseHandler.java:193) ~[neoforge-20.6.117.jar%23192!/:?]
	at TRANSFORMER/minecraft@1.20.6/net.minecraft.util.thread.BlockableEventLoop.execute(BlockableEventLoop.java:98) ~[neoforge-20.6.117.jar%23192!/:?]
	at TRANSFORMER/minecraft@1.20.6/net.minecraft.client.MouseHandler.lambda$setup$5(MouseHandler.java:193) ~[neoforge-20.6.117.jar%23192!/:?]
	at MC-BOOTSTRAP/org.lwjgl.glfw@3.3.3+5/org.lwjgl.glfw.GLFWMouseButtonCallbackI.callback(GLFWMouseButtonCallbackI.java:43) ~[lwjgl-glfw-3.3.3.jar%23173!/:build 5]
	at MC-BOOTSTRAP/org.lwjgl@3.3.3+5/org.lwjgl.system.JNI.invokeV(Native Method) ~[lwjgl-3.3.3.jar%23184!/:build 5]
	at MC-BOOTSTRAP/org.lwjgl.glfw@3.3.3+5/org.lwjgl.glfw.GLFW.glfwWaitEventsTimeout(GLFW.java:3509) ~[lwjgl-glfw-3.3.3.jar%23173!/:build 5]
	at TRANSFORMER/minecraft@1.20.6/com.mojang.blaze3d.systems.RenderSystem.limitDisplayFPS(RenderSystem.java:205) ~[neoforge-20.6.117.jar%23192!/:?]
	at TRANSFORMER/minecraft@1.20.6/net.minecraft.client.Minecraft.runTick(Minecraft.java:1282) ~[neoforge-20.6.117.jar%23192!/:?]
	at TRANSFORMER/minecraft@1.20.6/net.minecraft.client.Minecraft.run(Minecraft.java:815) ~[neoforge-20.6.117.jar%23192!/:?]
	at TRANSFORMER/minecraft@1.20.6/net.minecraft.client.main.Main.main(Main.java:244) ~[neoforge-20.6.117.jar%23192!/:?]
	at java.base/jdk.internal.reflect.DirectMethodHandleAccessor.invoke(DirectMethodHandleAccessor.java:103) ~[?:?]
	at java.base/java.lang.reflect.Method.invoke(Method.java:580) ~[?:?]
	at MC-BOOTSTRAP/fml_loader@3.0.45/net.neoforged.fml.loading.targets.CommonLaunchHandler.runTarget(CommonLaunchHandler.java:136) ~[loader-3.0.45.jar%23145!/:3.0]
	at MC-BOOTSTRAP/fml_loader@3.0.45/net.neoforged.fml.loading.targets.CommonLaunchHandler.clientService(CommonLaunchHandler.java:124) ~[loader-3.0.45.jar%23145!/:3.0]
	at MC-BOOTSTRAP/fml_loader@3.0.45/net.neoforged.fml.loading.targets.NeoForgeClientUserdevLaunchHandler.runService(NeoForgeClientUserdevLaunchHandler.java:23) ~[loader-3.0.45.jar%23145!/:3.0]
	at MC-BOOTSTRAP/fml_loader@3.0.45/net.neoforged.fml.loading.targets.CommonLaunchHandler.lambda$launchService$4(CommonLaunchHandler.java:118) ~[loader-3.0.45.jar%23145!/:3.0]
	at MC-BOOTSTRAP/cpw.mods.modlauncher@11.0.2/cpw.mods.modlauncher.LaunchServiceHandlerDecorator.launch(LaunchServiceHandlerDecorator.java:30) [modlauncher-11.0.2.jar%23126!/:?]
	at MC-BOOTSTRAP/cpw.mods.modlauncher@11.0.2/cpw.mods.modlauncher.LaunchServiceHandler.launch(LaunchServiceHandler.java:53) [modlauncher-11.0.2.jar%23126!/:?]
	at MC-BOOTSTRAP/cpw.mods.modlauncher@11.0.2/cpw.mods.modlauncher.LaunchServiceHandler.launch(LaunchServiceHandler.java:71) [modlauncher-11.0.2.jar%23126!/:?]
	at MC-BOOTSTRAP/cpw.mods.modlauncher@11.0.2/cpw.mods.modlauncher.Launcher.run(Launcher.java:103) [modlauncher-11.0.2.jar%23126!/:?]
	at MC-BOOTSTRAP/cpw.mods.modlauncher@11.0.2/cpw.mods.modlauncher.Launcher.main(Launcher.java:74) [modlauncher-11.0.2.jar%23126!/:?]
	at MC-BOOTSTRAP/cpw.mods.modlauncher@11.0.2/cpw.mods.modlauncher.BootstrapLaunchConsumer.accept(BootstrapLaunchConsumer.java:26) [modlauncher-11.0.2.jar%23126!/:?]
	at MC-BOOTSTRAP/cpw.mods.modlauncher@11.0.2/cpw.mods.modlauncher.BootstrapLaunchConsumer.accept(BootstrapLaunchConsumer.java:23) [modlauncher-11.0.2.jar%23126!/:?]
	at cpw.mods.bootstraplauncher@2.0.2/cpw.mods.bootstraplauncher.BootstrapLauncher.run(BootstrapLauncher.java:210) [bootstraplauncher-2.0.2.jar:?]
	at cpw.mods.bootstraplauncher@2.0.2/cpw.mods.bootstraplauncher.BootstrapLauncher.main(BootstrapLauncher.java:69) [bootstraplauncher-2.0.2.jar:?]
[27июл.2024 20:32:13.149] [Render thread/ERROR] [net.minecraft.world.item.crafting.RecipeManager/]: Parsing error loading recipe truedarkness:mycelium_log_recipe
com.google.gson.JsonParseException: Unknown registry key in ResourceKey[minecraft:root / minecraft:item]: truedarkness:deleted_mod_element
	at MC-BOOTSTRAP/datafixerupper@7.0.14/com.mojang.serialization.DataResult$Error.getOrThrow(DataResult.java:275) ~[datafixerupper-7.0.14.jar%23119!/:?]
	at TRANSFORMER/minecraft@1.20.6/net.minecraft.world.item.crafting.RecipeManager.apply(RecipeManager.java:60) ~[neoforge-20.6.117.jar%23192!/:?]
	at TRANSFORMER/minecraft@1.20.6/net.minecraft.world.item.crafting.RecipeManager.apply(RecipeManager.java:36) ~[neoforge-20.6.117.jar%23192!/:?]
	at TRANSFORMER/minecraft@1.20.6/net.minecraft.server.packs.resources.SimplePreparableReloadListener.lambda$reload$1(SimplePreparableReloadListener.java:19) ~[neoforge-20.6.117.jar%23192!/:?]
	at java.base/java.util.concurrent.CompletableFuture$UniAccept.tryFire(CompletableFuture.java:718) ~[?:?]
	at java.base/java.util.concurrent.CompletableFuture$Completion.run(CompletableFuture.java:482) ~[?:?]
	at TRANSFORMER/minecraft@1.20.6/net.minecraft.server.packs.resources.SimpleReloadInstance.lambda$new$3(SimpleReloadInstance.java:86) ~[neoforge-20.6.117.jar%23192!/:?]
	at TRANSFORMER/minecraft@1.20.6/net.minecraft.util.thread.BlockableEventLoop.doRunTask(BlockableEventLoop.java:148) ~[neoforge-20.6.117.jar%23192!/:?]
	at TRANSFORMER/minecraft@1.20.6/net.minecraft.util.thread.ReentrantBlockableEventLoop.doRunTask(ReentrantBlockableEventLoop.java:24) ~[neoforge-20.6.117.jar%23192!/:?]
	at TRANSFORMER/minecraft@1.20.6/net.minecraft.util.thread.BlockableEventLoop.pollTask(BlockableEventLoop.java:122) ~[neoforge-20.6.117.jar%23192!/:?]
	at TRANSFORMER/minecraft@1.20.6/net.minecraft.util.thread.BlockableEventLoop.managedBlock(BlockableEventLoop.java:132) ~[neoforge-20.6.117.jar%23192!/:?]
	at TRANSFORMER/minecraft@1.20.6/net.minecraft.client.gui.screens.worldselection.CreateWorldScreen.openFresh(CreateWorldScreen.java:140) ~[neoforge-20.6.117.jar%23192!/:?]
	at TRANSFORMER/minecraft@1.20.6/net.minecraft.client.gui.screens.worldselection.WorldSelectionList.loadLevels(WorldSelectionList.java:192) ~[neoforge-20.6.117.jar%23192!/:?]
	at TRANSFORMER/minecraft@1.20.6/net.minecraft.client.gui.screens.worldselection.WorldSelectionList.reloadWorldList(WorldSelectionList.java:133) ~[neoforge-20.6.117.jar%23192!/:?]
	at TRANSFORMER/minecraft@1.20.6/net.minecraft.client.gui.screens.worldselection.WorldSelectionList$WorldListEntry.doDeleteWorld(WorldSelectionList.java:538) ~[neoforge-20.6.117.jar%23192!/:?]
	at TRANSFORMER/minecraft@1.20.6/net.minecraft.client.gui.screens.worldselection.WorldSelectionList$WorldListEntry.lambda$deleteWorld$2(WorldSelectionList.java:513) ~[neoforge-20.6.117.jar%23192!/:?]
	at TRANSFORMER/minecraft@1.20.6/net.minecraft.client.gui.screens.ConfirmScreen.lambda$addButtons$0(ConfirmScreen.java:53) ~[neoforge-20.6.117.jar%23192!/:?]
	at TRANSFORMER/minecraft@1.20.6/net.minecraft.client.gui.components.Button.onPress(Button.java:41) ~[neoforge-20.6.117.jar%23192!/:?]
	at TRANSFORMER/minecraft@1.20.6/net.minecraft.client.gui.components.AbstractButton.onClick(AbstractButton.java:45) ~[neoforge-20.6.117.jar%23192!/:?]
	at TRANSFORMER/neoforge@20.6.117/net.neoforged.neoforge.client.extensions.IAbstractWidgetExtension.onClick(IAbstractWidgetExtension.java:36) ~[neoforge-20.6.117.jar%23193!/:?]
	at TRANSFORMER/minecraft@1.20.6/net.minecraft.client.gui.components.AbstractWidget.mouseClicked(AbstractWidget.java:144) ~[neoforge-20.6.117.jar%23192!/:?]
	at TRANSFORMER/minecraft@1.20.6/net.minecraft.client.gui.components.events.ContainerEventHandler.mouseClicked(ContainerEventHandler.java:40) ~[neoforge-20.6.117.jar%23192!/:?]
	at TRANSFORMER/minecraft@1.20.6/net.minecraft.client.MouseHandler.lambda$onPress$0(MouseHandler.java:93) ~[neoforge-20.6.117.jar%23192!/:?]
	at TRANSFORMER/minecraft@1.20.6/net.minecraft.client.gui.screens.Screen.wrapScreenError(Screen.java:478) ~[neoforge-20.6.117.jar%23192!/:?]
	at TRANSFORMER/minecraft@1.20.6/net.minecraft.client.MouseHandler.onPress(MouseHandler.java:90) ~[neoforge-20.6.117.jar%23192!/:?]
	at TRANSFORMER/minecraft@1.20.6/net.minecraft.client.MouseHandler.lambda$setup$4(MouseHandler.java:193) ~[neoforge-20.6.117.jar%23192!/:?]
	at TRANSFORMER/minecraft@1.20.6/net.minecraft.util.thread.BlockableEventLoop.execute(BlockableEventLoop.java:98) ~[neoforge-20.6.117.jar%23192!/:?]
	at TRANSFORMER/minecraft@1.20.6/net.minecraft.client.MouseHandler.lambda$setup$5(MouseHandler.java:193) ~[neoforge-20.6.117.jar%23192!/:?]
	at MC-BOOTSTRAP/org.lwjgl.glfw@3.3.3+5/org.lwjgl.glfw.GLFWMouseButtonCallbackI.callback(GLFWMouseButtonCallbackI.java:43) ~[lwjgl-glfw-3.3.3.jar%23173!/:build 5]
	at MC-BOOTSTRAP/org.lwjgl@3.3.3+5/org.lwjgl.system.JNI.invokeV(Native Method) ~[lwjgl-3.3.3.jar%23184!/:build 5]
	at MC-BOOTSTRAP/org.lwjgl.glfw@3.3.3+5/org.lwjgl.glfw.GLFW.glfwWaitEventsTimeout(GLFW.java:3509) ~[lwjgl-glfw-3.3.3.jar%23173!/:build 5]
	at TRANSFORMER/minecraft@1.20.6/com.mojang.blaze3d.systems.RenderSystem.limitDisplayFPS(RenderSystem.java:205) ~[neoforge-20.6.117.jar%23192!/:?]
	at TRANSFORMER/minecraft@1.20.6/net.minecraft.client.Minecraft.runTick(Minecraft.java:1282) ~[neoforge-20.6.117.jar%23192!/:?]
	at TRANSFORMER/minecraft@1.20.6/net.minecraft.client.Minecraft.run(Minecraft.java:815) ~[neoforge-20.6.117.jar%23192!/:?]
	at TRANSFORMER/minecraft@1.20.6/net.minecraft.client.main.Main.main(Main.java:244) ~[neoforge-20.6.117.jar%23192!/:?]
	at java.base/jdk.internal.reflect.DirectMethodHandleAccessor.invoke(DirectMethodHandleAccessor.java:103) ~[?:?]
	at java.base/java.lang.reflect.Method.invoke(Method.java:580) ~[?:?]
	at MC-BOOTSTRAP/fml_loader@3.0.45/net.neoforged.fml.loading.targets.CommonLaunchHandler.runTarget(CommonLaunchHandler.java:136) ~[loader-3.0.45.jar%23145!/:3.0]
	at MC-BOOTSTRAP/fml_loader@3.0.45/net.neoforged.fml.loading.targets.CommonLaunchHandler.clientService(CommonLaunchHandler.java:124) ~[loader-3.0.45.jar%23145!/:3.0]
	at MC-BOOTSTRAP/fml_loader@3.0.45/net.neoforged.fml.loading.targets.NeoForgeClientUserdevLaunchHandler.runService(NeoForgeClientUserdevLaunchHandler.java:23) ~[loader-3.0.45.jar%23145!/:3.0]
	at MC-BOOTSTRAP/fml_loader@3.0.45/net.neoforged.fml.loading.targets.CommonLaunchHandler.lambda$launchService$4(CommonLaunchHandler.java:118) ~[loader-3.0.45.jar%23145!/:3.0]
	at MC-BOOTSTRAP/cpw.mods.modlauncher@11.0.2/cpw.mods.modlauncher.LaunchServiceHandlerDecorator.launch(LaunchServiceHandlerDecorator.java:30) [modlauncher-11.0.2.jar%23126!/:?]
	at MC-BOOTSTRAP/cpw.mods.modlauncher@11.0.2/cpw.mods.modlauncher.LaunchServiceHandler.launch(LaunchServiceHandler.java:53) [modlauncher-11.0.2.jar%23126!/:?]
	at MC-BOOTSTRAP/cpw.mods.modlauncher@11.0.2/cpw.mods.modlauncher.LaunchServiceHandler.launch(LaunchServiceHandler.java:71) [modlauncher-11.0.2.jar%23126!/:?]
	at MC-BOOTSTRAP/cpw.mods.modlauncher@11.0.2/cpw.mods.modlauncher.Launcher.run(Launcher.java:103) [modlauncher-11.0.2.jar%23126!/:?]
	at MC-BOOTSTRAP/cpw.mods.modlauncher@11.0.2/cpw.mods.modlauncher.Launcher.main(Launcher.java:74) [modlauncher-11.0.2.jar%23126!/:?]
	at MC-BOOTSTRAP/cpw.mods.modlauncher@11.0.2/cpw.mods.modlauncher.BootstrapLaunchConsumer.accept(BootstrapLaunchConsumer.java:26) [modlauncher-11.0.2.jar%23126!/:?]
	at MC-BOOTSTRAP/cpw.mods.modlauncher@11.0.2/cpw.mods.modlauncher.BootstrapLaunchConsumer.accept(BootstrapLaunchConsumer.java:23) [modlauncher-11.0.2.jar%23126!/:?]
	at cpw.mods.bootstraplauncher@2.0.2/cpw.mods.bootstraplauncher.BootstrapLauncher.run(BootstrapLauncher.java:210) [bootstraplauncher-2.0.2.jar:?]
	at cpw.mods.bootstraplauncher@2.0.2/cpw.mods.bootstraplauncher.BootstrapLauncher.main(BootstrapLauncher.java:69) [bootstraplauncher-2.0.2.jar:?]
[27июл.2024 20:32:13.152] [Render thread/INFO] [net.minecraft.world.item.crafting.RecipeManager/]: Loaded 1606 recipes
[27июл.2024 20:32:13.342] [Render thread/INFO] [net.minecraft.advancements.AdvancementTree/]: Loaded 1344 advancements
[27июл.2024 20:32:13.348] [Render thread/INFO] [Curios API/]: Loaded 10 curio slots
[27июл.2024 20:32:13.351] [Render thread/INFO] [Curios API/]: Loaded 2 curio entities
[27июл.2024 20:32:14.178] [Render thread/INFO] [mezz.jei.neoforge.startup.StartEventObserver/]: JEI StartEventObserver received class net.neoforged.neoforge.event.TagsUpdatedEvent too early, ignoring
[27июл.2024 20:32:17.127] [Server thread/INFO] [net.minecraft.client.server.IntegratedServer/]: Starting integrated minecraft server version 1.20.6
[27июл.2024 20:32:17.127] [Server thread/INFO] [net.minecraft.server.MinecraftServer/]: Generating keypair
[27июл.2024 20:32:20.371] [Server thread/INFO] [net.minecraft.server.MinecraftServer/]: Preparing start region for dimension minecraft:overworld
[27июл.2024 20:32:20.462] [progressListener/INFO] [net.minecraft.server.level.progress.LoggerChunkProgressListener/]: Подготовка области возрождения: 2%
[27июл.2024 20:32:20.945] [progressListener/INFO] [net.minecraft.server.level.progress.LoggerChunkProgressListener/]: Подготовка области возрождения: 2%
[27июл.2024 20:32:21.378] [progressListener/INFO] [net.minecraft.server.level.progress.LoggerChunkProgressListener/]: Подготовка области возрождения: 8%
[27июл.2024 20:32:21.882] [progressListener/INFO] [net.minecraft.server.level.progress.LoggerChunkProgressListener/]: Подготовка области возрождения: 18%
[27июл.2024 20:32:22.406] [progressListener/INFO] [net.minecraft.server.level.progress.LoggerChunkProgressListener/]: Подготовка области возрождения: 26%
[27июл.2024 20:32:22.879] [progressListener/INFO] [net.minecraft.server.level.progress.LoggerChunkProgressListener/]: Подготовка области возрождения: 48%
[27июл.2024 20:32:23.387] [progressListener/INFO] [net.minecraft.server.level.progress.LoggerChunkProgressListener/]: Подготовка области возрождения: 57%
[27июл.2024 20:32:23.894] [progressListener/INFO] [net.minecraft.server.level.progress.LoggerChunkProgressListener/]: Подготовка области возрождения: 69%
[27июл.2024 20:32:24.291] [Server thread/INFO] [net.neoforged.neoforge.server.permission.PermissionAPI/]: Successfully initialized permission handler neoforge:default_handler
[27июл.2024 20:32:24.292] [Server thread/WARN] [net.neoforged.neoforge.common.TagConventionLogWarning/]: 
   Dev warning - Legacy Tags detected. Please migrate your 'forge' namespace tags to the 'c' namespace! See net.neoforged.neoforge.common.Tags.java for all tags.
   NOTE: Many tags have been moved around or renamed. Some new ones were added so please review the new tags.
    And make sure you follow tag conventions for new tags! The convention is `c` with nouns generally being plural and adjectives being singular.
   You can disable this message in NeoForge's common config by setting `logLegacyTagWarnings` to "SILENCED" or see individual tags with "DEV_VERBOSE".

[27июл.2024 20:32:24.299] [progressListener/INFO] [net.minecraft.server.level.progress.LoggerChunkProgressListener/]: Time elapsed: 3922 ms
[27июл.2024 20:32:24.312] [Server thread/INFO] [net.minecraft.client.server.IntegratedServer/]: Changing view distance to 5, from 10
[27июл.2024 20:32:24.313] [Server thread/INFO] [net.minecraft.client.server.IntegratedServer/]: Changing simulation distance to 12, from 0
[27июл.2024 20:32:24.727] [Render thread/INFO] [mezz.jei.neoforge.startup.StartEventObserver/]: JEI StartEventObserver received class net.neoforged.neoforge.event.TagsUpdatedEvent
[27июл.2024 20:32:24.863] [Server thread/INFO] [net.minecraft.server.players.PlayerList/]: Dev[local:E:94879313] logged in with entity id 17 at (103.5, 75.0, 15.5)
[27июл.2024 20:32:24.905] [Netty Server IO #1/ERROR] [net.minecraft.network.Connection/]: Exception caught in connection
io.netty.handler.codec.EncoderException: Failed to encode packet 'clientbound/minecraft:update_recipes'
	at TRANSFORMER/minecraft@1.20.6/net.minecraft.network.codec.IdDispatchCodec.encode(IdDispatchCodec.java:53) ~[neoforge-20.6.117.jar%23192!/:?]
	at TRANSFORMER/minecraft@1.20.6/net.minecraft.network.codec.IdDispatchCodec.encode(IdDispatchCodec.java:13) ~[neoforge-20.6.117.jar%23192!/:?]
	at TRANSFORMER/neoforge@20.6.117/net.neoforged.neoforge.network.filters.GenericPacketSplitter.encode(GenericPacketSplitter.java:104) ~[neoforge-20.6.117.jar%23193!/:?]
	at TRANSFORMER/neoforge@20.6.117/net.neoforged.neoforge.network.filters.GenericPacketSplitter.encode(GenericPacketSplitter.java:39) ~[neoforge-20.6.117.jar%23193!/:?]
	at MC-BOOTSTRAP/io.netty.codec@4.1.97.Final/io.netty.handler.codec.MessageToMessageEncoder.write(MessageToMessageEncoder.java:90) ~[netty-codec-4.1.97.Final.jar%23128!/:4.1.97.Final]
	at MC-BOOTSTRAP/io.netty.transport@4.1.97.Final/io.netty.channel.AbstractChannelHandlerContext.invokeWrite0(AbstractChannelHandlerContext.java:881) ~[netty-transport-4.1.97.Final.jar%23134!/:4.1.97.Final]
	at MC-BOOTSTRAP/io.netty.transport@4.1.97.Final/io.netty.channel.AbstractChannelHandlerContext.invokeWrite(AbstractChannelHandlerContext.java:863) ~[netty-transport-4.1.97.Final.jar%23134!/:4.1.97.Final]
	at MC-BOOTSTRAP/io.netty.transport@4.1.97.Final/io.netty.channel.AbstractChannelHandlerContext.write(AbstractChannelHandlerContext.java:968) ~[netty-transport-4.1.97.Final.jar%23134!/:4.1.97.Final]
	at MC-BOOTSTRAP/io.netty.transport@4.1.97.Final/io.netty.channel.AbstractChannelHandlerContext.write(AbstractChannelHandlerContext.java:856) ~[netty-transport-4.1.97.Final.jar%23134!/:4.1.97.Final]
	at MC-BOOTSTRAP/io.netty.codec@4.1.97.Final/io.netty.handler.codec.MessageToMessageEncoder.write(MessageToMessageEncoder.java:113) ~[netty-codec-4.1.97.Final.jar%23128!/:4.1.97.Final]
	at MC-BOOTSTRAP/io.netty.transport@4.1.97.Final/io.netty.channel.AbstractChannelHandlerContext.invokeWrite0(AbstractChannelHandlerContext.java:881) ~[netty-transport-4.1.97.Final.jar%23134!/:4.1.97.Final]
	at MC-BOOTSTRAP/io.netty.transport@4.1.97.Final/io.netty.channel.AbstractChannelHandlerContext.invokeWrite(AbstractChannelHandlerContext.java:863) ~[netty-transport-4.1.97.Final.jar%23134!/:4.1.97.Final]
	at MC-BOOTSTRAP/io.netty.transport@4.1.97.Final/io.netty.channel.AbstractChannelHandlerContext.write(AbstractChannelHandlerContext.java:968) ~[netty-transport-4.1.97.Final.jar%23134!/:4.1.97.Final]
	at MC-BOOTSTRAP/io.netty.transport@4.1.97.Final/io.netty.channel.AbstractChannelHandlerContext.write(AbstractChannelHandlerContext.java:856) ~[netty-transport-4.1.97.Final.jar%23134!/:4.1.97.Final]
	at MC-BOOTSTRAP/io.netty.transport@4.1.97.Final/io.netty.channel.ChannelOutboundHandlerAdapter.write(ChannelOutboundHandlerAdapter.java:113) ~[netty-transport-4.1.97.Final.jar%23134!/:4.1.97.Final]
	at TRANSFORMER/minecraft@1.20.6/net.minecraft.network.Connection$2.write(Connection.java:517) ~[neoforge-20.6.117.jar%23192!/:?]
	at MC-BOOTSTRAP/io.netty.transport@4.1.97.Final/io.netty.channel.AbstractChannelHandlerContext.invokeWrite0(AbstractChannelHandlerContext.java:881) ~[netty-transport-4.1.97.Final.jar%23134!/:4.1.97.Final]
	at MC-BOOTSTRAP/io.netty.transport@4.1.97.Final/io.netty.channel.AbstractChannelHandlerContext.invokeWriteAndFlush(AbstractChannelHandlerContext.java:940) ~[netty-transport-4.1.97.Final.jar%23134!/:4.1.97.Final]
	at MC-BOOTSTRAP/io.netty.transport@4.1.97.Final/io.netty.channel.AbstractChannelHandlerContext.write(AbstractChannelHandlerContext.java:966) ~[netty-transport-4.1.97.Final.jar%23134!/:4.1.97.Final]
	at MC-BOOTSTRAP/io.netty.transport@4.1.97.Final/io.netty.channel.AbstractChannelHandlerContext.writeAndFlush(AbstractChannelHandlerContext.java:934) ~[netty-transport-4.1.97.Final.jar%23134!/:4.1.97.Final]
	at MC-BOOTSTRAP/io.netty.transport@4.1.97.Final/io.netty.channel.AbstractChannelHandlerContext.writeAndFlush(AbstractChannelHandlerContext.java:984) ~[netty-transport-4.1.97.Final.jar%23134!/:4.1.97.Final]
	at MC-BOOTSTRAP/io.netty.transport@4.1.97.Final/io.netty.channel.DefaultChannelPipeline.writeAndFlush(DefaultChannelPipeline.java:1025) ~[netty-transport-4.1.97.Final.jar%23134!/:4.1.97.Final]
	at MC-BOOTSTRAP/io.netty.transport@4.1.97.Final/io.netty.channel.AbstractChannel.writeAndFlush(AbstractChannel.java:306) ~[netty-transport-4.1.97.Final.jar%23134!/:4.1.97.Final]
	at TRANSFORMER/minecraft@1.20.6/net.minecraft.network.Connection.doSendPacket(Connection.java:357) ~[neoforge-20.6.117.jar%23192!/:?]
	at TRANSFORMER/minecraft@1.20.6/net.minecraft.network.Connection.lambda$sendPacket$12(Connection.java:352) ~[neoforge-20.6.117.jar%23192!/:?]
	at MC-BOOTSTRAP/io.netty.common@4.1.97.Final/io.netty.util.concurrent.AbstractEventExecutor.runTask(AbstractEventExecutor.java:174) ~[netty-common-4.1.97.Final.jar%23129!/:4.1.97.Final]
	at MC-BOOTSTRAP/io.netty.common@4.1.97.Final/io.netty.util.concurrent.AbstractEventExecutor.safeExecute(AbstractEventExecutor.java:167) ~[netty-common-4.1.97.Final.jar%23129!/:4.1.97.Final]
	at MC-BOOTSTRAP/io.netty.common@4.1.97.Final/io.netty.util.concurrent.SingleThreadEventExecutor.runAllTasks(SingleThreadEventExecutor.java:470) ~[netty-common-4.1.97.Final.jar%23129!/:4.1.97.Final]
	at MC-BOOTSTRAP/io.netty.transport@4.1.97.Final/io.netty.channel.nio.NioEventLoop.run(NioEventLoop.java:569) ~[netty-transport-4.1.97.Final.jar%23134!/:4.1.97.Final]
	at MC-BOOTSTRAP/io.netty.common@4.1.97.Final/io.netty.util.concurrent.SingleThreadEventExecutor$4.run(SingleThreadEventExecutor.java:997) ~[netty-common-4.1.97.Final.jar%23129!/:4.1.97.Final]
	at MC-BOOTSTRAP/io.netty.common@4.1.97.Final/io.netty.util.internal.ThreadExecutorMap$2.run(ThreadExecutorMap.java:74) ~[netty-common-4.1.97.Final.jar%23129!/:4.1.97.Final]
	at java.base/java.lang.Thread.run(Thread.java:1583) [?:?]
Caused by: io.netty.handler.codec.EncoderException: Empty ItemStack not allowed
	at TRANSFORMER/minecraft@1.20.6/net.minecraft.world.item.ItemStack$2.encode(ItemStack.java:167) ~[neoforge-20.6.117.jar%23192!/:?]
	at TRANSFORMER/minecraft@1.20.6/net.minecraft.world.item.ItemStack$2.encode(ItemStack.java:155) ~[neoforge-20.6.117.jar%23192!/:?]
	at TRANSFORMER/minecraft@1.20.6/net.minecraft.network.codec.ByteBufCodecs$21.encode(ByteBufCodecs.java:374) ~[neoforge-20.6.117.jar%23192!/:?]
	at TRANSFORMER/minecraft@1.20.6/net.minecraft.network.codec.ByteBufCodecs$21.encode(ByteBufCodecs.java:358) ~[neoforge-20.6.117.jar%23192!/:?]
	at TRANSFORMER/minecraft@1.20.6/net.minecraft.world.item.crafting.Ingredient$1.encode(Ingredient.java:39) ~[neoforge-20.6.117.jar%23192!/:?]
	at TRANSFORMER/minecraft@1.20.6/net.minecraft.world.item.crafting.Ingredient$1.encode(Ingredient.java:32) ~[neoforge-20.6.117.jar%23192!/:?]
	at TRANSFORMER/truedarkness@2.3/exp.fluffynuar.truedarkness.jei_recipes.SamovarRecipeTypeRecipe$Serializer.toNetwork(SamovarRecipeTypeRecipe.java:106) ~[%23194!/:?]
	at TRANSFORMER/minecraft@1.20.6/net.minecraft.network.codec.StreamCodec$1.encode(StreamCodec.java:24) ~[neoforge-20.6.117.jar%23192!/:?]
	at TRANSFORMER/minecraft@1.20.6/net.minecraft.network.codec.StreamCodec$6.encode(StreamCodec.java:107) ~[neoforge-20.6.117.jar%23192!/:?]
	at TRANSFORMER/minecraft@1.20.6/net.minecraft.network.codec.StreamCodec$8.encode(StreamCodec.java:145) ~[neoforge-20.6.117.jar%23192!/:?]
	at TRANSFORMER/minecraft@1.20.6/net.minecraft.network.codec.ByteBufCodecs$21.encode(ByteBufCodecs.java:374) ~[neoforge-20.6.117.jar%23192!/:?]
	at TRANSFORMER/minecraft@1.20.6/net.minecraft.network.codec.ByteBufCodecs$21.encode(ByteBufCodecs.java:358) ~[neoforge-20.6.117.jar%23192!/:?]
	at TRANSFORMER/minecraft@1.20.6/net.minecraft.network.codec.StreamCodec$7.encode(StreamCodec.java:122) ~[neoforge-20.6.117.jar%23192!/:?]
	at TRANSFORMER/minecraft@1.20.6/net.minecraft.network.codec.StreamCodec$5.encode(StreamCodec.java:86) ~[neoforge-20.6.117.jar%23192!/:?]
	at TRANSFORMER/minecraft@1.20.6/net.minecraft.network.codec.StreamCodec$5.encode(StreamCodec.java:78) ~[neoforge-20.6.117.jar%23192!/:?]
	at TRANSFORMER/minecraft@1.20.6/net.minecraft.network.codec.IdDispatchCodec.encode(IdDispatchCodec.java:51) ~[neoforge-20.6.117.jar%23192!/:?]
	... 31 more
[27июл.2024 20:32:24.924] [Server thread/INFO] [net.minecraft.server.MinecraftServer/]: Dev присоединился к игре
[27июл.2024 20:32:24.960] [Server thread/INFO] [net.minecraft.server.network.ServerGamePacketListenerImpl/]: Dev lost connection: Internal Exception: io.netty.handler.codec.EncoderException: Failed to encode packet 'clientbound/minecraft:update_recipes'
[27июл.2024 20:32:24.960] [Server thread/INFO] [net.minecraft.server.MinecraftServer/]: Dev покинул игру
[27июл.2024 20:32:24.972] [Render thread/INFO] [mezz.jei.neoforge.startup.StartEventObserver/]: JEI StartEventObserver received class net.neoforged.neoforge.client.event.ClientPlayerNetworkEvent$LoggingOut
[27июл.2024 20:32:24.973] [Render thread/INFO] [mezz.jei.neoforge.startup.StartEventObserver/]: JEI StartEventObserver transitioning state from LISTENING to LISTENING
[27июл.2024 20:32:25.283] [Server thread/INFO] [net.minecraft.server.network.ServerCommonPacketListenerImpl/]: Stopping singleplayer server as player logged out
[27июл.2024 20:32:25.323] [Server thread/INFO] [net.minecraft.server.MinecraftServer/]: Stopping server
[27июл.2024 20:32:25.323] [Server thread/INFO] [net.minecraft.server.MinecraftServer/]: Saving players
[27июл.2024 20:32:25.323] [Server thread/INFO] [net.minecraft.server.MinecraftServer/]: Saving worlds
[27июл.2024 20:32:27.633] [Server thread/INFO] [net.minecraft.server.MinecraftServer/]: Saving chunks for level 'ServerLevel[Новый мир]'/minecraft:overworld
[27июл.2024 20:32:28.107] [Server thread/INFO] [net.minecraft.server.MinecraftServer/]: Saving chunks for level 'ServerLevel[Новый мир]'/truedarkness:yteria
[27июл.2024 20:32:28.177] [Server thread/INFO] [net.minecraft.server.MinecraftServer/]: Saving chunks for level 'ServerLevel[Новый мир]'/minecraft:the_nether
[27июл.2024 20:32:28.244] [Server thread/INFO] [net.minecraft.server.MinecraftServer/]: Saving chunks for level 'ServerLevel[Новый мир]'/minecraft:the_end
[27июл.2024 20:32:28.456] [Server thread/INFO] [net.minecraft.server.MinecraftServer/]: ThreadedAnvilChunkStorage (Новый мир): All chunks are saved
[27июл.2024 20:32:28.456] [Server thread/INFO] [net.minecraft.server.MinecraftServer/]: ThreadedAnvilChunkStorage (yteria): All chunks are saved
[27июл.2024 20:32:28.456] [Server thread/INFO] [net.minecraft.server.MinecraftServer/]: ThreadedAnvilChunkStorage (DIM-1): All chunks are saved
[27июл.2024 20:32:28.456] [Server thread/INFO] [net.minecraft.server.MinecraftServer/]: ThreadedAnvilChunkStorage (DIM1): All chunks are saved
[27июл.2024 20:32:28.456] [Server thread/INFO] [net.minecraft.server.MinecraftServer/]: ThreadedAnvilChunkStorage: All dimensions are saved
[27июл.2024 20:32:28.651] [Render thread/WARN] [net.minecraft.client.multiplayer.ClientCommonPacketListenerImpl/]: Client disconnected with reason: Internal Exception: io.netty.handler.codec.EncoderException: Failed to encode packet 'clientbound/minecraft:update_recipes'
[27июл.2024 20:33:25.488] [Render thread/INFO] [net.minecraft.client.Minecraft/]: Stopping!
